{
  "color_space": {
    "rgb": {
      "r": 104.4000,
      "g": 119.6000,
      "b": 107.8000
    },
    "hsv": {
      "h_lower": 48.6000,
      "h_upper": 134.6667,
      "s": 83.9333,
      "v": 88.0667
    },
    "lab": {
      "l": [55.6667, 216.6000],
      "a": 79.2000,
      "b": 82.6000
    }
  },
  "sor": {
    "meanK": 70,
    "StddevMultThresh": 1.9274
  },
  "counting": {
    "general" : {
        "voxel_res": 0.0065, 
        "seed_res": 0.0224
    },
    "lccp1": {
        "color": 0.2237,
        "space": 0.5399,
        "normal": 0.5327,
        "ct": 84.3670,
        "st": 0.3953
    },
    "lccp2": {
        "color": 0.2026,
        "space": 0.4832,
        "normal": 0.5761,
        "ct": 20.6979,
        "st": 0.5233
    },
    "global_weights": {
        "w_length": 0.5054,
        "w_cross": 0.4648,
        "w_volume": 0.4968
    },
    "ideals": {
        "length": [0.0072, 0.0221], 
        "cross": [0.6051, 1.4114],
        "volume": [0.000000123396561201, 0.000001077308466513],
        "k_iter": 4
    }
  }
}
