{
  "color_space": {
    "rgb": {
      "r": 125.6000,
      "g": 117.4000,
      "b": 126.1000
    },
    "hsv": {
      "h_lower": 16.8667,
      "h_upper": 171.1333,
      "s": 100.4667,
      "v": 100.7333
    },
    "lab": {
      "l": [54.4000, 207.3333],
      "a": 77.3333,
      "b": 81.2000
    }
  },
  "sor": {
    "meanK": 59,
    "StddevMultThresh": 1.9131
  },
  "counting": {
    "general" : {
        "voxel_res": 0.0061, 
        "seed_res": 0.0231
    },
    "lccp1": {
        "color": 0.2674,
        "space": 0.5000,
        "normal": 0.4733,
        "ct": 98.2082,
        "st": 0.4809
    },
    "lccp2": {
        "color": 0.2191,
        "space": 0.4254,
        "normal": 0.4138,
        "ct": 78.1389,
        "st": 0.5562
    },
    "global_weights": {
        "w_length": 0.5861,
        "w_cross": 0.4611,
        "w_volume": 0.5362
    },
    "ideals": {
        "length": [0.0072, 0.0221], 
        "cross": [0.6039, 1.4356],
        "volume": [0.000000129760069, 0.0000011989879086],
        "k_iter": 3
    }
  }
}
