{
  "color_space": {
    "rgb": {
      "r": 125.8667,
      "g": 117.4000,
      "b": 126.1000
    },
    "hsv": {
      "h_lower": 43.6667,
      "h_upper": 126.3333,
      "s": 96.4000,
      "v": 106.9333
    },
    "lab": {
      "l": [54.4000, 207.3333],
      "a": 77.3333,
      "b": 81.2000
    }
  },
  "sor": {
    "meanK": 61,
    "StddevMultThresh": 2.1915
  },
  "counting": {
    "general" : {
        "voxel_res": 0.0065, 
        "seed_res": 0.0195
    },
    "lccp1": {
        "color": 0.2051,
        "space": 0.4525,
        "normal": 0.5173,
        "ct": 72.2213,
        "st": 0.5065
    },
    "lccp2": {
        "color": 0.2051,
        "space": 0.4929,
        "normal": 0.4743,
        "ct": 80.8294,
        "st": 0.4945
    },
    "global_weights": {
        "w_length": 0.5004,
        "w_cross": 0.5859,
        "w_volume": 0.4913
    },
    "ideals": {
        "length": [0.0072, 0.0225], 
        "cross": [0.6044, 1.4151],
        "volume": [0.000000107865384946, 0.000001190614607378],
        "k_iter": 3
    }
  }
}
