{
  "color_space": {
    "rgb": {
      "r": 125.8667,
      "g": 117.4000,
      "b": 126.1000
    },
    "hsv": {
      "h_lower": 43.0667,
      "h_upper": 131.7333,
      "s": 93.4667,
      "v": 98.9667
    },
    "lab": {
      "l": [54.4000, 207.3333],
      "a": 77.3333,
      "b": 81.2000
    }
  },
  "sor": {
    "meanK": 61,
    "StddevMultThresh": 1.9578
  },
  "counting": {
    "general" : {
        "voxel_res": 0.0067, 
        "seed_res": 0.0220
    },
    "lccp1": {
        "color": 0.1670,
        "space": 0.4605,
        "normal": 0.5230,
        "ct": 80.2490,
        "st": 0.4705
    },
    "lccp2": {
        "color": 0.2037,
        "space": 0.5406,
        "normal": 0.5270,
        "ct": 87.2966,
        "st": 0.5340
    },
    "global_weights": {
        "w_length": 0.5118,
        "w_cross": 0.5846,
        "w_volume": 0.5895
    },
    "ideals": {
        "length": [0.0075, 0.0229], 
        "cross": [0.6015, 1.4007],
        "volume": [0.000000110622249158, 0.000001225925736083],
        "k_iter": 3
    }
  }
}
