{
  "color_space": {
    "rgb": {
      "r": 133.4667,
      "g": 116.5333,
      "b": 99.6667
    },
    "hsv": {
      "h_lower": 48.6000,
      "h_upper": 134.6667,
      "s": 83.9333,
      "v": 88.0667
    },
    "lab": {
      "l": [47.9333, 202.5333],
      "a": 140.4667,
      "b": 112.9333
    }
  },
  "sor": {
    "meanK": 54,
    "StddevMultThresh": 2.1013
  },
  "counting": {
    "general" : {
        "voxel_res": 0.0064, 
        "seed_res": 0.0212
    },
    "lccp1": {
        "color": 0.1829,
        "space": 0.4613,
        "normal": 0.5214,
        "ct": 68.1076,
        "st": 0.5172
    },
    "lccp2": {
        "color": 0.2454,
        "space": 0.4865,
        "normal": 0.5820,
        "ct": 58.4629,
        "st": 0.4139
    },
    "global_weights": {
        "w_length": 0.5682,
        "w_cross": 0.6659,
        "w_volume": 0.5202
    },
    "ideals": {
        "length": [0.0071, 0.0224], 
        "cross": [0.5908, 1.4140],
        "volume": [0.000000114641238102, 0.000001058485553489],
        "k_iter": 2
    }
  }
}
