{
  "color_space": {
    "rgb": {
      "r": 133.4667,
      "g": 116.5333,
      "b": 99.6667
    },
    "hsv": {
      "h_lower": 48.6000,
      "h_upper": 134.6667,
      "s": 83.9333,
      "v": 88.0667
    },
    "lab": {
      "l": [46.0000, 196.7333],
      "a": 139.0667,
      "b": 111.4667
    }
  },
  "sor": {
    "meanK": 54,
    "StddevMultThresh": 2.1141
  },
  "counting": {
    "general" : {
        "voxel_res": 0.0066, 
        "seed_res": 0.0245
    },
    "lccp1": {
        "color": 0.1421,
        "space": 0.4534,
        "normal": 0.5492,
        "ct": 30.2927,
        "st": 0.5519
    },
    "lccp2": {
        "color": 0.2474,
        "space": 0.4810,
        "normal": 0.5869,
        "ct": 20.4568,
        "st": 0.4299
    },
    "global_weights": {
        "w_length": 0.5301,
        "w_cross": 0.6325,
        "w_volume": 0.5311
    },
    "ideals": {
        "length": [0.0198, 0.0485], 
        "cross": [0.5855, 1.4222],
        "volume": [0.000000124414600153, 0.000001097593616691],
        "k_iter": 20
    }
  }
}
