{
  "color_space": {
    "rgb": {
      "r": 175,
      "g": 114,
      "b": 73
    },
    "hsv": {
      "h_lower": 32,
      "h_upper": 150,
      "s": 79,
      "v": 136
    },
    "lab": {
      "l": [
        49,
        190
      ],
      "a": 134,
      "b": 119
    }
  },
  "sor": {
    "meanK": 53,
    "StddevMultThresh": 2.15522444190339
  },
  "counting": {
    "general": {
      "voxel_res": 0.006971183274824412,
      "seed_res": 0.0270632032295022
    },
    "lccp1": {
      "color": 0.11280647078514967,
      "space": 0.4468258571432333,
      "normal": 0.5337198999973926,
      "ct": 61.931151557245855,
      "st": 0.5686353281156344
    },
    "lccp2": {
      "color": 0.26340171170053805,
      "space": 0.49251874985269556,
      "normal": 0.6062321479617052,
      "ct": 55.11340677523209,
      "st": 0.47452901740030934
    },
    "global_weights": {
      "w_length": 0.47201485660818343,
      "w_cross": 0.6785258462418653,
      "w_volume": 0.5280166247749202
    },
    "ideals": {
      "length": [
        0.02179240315490589,
        0.07845799731580944
      ],
      "cross": [
        0.5556744172650326,
        1.3547130566679295
      ],
      "volume": [
        1.0944699135359097e-07,
        1.0129453942425862e-06
      ],
      "k_iter": 3
    }
  }
}