{
  "color_space": {
    "rgb": {
      "r": 87,
      "g": 150,
      "b": 167
    },
    "hsv": {
      "h_lower": 40,
      "h_upper": 120,
      "s": 78,
      "v": 111
    },
    "lab": {
      "l": [
        78,
        209
      ],
      "a": 97,
      "b": 93
    }
  },
  "sor": {
    "meanK": 92,
    "StddevMultThresh": 2.2493586453271037
  },
  "counting": {
    "general": {
      "voxel_res": 0.006661133958064933,
      "seed_res": 0.03244282741598158
    },
    "lccp1": {
      "color": 0.04166645227451751,
      "space": 0.4138748208838321,
      "normal": 0.21733179948134004,
      "ct": 123.52759182152019,
      "st": 0.47411304133108745
    },
    "lccp2": {
      "color": 0.3209335286710965,
      "space": 0.25964363321983236,
      "normal": 0.6164773260778246,
      "ct": 158.19781536682802,
      "st": 0.776110987891026
    },
    "global_weights": {
      "w_length": 0.5130947242768612,
      "w_cross": 0.9460194478935336,
      "w_volume": 0.18020317309807882
    },
    "ideals": {
      "length": [
        0.005037240604724995,
        0.02261653676579005
      ],
      "cross": [
        0.7463860551778547,
        1.481278632950485
      ],
      "volume": [
        9.661544394985792e-08,
        9.058298314386234e-07
      ],
      "k_iter": 3
    }
  }
}