{
  "color_space": {
    "rgb": {
      "r": 155,
      "g": 177,
      "b": 84
    },
    "hsv": {
      "h_lower": 19,
      "h_upper": 179,
      "s": 82,
      "v": 106
    },
    "lab": {
      "l": [
        41,
        208
      ],
      "a": 140,
      "b": 110
    }
  },
  "sor": {
    "meanK": 81,
    "StddevMultThresh": 2.9142668004789587
  },
  "counting": {
    "general": {
      "voxel_res": 0.00785894166167371,
      "seed_res": 0.028042327848564967
    },
    "lccp1": {
      "color": 0.31701066203090567,
      "space": 0.697481948494042,
      "normal": 0.6434368983565619,
      "ct": 46.03441906918812,
      "st": 0.727654387534799
    },
    "lccp2": {
      "color": 0.34620753290422,
      "space": 0.2773820392345858,
      "normal": 0.22961196834625386,
      "ct": 11.040164707959246,
      "st": 0.5251220977521358
    },
    "global_weights": {
      "w_length": 0.2457972966189917,
      "w_cross": 0.5588711066784858,
      "w_volume": 0.43414431622440164
    },
    "ideals": {
      "length": [
        0.008150285239113365,
        0.02067601560294873
      ],
      "cross": [
        0.6112654743875737,
        1.4803776613847965
      ],
      "volume": [
        1.838236517534619e-07,
        1.186821496448688e-06
      ],
      "k_iter": 3
    }
  }
}