{
  "color_space": {
    "rgb": {
      "r": 145,
      "g": 92,
      "b": 67
    },
    "hsv": {
      "h_lower": 13,
      "h_upper": 174,
      "s": 80,
      "v": 99
    },
    "lab": {
      "l": [
        46,
        204
      ],
      "a": 133,
      "b": 118
    }
  },
  "sor": {
    "meanK": 71,
    "StddevMultThresh": 2.3640218595642573
  },
  "counting": {
    "general": {
      "voxel_res": 0.007805388232800593,
      "seed_res": 0.029937076479054338
    },
    "lccp1": {
      "color": 0.3678453295761519,
      "space": 0.7993211279891241,
      "normal": 0.6351148850588948,
      "ct": 116.55993826352858,
      "st": 0.6459044706570147
    },
    "lccp2": {
      "color": 0.22653336230140184,
      "space": 0.6014619567903875,
      "normal": 0.38318468160189356,
      "ct": 109.27478255174267,
      "st": 0.44329256723031196
    },
    "global_weights": {
      "w_length": 0.6035552266354798,
      "w_cross": 0.7718446715817701,
      "w_volume": 0.887951974957236
    },
    "ideals": {
      "length": [
        0.008435637949950536,
        0.02167184701539324
      ],
      "cross": [
        0.6658906537187397,
        1.4397952805268992
      ],
      "volume": [
        1.2261333243272153e-07,
        1.4713399727100744e-06
      ],
      "k_iter": 2
    }
  }
}