{
  "color_space": {
    "rgb": {
      "r": 182,
      "g": 63,
      "b": 90
    },
    "hsv": {
      "h_lower": 9,
      "h_upper": 165,
      "s": 141,
      "v": 134
    },
    "lab": {
      "l": [
        75,
        190
      ],
      "a": 23,
      "b": 35
    }
  },
  "sor": {
    "meanK": 51,
    "StddevMultThresh": 1.5798978701873472
  },
  "counting": {
    "general": {
      "voxel_res": 0.00540501403524116,
      "seed_res": 0.03481768458778817
    },
    "lccp1": {
      "color": 0.14845357796183398,
      "space": 0.5170655989845186,
      "normal": 0.6944594769058405,
      "ct": 61.899341293956134,
      "st": 0.0034432165428914807
    },
    "lccp2": {
      "color": 0.37242883795325255,
      "space": 0.22005340370872495,
      "normal": 0.4057375874985476,
      "ct": 105.16406424164687,
      "st": 0.015201156481852385
    },
    "global_weights": {
      "w_length": 0.4527170603102122,
      "w_cross": 0.8009871851388605,
      "w_volume": 0.5933409203444593
    },
    "ideals": {
      "length": [
        0.006953169683300923,
        0.022910979517821433
      ],
      "cross": [
        0.48894878500967054,
        1.2016709718308984
      ],
      "volume": [
        9.736206191002687e-08,
        1.0007697323383288e-06
      ],
      "k_iter": 2
    }
  }
}