{
  "color_space": {
    "rgb": {
      "r": 120,
      "g": 124,
      "b": 131
    },
    "hsv": {
      "h_lower": 80,
      "h_upper": 100,
      "s": 64,
      "v": 134
    },
    "lab": {
      "l": [
        72,
        211
      ],
      "a": 151,
      "b": 121
    }
  },
  "sor": {
    "meanK": 58,
    "StddevMultThresh": 2.3985246213054086
  },
  "counting": {
    "general": {
      "voxel_res": 0.006537486091121754,
      "seed_res": 0.013601857378355151
    },
    "lccp1": {
      "color": 0.2291933611648383,
      "space": 0.5003224692096588,
      "normal": 0.6352159932317043,
      "ct": 136.4169068736926,
      "st": 0.32370820738144546
    },
    "lccp2": {
      "color": 0.0334130991062001,
      "space": 0.37595906540231405,
      "normal": 0.6754247652331269,
      "ct": 89.18268666108865,
      "st": 0.7540394438164713
    },
    "global_weights": {
      "w_length": 0.8633215789222003,
      "w_cross": 0.4314994977762001,
      "w_volume": 0.8850106406590863
    },
    "ideals": {
      "length": [
        0.009471388993171823,
        0.02376848475742215
      ],
      "cross": [
        0.5605752583182774,
        1.2232277405301955
      ],
      "volume": [
        4.551261678309672e-08,
        9.704169240941128e-07
      ],
      "k_iter": 3
    }
  }
}