{
  "color_space": {
    "rgb": {
      "r": 159,
      "g": 79,
      "b": 93
    },
    "hsv": {
      "h_lower": 51,
      "h_upper": 115,
      "s": 126,
      "v": 118
    },
    "lab": {
      "l": [
        68,
        190
      ],
      "a": 6,
      "b": 147
    }
  },
  "sor": {
    "meanK": 59,
    "StddevMultThresh": 1.2736563273695578
  },
  "counting": {
    "general": {
      "voxel_res": 0.005555427385490443,
      "seed_res": 0.03956878405548931
    },
    "lccp1": {
      "color": 0.14377090068254547,
      "space": 0.7561908534953832,
      "normal": 0.265763514146277,
      "ct": 49.23014321054058,
      "st": 0.19313572777704868
    },
    "lccp2": {
      "color": 0.039980680949224114,
      "space": 0.7960542318144979,
      "normal": 0.7462311887237758,
      "ct": 163.03382005831497,
      "st": 0.5220879945805991
    },
    "global_weights": {
      "w_length": 0.4733916336320516,
      "w_cross": 0.9087738121483683,
      "w_volume": 0.3207752406848222
    },
    "ideals": {
      "length": [
        0.007183754493759405,
        0.021312231832134175
      ],
      "cross": [
        0.6090487243735021,
        1.3042841667185574
      ],
      "volume": [
        6.224485339286127e-08,
        1.0325243303344012e-06
      ],
      "k_iter": 3
    }
  }
}