{
  "color_space": {
    "rgb": {
      "r": 170,
      "g": 183,
      "b": 165
    },
    "hsv": {
      "h_lower": 10,
      "h_upper": 175,
      "s": 96,
      "v": 110
    },
    "lab": {
      "l": [
        42,
        192
      ],
      "a": 131,
      "b": 112
    }
  },
  "sor": {
    "meanK": 35,
    "StddevMultThresh": 2.6484197260473428
  },
  "counting": {
    "general": {
      "voxel_res": 0.006646458344564092,
      "seed_res": 0.03532295957154208
    },
    "lccp1": {
      "color": 0.3228556578076155,
      "space": 0.2779526325116643,
      "normal": 0.4114449997528698,
      "ct": 110.35900839674797,
      "st": 0.39820526677270196
    },
    "lccp2": {
      "color": 0.26341820923367787,
      "space": 0.48331360376495336,
      "normal": 0.7473460479738043,
      "ct": 149.05358156580635,
      "st": 0.40444475448019523
    },
    "global_weights": {
      "w_length": 0.8484325895964665,
      "w_cross": 0.8244146226501945,
      "w_volume": 0.379631231647645
    },
    "ideals": {
      "length": [
        0.007307818163872758,
        0.021146729244505447
      ],
      "cross": [
        0.45740723285583007,
        1.310930799008468
      ],
      "volume": [
        1.0501950778880188e-07,
        1.5950595928303914e-06
      ],
      "k_iter": 2
    }
  }
}