{
  "color_space": {
    "rgb": {
      "r": 123,
      "g": 116,
      "b": 181
    },
    "hsv": {
      "h_lower": 69,
      "h_upper": 141,
      "s": 96,
      "v": 72
    },
    "lab": {
      "l": [
        22,
        224
      ],
      "a": 97,
      "b": 14
    }
  },
  "sor": {
    "meanK": 39,
    "StddevMultThresh": 1.0888862307266325
  },
  "counting": {
    "general": {
      "voxel_res": 0.005921560956901097,
      "seed_res": 0.030558145284695644
    },
    "lccp1": {
      "color": 0.10726235806252507,
      "space": 0.3662791659560303,
      "normal": 0.7571524903319136,
      "ct": 77.794780127168,
      "st": 0.7910947030868513
    },
    "lccp2": {
      "color": 0.3684895180698284,
      "space": 0.43971286256660197,
      "normal": 0.6979044104106586,
      "ct": 106.37366594588762,
      "st": 0.5638473542651162
    },
    "global_weights": {
      "w_length": 0.5101271637923178,
      "w_cross": 0.3863867442242438,
      "w_volume": 0.1260109590948286
    },
    "ideals": {
      "length": [
        0.00745921206640538,
        0.021846494385527788
      ],
      "cross": [
        0.460663562028941,
        1.4465402022673763
      ],
      "volume": [
        1.6568295133061331e-07,
        7.382294968330199e-07
      ],
      "k_iter": 4
    }
  }
}