{
  "color_space": {
    "rgb": {
      "r": 167,
      "g": 64,
      "b": 179
    },
    "hsv": {
      "h_lower": 0,
      "h_upper": 175,
      "s": 85,
      "v": 96
    },
    "lab": {
      "l": [
        44,
        198
      ],
      "a": 112,
      "b": 110
    }
  },
  "sor": {
    "meanK": 87,
    "StddevMultThresh": 2.622131908576979
  },
  "counting": {
    "general": {
      "voxel_res": 0.005101003806059287,
      "seed_res": 0.01419161288427559
    },
    "lccp1": {
      "color": 0.061302530079449996,
      "space": 0.3588880707977391,
      "normal": 0.3232335786247568,
      "ct": 130.07828430399792,
      "st": 0.9752780277406907
    },
    "lccp2": {
      "color": 0.1189804526969533,
      "space": 0.5841226363537224,
      "normal": 0.2976788513396466,
      "ct": 31.58943322067783,
      "st": 0.26428897299966936
    },
    "global_weights": {
      "w_length": 0.3979031125708915,
      "w_cross": 0.26353197477915835,
      "w_volume": 0.7420796465391164
    },
    "ideals": {
      "length": [
        0.005831424191723954,
        0.021803407397617266
      ],
      "cross": [
        0.7184899223295116,
        1.3068117740668848
      ],
      "volume": [
        8.014306192425576e-08,
        1.184045785787559e-06
      ],
      "k_iter": 1
    }
  }
}