{
  "color_space": {
    "rgb": {
      "r": 109,
      "g": 80,
      "b": 177
    },
    "hsv": {
      "h_lower": 24,
      "h_upper": 169,
      "s": 94,
      "v": 99
    },
    "lab": {
      "l": [
        54,
        207
      ],
      "a": 117,
      "b": 100
    }
  },
  "sor": {
    "meanK": 93,
    "StddevMultThresh": 1.4741580845538313
  },
  "counting": {
    "general": {
      "voxel_res": 0.005827427568400175,
      "seed_res": 0.030020775514067857
    },
    "lccp1": {
      "color": 0.17387044460131593,
      "space": 0.3475555634595705,
      "normal": 0.2675559445598423,
      "ct": 53.3512442736408,
      "st": 0.2399460301994898
    },
    "lccp2": {
      "color": 0.2602689475248017,
      "space": 0.3338805102160654,
      "normal": 0.680254220151471,
      "ct": 133.44222630604352,
      "st": 0.6467897230629408
    },
    "global_weights": {
      "w_length": 0.7144469688109568,
      "w_cross": 0.3019025576847628,
      "w_volume": 0.6473482168472932
    },
    "ideals": {
      "length": [
        0.0073688517109717555,
        0.024579132769816638
      ],
      "cross": [
        0.7513904554106786,
        1.2874395830988183
      ],
      "volume": [
        1.056325466806878e-07,
        1.5038920623964734e-06
      ],
      "k_iter": 1
    }
  }
}