{
  "color_space": {
    "rgb": {
      "r": 185,
      "g": 60,
      "b": 144
    },
    "hsv": {
      "h_lower": 44,
      "h_upper": 152,
      "s": 83,
      "v": 75
    },
    "lab": {
      "l": [
        46,
        171
      ],
      "a": 25,
      "b": 87
    }
  },
  "sor": {
    "meanK": 38,
    "StddevMultThresh": 1.0491194100689634
  },
  "counting": {
    "general": {
      "voxel_res": 0.0050479034942284284,
      "seed_res": 0.016043359715344898
    },
    "lccp1": {
      "color": 0.1789944851451214,
      "space": 0.4259227339103926,
      "normal": 0.6126530520958825,
      "ct": 18.632307471469876,
      "st": 0.6409073732902079
    },
    "lccp2": {
      "color": 0.15280274677179798,
      "space": 0.49483612351956513,
      "normal": 0.6420053760845149,
      "ct": 169.45058323132207,
      "st": 0.7854018882159796
    },
    "global_weights": {
      "w_length": 0.6025085110784056,
      "w_cross": 0.887611943058929,
      "w_volume": 0.4479017716757221
    },
    "ideals": {
      "length": [
        0.008484000404748523,
        0.023926765526037723
      ],
      "cross": [
        0.41207465672127025,
        1.2679969489021456
      ],
      "volume": [
        1.86086677712982e-07,
        1.496075436484614e-06
      ],
      "k_iter": 4
    }
  }
}