{
  "color_space": {
    "rgb": {
      "r": 60,
      "g": 74,
      "b": 125
    },
    "hsv": {
      "h_lower": 17,
      "h_upper": 173,
      "s": 98,
      "v": 108
    },
    "lab": {
      "l": [
        46,
        205
      ],
      "a": 103,
      "b": 104
    }
  },
  "sor": {
    "meanK": 35,
    "StddevMultThresh": 1.2452951090094102
  },
  "counting": {
    "general": {
      "voxel_res": 0.006251273345322904,
      "seed_res": 0.023312481669298928
    },
    "lccp1": {
      "color": 0.3187557616406341,
      "space": 0.5480208000437135,
      "normal": 0.741881119238021,
      "ct": 76.41129383746616,
      "st": 0.3676463396368609
    },
    "lccp2": {
      "color": 0.1152973449906265,
      "space": 0.7405575027565479,
      "normal": 0.43196499416330136,
      "ct": 56.60304456693261,
      "st": 0.39752157682118394
    },
    "global_weights": {
      "w_length": 0.47766349082788084,
      "w_cross": 0.8897702815209783,
      "w_volume": 0.770783109476737
    },
    "ideals": {
      "length": [
        0.006146743111128889,
        0.022113178692122384
      ],
      "cross": [
        0.5799301725193915,
        1.596160302951281
      ],
      "volume": [
        2.2141883446868889e-07,
        7.791305215800479e-07
      ],
      "k_iter": 4
    }
  }
}