{
  "color_space": {
    "rgb": {
      "r": 199,
      "g": 135,
      "b": 152
    },
    "hsv": {
      "h_lower": 21,
      "h_upper": 170,
      "s": 87,
      "v": 93
    },
    "lab": {
      "l": [
        41,
        201
      ],
      "a": 143,
      "b": 106
    }
  },
  "sor": {
    "meanK": 77,
    "StddevMultThresh": 2.1234512445503446
  },
  "counting": {
    "general": {
      "voxel_res": 0.005092599857815513,
      "seed_res": 0.03182882085186822
    },
    "lccp1": {
      "color": 0.32401066055102834,
      "space": 0.6731894247814261,
      "normal": 0.275568929715513,
      "ct": 141.2004697319736,
      "st": 0.19217369549953933
    },
    "lccp2": {
      "color": 0.27086820079692936,
      "space": 0.6389576588890031,
      "normal": 0.276319486821557,
      "ct": 50.096703022229576,
      "st": 0.37171823328012366
    },
    "global_weights": {
      "w_length": 0.24947177301734275,
      "w_cross": 0.12488743227327555,
      "w_volume": 0.13087350445950868
    },
    "ideals": {
      "length": [
        0.008136213285695325,
        0.021600551655806818
      ],
      "cross": [
        0.6433109589596264,
        1.47576370015152
      ],
      "volume": [
        1.3823369721267412e-07,
        1.1854184393403116e-06
      ],
      "k_iter": 3
    }
  }
}