{
  "color_space": {
    "rgb": {
      "r": 131,
      "g": 163,
      "b": 140
    },
    "hsv": {
      "h_lower": 40,
      "h_upper": 165,
      "s": 53,
      "v": 129
    },
    "lab": {
      "l": [
        79,
        209
      ],
      "a": 54,
      "b": 1
    }
  },
  "sor": {
    "meanK": 88,
    "StddevMultThresh": 2.623680793037288
  },
  "counting": {
    "general": {
      "voxel_res": 0.0075252550734638815,
      "seed_res": 0.0102067095011236
    },
    "lccp1": {
      "color": 0.1912962123889099,
      "space": 0.3603801628170013,
      "normal": 0.5621073206012963,
      "ct": 161.8334007604272,
      "st": 0.6769698691506791
    },
    "lccp2": {
      "color": 0.08139204979847606,
      "space": 0.6015850678620793,
      "normal": 0.2161598797028368,
      "ct": 104.06554530277464,
      "st": 0.013146012451039857
    },
    "global_weights": {
      "w_length": 0.302584221466206,
      "w_cross": 0.4400269504773239,
      "w_volume": 0.625581431481335
    },
    "ideals": {
      "length": [
        0.007616061766257672,
        0.02004645147680909
      ],
      "cross": [
        0.7260348979970829,
        1.2369091095983222
      ],
      "volume": [
        1.83373927146149e-07,
        1.070591108726217e-06
      ],
      "k_iter": 2
    }
  }
}