{
  "color_space": {
    "rgb": {
      "r": 98,
      "g": 155,
      "b": 152
    },
    "hsv": {
      "h_lower": 51,
      "h_upper": 112,
      "s": 137,
      "v": 78
    },
    "lab": {
      "l": [
        41,
        203
      ],
      "a": 144,
      "b": 120
    }
  },
  "sor": {
    "meanK": 54,
    "StddevMultThresh": 1.9602529783638762
  },
  "counting": {
    "general": {
      "voxel_res": 0.006279173938672667,
      "seed_res": 0.021780142558867174
    },
    "lccp1": {
      "color": 0.1372619621970138,
      "space": 0.4291635152824818,
      "normal": 0.5463325858161979,
      "ct": 61.378207587532906,
      "st": 0.4774565839313312
    },
    "lccp2": {
      "color": 0.2936658948378782,
      "space": 0.43632710261508995,
      "normal": 0.6362047246437291,
      "ct": 57.69186482539049,
      "st": 0.4467742237371969
    },
    "global_weights": {
      "w_length": 0.5650589885654036,
      "w_cross": 0.7374520128553986,
      "w_volume": 0.47729185405904495
    },
    "ideals": {
      "length": [
        0.024607532681114326,
        0.039468763673960926
      ],
      "cross": [
        0.550596027450092,
        1.4953224999548993
      ],
      "volume": [
        1.4925941903389816e-07,
        1.031872138963118e-06
      ],
      "k_iter": 2
    }
  }
}