{
  "color_space": {
    "rgb": {
      "r": 199,
      "g": 73,
      "b": 86
    },
    "hsv": {
      "h_lower": 12,
      "h_upper": 168,
      "s": 107,
      "v": 83
    },
    "lab": {
      "l": [
        23,
        197
      ],
      "a": 119,
      "b": 42
    }
  },
  "sor": {
    "meanK": 44,
    "StddevMultThresh": 1.1078061200716556
  },
  "counting": {
    "general": {
      "voxel_res": 0.005866350153380992,
      "seed_res": 0.024670117926284055
    },
    "lccp1": {
      "color": 0.14293623605728226,
      "space": 0.31482382185131913,
      "normal": 0.6989056786153376,
      "ct": 158.3600099958924,
      "st": 0.23401341066923864
    },
    "lccp2": {
      "color": 0.12308825795692586,
      "space": 0.7927659949160155,
      "normal": 0.6466480700629793,
      "ct": 41.02898487885531,
      "st": 0.7687045609964175
    },
    "global_weights": {
      "w_length": 0.5648761521325536,
      "w_cross": 0.6458091738941977,
      "w_volume": 0.43132510431172943
    },
    "ideals": {
      "length": [
        0.008284758898578593,
        0.023666244330115244
      ],
      "cross": [
        0.5364703968647384,
        1.4427318027057547
      ],
      "volume": [
        1.775619392628676e-07,
        1.3415068345760184e-06
      ],
      "k_iter": 3
    }
  }
}