{
  "color_space": {
    "rgb": {
      "r": 162,
      "g": 171,
      "b": 117
    },
    "hsv": {
      "h_lower": 20,
      "h_upper": 171,
      "s": 88,
      "v": 90
    },
    "lab": {
      "l": [
        46,
        205
      ],
      "a": 117,
      "b": 101
    }
  },
  "sor": {
    "meanK": 40,
    "StddevMultThresh": 1.7472784534193313
  },
  "counting": {
    "general": {
      "voxel_res": 0.00557461365545321,
      "seed_res": 0.013793292436338759
    },
    "lccp1": {
      "color": 0.3624568377745162,
      "space": 0.21561496625673274,
      "normal": 0.7123491574895424,
      "ct": 68.4493985954555,
      "st": 0.4508212161531616
    },
    "lccp2": {
      "color": 0.25687686123234726,
      "space": 0.4043298625548024,
      "normal": 0.20620159056473197,
      "ct": 115.69568018223686,
      "st": 0.6934595757413466
    },
    "global_weights": {
      "w_length": 0.5643957214543006,
      "w_cross": 0.8930766977605739,
      "w_volume": 0.8436601790543498
    },
    "ideals": {
      "length": [
        0.007409877695820024,
        0.022418991982485304
      ],
      "cross": [
        0.7955867185170853,
        1.581382629422769
      ],
      "volume": [
        2.1206254821587539e-07,
        1.1716655666530323e-06
      ],
      "k_iter": 2
    }
  }
}