{
  "color_space": {
    "rgb": {
      "r": 125,
      "g": 84,
      "b": 145
    },
    "hsv": {
      "h_lower": 24,
      "h_upper": 116,
      "s": 122,
      "v": 109
    },
    "lab": {
      "l": [
        36,
        153
      ],
      "a": 29,
      "b": 138
    }
  },
  "sor": {
    "meanK": 93,
    "StddevMultThresh": 1.2326433554408562
  },
  "counting": {
    "general": {
      "voxel_res": 0.0067480582844202976,
      "seed_res": 0.026275957592869187
    },
    "lccp1": {
      "color": 0.05710182904577987,
      "space": 0.32881071814466434,
      "normal": 0.36869652267203445,
      "ct": 86.15525123863404,
      "st": 0.044171911344767834
    },
    "lccp2": {
      "color": 0.03800868188019853,
      "space": 0.22805450220021076,
      "normal": 0.37895496548919133,
      "ct": 123.70665536584376,
      "st": 0.9952035532850031
    },
    "global_weights": {
      "w_length": 0.6329175094933822,
      "w_cross": 0.46638211945508434,
      "w_volume": 0.9838662900552712
    },
    "ideals": {
      "length": [
        0.008002774293317907,
        0.021438694534351634
      ],
      "cross": [
        0.4104187247326487,
        1.227393565604428
      ],
      "volume": [
        1.3679764800014114e-07,
        1.5503036282289454e-06
      ],
      "k_iter": 3
    }
  }
}