{
  "color_space": {
    "rgb": {
      "r": 185,
      "g": 111,
      "b": 68
    },
    "hsv": {
      "h_lower": 52,
      "h_upper": 166,
      "s": 140,
      "v": 118
    },
    "lab": {
      "l": [
        72,
        158
      ],
      "a": 170,
      "b": 151
    }
  },
  "sor": {
    "meanK": 41,
    "StddevMultThresh": 1.9559940430600231
  },
  "counting": {
    "general": {
      "voxel_res": 0.006965260713236123,
      "seed_res": 0.033607519055916614
    },
    "lccp1": {
      "color": 0.08695904989354873,
      "space": 0.4167079357119681,
      "normal": 0.400124314498982,
      "ct": 33.91585464146027,
      "st": 0.6363965653115173
    },
    "lccp2": {
      "color": 0.2643616605656319,
      "space": 0.5845500992416378,
      "normal": 0.43173079712691825,
      "ct": 79.22038706079283,
      "st": 0.9857049341027315
    },
    "global_weights": {
      "w_length": 0.4502685493005196,
      "w_cross": 0.3812800925950688,
      "w_volume": 0.4165060445273363
    },
    "ideals": {
      "length": [
        0.006077186369204027,
        0.0228696726728435
      ],
      "cross": [
        0.4836438379934647,
        1.4865381775117124
      ],
      "volume": [
        2.7347959830213554e-08,
        7.535980546226987e-07
      ],
      "k_iter": 3
    }
  }
}