{
  "color_space": {
    "rgb": {
      "r": 155,
      "g": 165,
      "b": 70
    },
    "hsv": {
      "h_lower": 4,
      "h_upper": 169,
      "s": 99,
      "v": 109
    },
    "lab": {
      "l": [
        50,
        198
      ],
      "a": 129,
      "b": 105
    }
  },
  "sor": {
    "meanK": 52,
    "StddevMultThresh": 2.307889227110074
  },
  "counting": {
    "general": {
      "voxel_res": 0.0053430605828087875,
      "seed_res": 0.02054717554462933
    },
    "lccp1": {
      "color": 0.15372237302032904,
      "space": 0.49234391075009204,
      "normal": 0.5319174007462109,
      "ct": 72.65572984680213,
      "st": 0.5963305302021317
    },
    "lccp2": {
      "color": 0.24615470868565814,
      "space": 0.29517800172819864,
      "normal": 0.5299072484710995,
      "ct": 41.89297289330925,
      "st": 0.5349985747072686
    },
    "global_weights": {
      "w_length": 0.6645154629774233,
      "w_cross": 0.9564055201075419,
      "w_volume": 0.9127958743515219
    },
    "ideals": {
      "length": [
        0.008283333872360608,
        0.022988754201836718
      ],
      "cross": [
        0.4994901922052152,
        1.5630479932653947
      ],
      "volume": [
        2.4857016905107094e-07,
        7.639622164280917e-07
      ],
      "k_iter": 3
    }
  }
}