{
  "color_space": {
    "rgb": {
      "r": 148,
      "g": 91,
      "b": 71
    },
    "hsv": {
      "h_lower": 17,
      "h_upper": 133,
      "s": 98,
      "v": 95
    },
    "lab": {
      "l": [
        64,
        191
      ],
      "a": 150,
      "b": 36
    }
  },
  "sor": {
    "meanK": 86,
    "StddevMultThresh": 1.9046276065440397
  },
  "counting": {
    "general": {
      "voxel_res": 0.005309929034561346,
      "seed_res": 0.01507744518693514
    },
    "lccp1": {
      "color": 0.3235873252643077,
      "space": 0.6037741625906146,
      "normal": 0.7616006322692874,
      "ct": 41.71501152217129,
      "st": 0.7079343750299137
    },
    "lccp2": {
      "color": 0.09196210172834514,
      "space": 0.3319776964496113,
      "normal": 0.6048307619505328,
      "ct": 141.18246379782718,
      "st": 0.33415480256818
    },
    "global_weights": {
      "w_length": 0.8679228265845811,
      "w_cross": 0.7107119554253262,
      "w_volume": 0.9486709568170603
    },
    "ideals": {
      "length": [
        0.007733234221463702,
        0.021109938622276087
      ],
      "cross": [
        0.7687292788612915,
        1.5700986218731123
      ],
      "volume": [
        1.8128381232412232e-07,
        1.5359517734201119e-06
      ],
      "k_iter": 2
    }
  }
}