{
  "color_space": {
    "rgb": {
      "r": 176,
      "g": 148,
      "b": 101
    },
    "hsv": {
      "h_lower": 80,
      "h_upper": 151,
      "s": 145,
      "v": 65
    },
    "lab": {
      "l": [
        13,
        220
      ],
      "a": 157,
      "b": 33
    }
  },
  "sor": {
    "meanK": 93,
    "StddevMultThresh": 1.5244065004676213
  },
  "counting": {
    "general": {
      "voxel_res": 0.007204063543952144,
      "seed_res": 0.025308820272728842
    },
    "lccp1": {
      "color": 0.37820698962404786,
      "space": 0.5893017428925863,
      "normal": 0.3810647873361721,
      "ct": 96.0468584413853,
      "st": 0.4292755561350199
    },
    "lccp2": {
      "color": 0.021388686759512245,
      "space": 0.331634987887778,
      "normal": 0.34832475115209727,
      "ct": 43.23636720966441,
      "st": 0.47985656357365314
    },
    "global_weights": {
      "w_length": 0.5124013113685335,
      "w_cross": 0.37882272446500953,
      "w_volume": 0.382270459989156
    },
    "ideals": {
      "length": [
        0.007394707031494509,
        0.022694247176009034
      ],
      "cross": [
        0.7234317377606388,
        1.5774511953573778
      ],
      "volume": [
        5.663523713427034e-08,
        1.5017291005588017e-06
      ],
      "k_iter": 1
    }
  }
}