{
  "color_space": {
    "rgb": {
      "r": 77,
      "g": 65,
      "b": 175
    },
    "hsv": {
      "h_lower": 20,
      "h_upper": 156,
      "s": 129,
      "v": 130
    },
    "lab": {
      "l": [
        55,
        209
      ],
      "a": 102,
      "b": 117
    }
  },
  "sor": {
    "meanK": 60,
    "StddevMultThresh": 2.100534918938072
  },
  "counting": {
    "general": {
      "voxel_res": 0.006318874558554348,
      "seed_res": 0.02082416912756628
    },
    "lccp1": {
      "color": 0.18787476506043804,
      "space": 0.43531225571216137,
      "normal": 0.5189221196832625,
      "ct": 67.2003366087708,
      "st": 0.41076808214910293
    },
    "lccp2": {
      "color": 0.22177914240273153,
      "space": 0.40775394604112297,
      "normal": 0.5361091068995982,
      "ct": 63.011205949392156,
      "st": 0.3593250352330915
    },
    "global_weights": {
      "w_length": 0.46370840453284506,
      "w_cross": 0.6177168980433697,
      "w_volume": 0.5834521193745709
    },
    "ideals": {
      "length": [
        0.022098438388474497,
        0.07029006047300324
      ],
      "cross": [
        0.6263335865283838,
        1.3390543063743015
      ],
      "volume": [
        1.3009949958957444e-07,
        1.1477904461559025e-06
      ],
      "k_iter": 2
    }
  }
}