{
  "color_space": {
    "rgb": {
      "r": 122,
      "g": 103,
      "b": 96
    },
    "hsv": {
      "h_lower": 60,
      "h_upper": 100,
      "s": 123,
      "v": 130
    },
    "lab": {
      "l": [
        62,
        254
      ],
      "a": 63,
      "b": 12
    }
  },
  "sor": {
    "meanK": 65,
    "StddevMultThresh": 1.3367436299344013
  },
  "counting": {
    "general": {
      "voxel_res": 0.006154529356140346,
      "seed_res": 0.03857158418474782
    },
    "lccp1": {
      "color": 0.287567181103502,
      "space": 0.3459163900592028,
      "normal": 0.26330918287387434,
      "ct": 92.43637188804877,
      "st": 0.9247794651298139
    },
    "lccp2": {
      "color": 0.11551049922764248,
      "space": 0.6008642497995026,
      "normal": 0.3896951235202921,
      "ct": 73.14053085020454,
      "st": 0.5759416063348753
    },
    "global_weights": {
      "w_length": 0.8968593990811098,
      "w_cross": 0.272716469365753,
      "w_volume": 0.49377947880712847
    },
    "ideals": {
      "length": [
        0.007971853473478674,
        0.023764422640890088
      ],
      "cross": [
        0.6426414531142652,
        1.4586130603801415
      ],
      "volume": [
        1.9211879695270116e-07,
        8.35090388352117e-07
      ],
      "k_iter": 1
    }
  }
}