{
  "color_space": {
    "rgb": {
      "r": 136,
      "g": 99,
      "b": 135
    },
    "hsv": {
      "h_lower": 39,
      "h_upper": 163,
      "s": 94,
      "v": 73
    },
    "lab": {
      "l": [
        53,
        193
      ],
      "a": 115,
      "b": 108
    }
  },
  "sor": {
    "meanK": 56,
    "StddevMultThresh": 2.0492505178673937
  },
  "counting": {
    "general": {
      "voxel_res": 0.006118719451728575,
      "seed_res": 0.022807208279852956
    },
    "lccp1": {
      "color": 0.18580325943243706,
      "space": 0.46252545444393683,
      "normal": 0.5117947042122455,
      "ct": 72.8654492609165,
      "st": 0.4888437079515625
    },
    "lccp2": {
      "color": 0.2541241042197738,
      "space": 0.5194329554341419,
      "normal": 0.6252900579315176,
      "ct": 61.00298858799008,
      "st": 0.3565321949892492
    },
    "global_weights": {
      "w_length": 0.530831063764711,
      "w_cross": 0.6040810541002577,
      "w_volume": 0.4743337636723929
    },
    "ideals": {
      "length": [
        0.024253452231617147,
        0.038487152347455256
      ],
      "cross": [
        0.6013339494152239,
        1.4852907221106288
      ],
      "volume": [
        1.309415260706085e-07,
        1.163396580085121e-06
      ],
      "k_iter": 3
    }
  }
}