{
  "color_space": {
    "rgb": {
      "r": 82,
      "g": 129,
      "b": 116
    },
    "hsv": {
      "h_lower": 8,
      "h_upper": 166,
      "s": 125,
      "v": 125
    },
    "lab": {
      "l": [
        47,
        198
      ],
      "a": 129,
      "b": 101
    }
  },
  "sor": {
    "meanK": 54,
    "StddevMultThresh": 2.2191996344154092
  },
  "counting": {
    "general": {
      "voxel_res": 0.006674585432492267,
      "seed_res": 0.029528031131495023
    },
    "lccp1": {
      "color": 0.1506598683459292,
      "space": 0.41790758075493484,
      "normal": 0.577101825861227,
      "ct": 66.26316378762165,
      "st": 0.4841827293766236
    },
    "lccp2": {
      "color": 0.27808219874723145,
      "space": 0.4997810835395905,
      "normal": 0.5998796127372384,
      "ct": 64.9313753730946,
      "st": 0.4938388265457421
    },
    "global_weights": {
      "w_length": 0.4710763209268125,
      "w_cross": 0.6591348996038184,
      "w_volume": 0.511698649131821
    },
    "ideals": {
      "length": [
        0.02442049467082487,
        0.03907800441569974
      ],
      "cross": [
        0.6366155554160833,
        1.3559789956218364
      ],
      "volume": [
        1.2995008104509069e-07,
        1.0615502669715893e-06
      ],
      "k_iter": 2
    }
  }
}