{
  "color_space": {
    "rgb": {
      "r": 98,
      "g": 138,
      "b": 149
    },
    "hsv": {
      "h_lower": 11,
      "h_upper": 166,
      "s": 92,
      "v": 94
    },
    "lab": {
      "l": [
        55,
        203
      ],
      "a": 120,
      "b": 106
    }
  },
  "sor": {
    "meanK": 87,
    "StddevMultThresh": 2.011012600286828
  },
  "counting": {
    "general": {
      "voxel_res": 0.005066279674923943,
      "seed_res": 0.017194778968330656
    },
    "lccp1": {
      "color": 0.03447961611088659,
      "space": 0.7579167847761228,
      "normal": 0.21238435290462346,
      "ct": 152.6427560858362,
      "st": 0.8780809959027581
    },
    "lccp2": {
      "color": 0.29313774096681194,
      "space": 0.39426124468838475,
      "normal": 0.7832278639260846,
      "ct": 163.16413873012243,
      "st": 0.7819061665298574
    },
    "global_weights": {
      "w_length": 0.5828475353589327,
      "w_cross": 0.8170836773596528,
      "w_volume": 0.24805413089115314
    },
    "ideals": {
      "length": [
        0.008383772402971577,
        0.020540703135923273
      ],
      "cross": [
        0.6084908919210625,
        1.4687861944920653
      ],
      "volume": [
        4.6333629962616927e-08,
        1.2259847632114267e-06
      ],
      "k_iter": 3
    }
  }
}