{
  "color_space": {
    "rgb": {
      "r": 143,
      "g": 75,
      "b": 127
    },
    "hsv": {
      "h_lower": 76,
      "h_upper": 126,
      "s": 61,
      "v": 63
    },
    "lab": {
      "l": [
        61,
        199
      ],
      "a": 51,
      "b": 43
    }
  },
  "sor": {
    "meanK": 48,
    "StddevMultThresh": 2.277644930929793
  },
  "counting": {
    "general": {
      "voxel_res": 0.007617018704892698,
      "seed_res": 0.014400561809305835
    },
    "lccp1": {
      "color": 0.3294015679072673,
      "space": 0.3192270462984403,
      "normal": 0.762522895835505,
      "ct": 88.36113700023716,
      "st": 0.5840793948942933
    },
    "lccp2": {
      "color": 0.2725616459842892,
      "space": 0.22491829029930177,
      "normal": 0.25335738305976496,
      "ct": 106.60419456304814,
      "st": 0.7178838018436754
    },
    "global_weights": {
      "w_length": 0.5641199260951903,
      "w_cross": 0.825523553708886,
      "w_volume": 0.17901725754906417
    },
    "ideals": {
      "length": [
        0.007133103760152552,
        0.02127733951589946
      ],
      "cross": [
        0.7897426878996963,
        1.2130649821932373
      ],
      "volume": [
        1.6197629815652427e-07,
        7.989843658970878e-07
      ],
      "k_iter": 1
    }
  }
}