{
  "color_space": {
    "rgb": {
      "r": 52,
      "g": 199,
      "b": 72
    },
    "hsv": {
      "h_lower": 34,
      "h_upper": 131,
      "s": 72,
      "v": 75
    },
    "lab": {
      "l": [
        97,
        202
      ],
      "a": 56,
      "b": 102
    }
  },
  "sor": {
    "meanK": 99,
    "StddevMultThresh": 1.0037784812982482
  },
  "counting": {
    "general": {
      "voxel_res": 0.005446314382248401,
      "seed_res": 0.020476752406764352
    },
    "lccp1": {
      "color": 0.17404798338692207,
      "space": 0.5926596994583748,
      "normal": 0.35492465666153294,
      "ct": 162.32461575548393,
      "st": 0.5188056108808999
    },
    "lccp2": {
      "color": 0.3874793048430807,
      "space": 0.5103205512931457,
      "normal": 0.5111984188334797,
      "ct": 152.25917310462623,
      "st": 0.11749544123773492
    },
    "global_weights": {
      "w_length": 0.5182478260667474,
      "w_cross": 0.6233666506151413,
      "w_volume": 0.16964399460866425
    },
    "ideals": {
      "length": [
        0.005608080683405556,
        0.020048200664024577
      ],
      "cross": [
        0.6610780152651818,
        1.4305294465213403
      ],
      "volume": [
        1.3328403366883863e-07,
        1.524733952070928e-06
      ],
      "k_iter": 2
    }
  }
}