{
  "color_space": {
    "rgb": {
      "r": 81,
      "g": 106,
      "b": 166
    },
    "hsv": {
      "h_lower": 50,
      "h_upper": 101,
      "s": 84,
      "v": 89
    },
    "lab": {
      "l": [
        32,
        155
      ],
      "a": 24,
      "b": 133
    }
  },
  "sor": {
    "meanK": 34,
    "StddevMultThresh": 2.3777274739410075
  },
  "counting": {
    "general": {
      "voxel_res": 0.006648858402520634,
      "seed_res": 0.033530677269955504
    },
    "lccp1": {
      "color": 0.3039849507574459,
      "space": 0.20686575585857936,
      "normal": 0.7840544376202401,
      "ct": 131.57302131930385,
      "st": 0.6666887328798194
    },
    "lccp2": {
      "color": 0.33863285801389753,
      "space": 0.6465353525093982,
      "normal": 0.36145316468305355,
      "ct": 11.258827148882329,
      "st": 0.6362633569984126
    },
    "global_weights": {
      "w_length": 0.6497291355739864,
      "w_cross": 0.6428449113122859,
      "w_volume": 0.73681044544992
    },
    "ideals": {
      "length": [
        0.00870138593280237,
        0.02080633863146946
      ],
      "cross": [
        0.4531378765063864,
        1.2059248480302858
      ],
      "volume": [
        8.272747189522297e-08,
        7.423619860619421e-07
      ],
      "k_iter": 3
    }
  }
}