{
  "color_space": {
    "rgb": {
      "r": 82,
      "g": 93,
      "b": 108
    },
    "hsv": {
      "h_lower": 16,
      "h_upper": 167,
      "s": 81,
      "v": 106
    },
    "lab": {
      "l": [
        48,
        198
      ],
      "a": 145,
      "b": 118
    }
  },
  "sor": {
    "meanK": 62,
    "StddevMultThresh": 2.020161607082313
  },
  "counting": {
    "general": {
      "voxel_res": 0.006492945259504616,
      "seed_res": 0.018857136024537497
    },
    "lccp1": {
      "color": 0.3151970441967688,
      "space": 0.4484029224246696,
      "normal": 0.7813225340548275,
      "ct": 107.84543564514118,
      "st": 0.94933109163657
    },
    "lccp2": {
      "color": 0.2881464683381994,
      "space": 0.38141203373951515,
      "normal": 0.30046652712341243,
      "ct": 17.07798527326524,
      "st": 0.1872682718560036
    },
    "global_weights": {
      "w_length": 0.6107094719808247,
      "w_cross": 0.18007808739526104,
      "w_volume": 0.9701677839194252
    },
    "ideals": {
      "length": [
        0.0055162259231219726,
        0.022325581805220797
      ],
      "cross": [
        0.4562573834963084,
        1.3072966495561846
      ],
      "volume": [
        8.848100459386104e-08,
        1.3455591359475541e-06
      ],
      "k_iter": 4
    }
  }
}