{
  "color_space": {
    "rgb": {
      "r": 71,
      "g": 157,
      "b": 58
    },
    "hsv": {
      "h_lower": 65,
      "h_upper": 137,
      "s": 69,
      "v": 73
    },
    "lab": {
      "l": [
        48,
        190
      ],
      "a": 136,
      "b": 104
    }
  },
  "sor": {
    "meanK": 51,
    "StddevMultThresh": 2.210493260596462
  },
  "counting": {
    "general": {
      "voxel_res": 0.006631148906151716,
      "seed_res": 0.027775610766262802
    },
    "lccp1": {
      "color": 0.19526527225641885,
      "space": 0.4132892388298305,
      "normal": 0.5393756999753254,
      "ct": 68.60003214639924,
      "st": 0.5239528558137573
    },
    "lccp2": {
      "color": 0.2623587249488373,
      "space": 0.49973462046866474,
      "normal": 0.52935701545138,
      "ct": 64.72109456330035,
      "st": 0.3510049267758904
    },
    "global_weights": {
      "w_length": 0.5303379223855993,
      "w_cross": 0.6328132689542114,
      "w_volume": 0.5057237543247863
    },
    "ideals": {
      "length": [
        0.021369342337080294,
        0.0680717760261661
      ],
      "cross": [
        0.623298088554345,
        1.3094192743600122
      ],
      "volume": [
        1.4663959381370363e-07,
        1.1575805690973157e-06
      ],
      "k_iter": 2
    }
  }
}