{
  "color_space": {
    "rgb": {
      "r": 199,
      "g": 155,
      "b": 147
    },
    "hsv": {
      "h_lower": 5,
      "h_upper": 125,
      "s": 85,
      "v": 111
    },
    "lab": {
      "l": [
        59,
        183
      ],
      "a": 42,
      "b": 106
    }
  },
  "sor": {
    "meanK": 33,
    "StddevMultThresh": 1.7647162429048402
  },
  "counting": {
    "general": {
      "voxel_res": 0.0063236780697783065,
      "seed_res": 0.01647374592957416
    },
    "lccp1": {
      "color": 0.2519284474809858,
      "space": 0.28122525035108525,
      "normal": 0.6910922887893252,
      "ct": 79.76357297486655,
      "st": 0.8020029225975811
    },
    "lccp2": {
      "color": 0.17445874322203303,
      "space": 0.7579930611017376,
      "normal": 0.22448377114827045,
      "ct": 34.717562354404365,
      "st": 0.48987621034613293
    },
    "global_weights": {
      "w_length": 0.28251202519212404,
      "w_cross": 0.98090769675878,
      "w_volume": 0.6212120351343084
    },
    "ideals": {
      "length": [
        0.009741687236536994,
        0.02113390392704868
      ],
      "cross": [
        0.7882513097076833,
        1.5271043161732316
      ],
      "volume": [
        2.2073340264791758e-08,
        1.570541248643173e-06
      ],
      "k_iter": 1
    }
  }
}