{
  "color_space": {
    "rgb": {
      "r": 151,
      "g": 68,
      "b": 99
    },
    "hsv": {
      "h_lower": 53,
      "h_upper": 168,
      "s": 84,
      "v": 65
    },
    "lab": {
      "l": [
        30,
        153
      ],
      "a": 59,
      "b": 91
    }
  },
  "sor": {
    "meanK": 36,
    "StddevMultThresh": 1.0943397696581527
  },
  "counting": {
    "general": {
      "voxel_res": 0.006906431318627472,
      "seed_res": 0.014564820353902929
    },
    "lccp1": {
      "color": 0.07108492678813079,
      "space": 0.44495115973932653,
      "normal": 0.3367661555858946,
      "ct": 113.12791061491288,
      "st": 0.018101866464852012
    },
    "lccp2": {
      "color": 0.3445472378236101,
      "space": 0.3603416601050521,
      "normal": 0.7533586606864155,
      "ct": 38.3378679497244,
      "st": 0.46853270278446724
    },
    "global_weights": {
      "w_length": 0.15712811249944714,
      "w_cross": 0.3580889678696588,
      "w_volume": 0.16393843615697615
    },
    "ideals": {
      "length": [
        0.009036493524176379,
        0.02363203701081936
      ],
      "cross": [
        0.47151703260827116,
        1.3013415731656512
      ],
      "volume": [
        1.40035939239455e-07,
        1.4011466697364704e-06
      ],
      "k_iter": 2
    }
  }
}