{
  "color_space": {
    "rgb": {
      "r": 126,
      "g": 125,
      "b": 92
    },
    "hsv": {
      "h_lower": 2,
      "h_upper": 171,
      "s": 96,
      "v": 92
    },
    "lab": {
      "l": [
        41,
        203
      ],
      "a": 139,
      "b": 100
    }
  },
  "sor": {
    "meanK": 52,
    "StddevMultThresh": 2.620658638780778
  },
  "counting": {
    "general": {
      "voxel_res": 0.006820569257749922,
      "seed_res": 0.021661243906002457
    },
    "lccp1": {
      "color": 0.20029987585450765,
      "space": 0.5920209163374285,
      "normal": 0.671025360290749,
      "ct": 36.09844671430064,
      "st": 0.7317239850703859
    },
    "lccp2": {
      "color": 0.245028936244964,
      "space": 0.7244014202792834,
      "normal": 0.6944159577188196,
      "ct": 66.07124554784554,
      "st": 0.7368368212649379
    },
    "global_weights": {
      "w_length": 0.32240135708774503,
      "w_cross": 0.85537440209213,
      "w_volume": 0.9605322083706435
    },
    "ideals": {
      "length": [
        0.009503270436740735,
        0.020097466354353062
      ],
      "cross": [
        0.49583841491851977,
        1.2022583607243469
      ],
      "volume": [
        1.1281814403885681e-07,
        1.5666859068834527e-06
      ],
      "k_iter": 4
    }
  }
}