{
  "color_space": {
    "rgb": {
      "r": 169,
      "g": 191,
      "b": 113
    },
    "hsv": {
      "h_lower": 24,
      "h_upper": 176,
      "s": 80,
      "v": 92
    },
    "lab": {
      "l": [
        52,
        195
      ],
      "a": 124,
      "b": 118
    }
  },
  "sor": {
    "meanK": 49,
    "StddevMultThresh": 2.1269138852814846
  },
  "counting": {
    "general": {
      "voxel_res": 0.0074791632956613735,
      "seed_res": 0.03703118751563963
    },
    "lccp1": {
      "color": 0.2298514378640799,
      "space": 0.281895192207092,
      "normal": 0.22174051064427341,
      "ct": 84.6742307311637,
      "st": 0.3155448930585468
    },
    "lccp2": {
      "color": 0.058972250281666576,
      "space": 0.24490049466421626,
      "normal": 0.2950067189862075,
      "ct": 108.28470989347997,
      "st": 0.35399691815103096
    },
    "global_weights": {
      "w_length": 0.8279549583154567,
      "w_cross": 0.19545871832226624,
      "w_volume": 0.7799460300317381
    },
    "ideals": {
      "length": [
        0.005238607360167536,
        0.02193874384741533
      ],
      "cross": [
        0.4407230737540918,
        1.2125479529448469
      ],
      "volume": [
        1.644965470791604e-07,
        7.379822545387688e-07
      ],
      "k_iter": 3
    }
  }
}