{
  "color_space": {
    "rgb": {
      "r": 134,
      "g": 142,
      "b": 179
    },
    "hsv": {
      "h_lower": 43,
      "h_upper": 156,
      "s": 72,
      "v": 146
    },
    "lab": {
      "l": [
        17,
        249
      ],
      "a": 37,
      "b": 146
    }
  },
  "sor": {
    "meanK": 88,
    "StddevMultThresh": 1.092238669176304
  },
  "counting": {
    "general": {
      "voxel_res": 0.006546570350728963,
      "seed_res": 0.0338201860025015
    },
    "lccp1": {
      "color": 0.17235065094317936,
      "space": 0.7157784165605776,
      "normal": 0.5533315985429796,
      "ct": 70.71228708862742,
      "st": 0.5533241027179083
    },
    "lccp2": {
      "color": 0.31104595427636794,
      "space": 0.5425904855450308,
      "normal": 0.5601656158364321,
      "ct": 70.73251068450709,
      "st": 0.8936542130806702
    },
    "global_weights": {
      "w_length": 0.908506046406183,
      "w_cross": 0.659739164651608,
      "w_volume": 0.22845744748152866
    },
    "ideals": {
      "length": [
        0.008939062319403734,
        0.024776777072481066
      ],
      "cross": [
        0.7260034739382558,
        1.5946534616470336
      ],
      "volume": [
        8.14824159718949e-08,
        8.376105774748586e-07
      ],
      "k_iter": 2
    }
  }
}