{
  "color_space": {
    "rgb": {
      "r": 195,
      "g": 78,
      "b": 179
    },
    "hsv": {
      "h_lower": 4,
      "h_upper": 165,
      "s": 85,
      "v": 109
    },
    "lab": {
      "l": [
        46,
        205
      ],
      "a": 141,
      "b": 115
    }
  },
  "sor": {
    "meanK": 81,
    "StddevMultThresh": 1.7240641791258846
  },
  "counting": {
    "general": {
      "voxel_res": 0.005177936227182381,
      "seed_res": 0.018695849573051745
    },
    "lccp1": {
      "color": 0.10751102347072874,
      "space": 0.7388371857557685,
      "normal": 0.20118720120175052,
      "ct": 82.53865422600919,
      "st": 0.20811290038780528
    },
    "lccp2": {
      "color": 0.08773269934027748,
      "space": 0.597075104357712,
      "normal": 0.31282849166704646,
      "ct": 41.68335684805585,
      "st": 0.24484941860303489
    },
    "global_weights": {
      "w_length": 0.9855899735138917,
      "w_cross": 0.6172879950154595,
      "w_volume": 0.11381843585744733
    },
    "ideals": {
      "length": [
        0.005615142126059358,
        0.022915217465726678
      ],
      "cross": [
        0.6680277046919123,
        1.5770728662750915
      ],
      "volume": [
        1.0579671123502791e-07,
        1.5739007765314002e-06
      ],
      "k_iter": 1
    }
  }
}