{
  "color_space": {
    "rgb": {
      "r": 75,
      "g": 157,
      "b": 200
    },
    "hsv": {
      "h_lower": 63,
      "h_upper": 161,
      "s": 111,
      "v": 50
    },
    "lab": {
      "l": [
        62,
        165
      ],
      "a": 22,
      "b": 127
    }
  },
  "sor": {
    "meanK": 88,
    "StddevMultThresh": 1.0497905906724028
  },
  "counting": {
    "general": {
      "voxel_res": 0.007864527709943541,
      "seed_res": 0.020415572927282265
    },
    "lccp1": {
      "color": 0.06996692061138354,
      "space": 0.21789227801594138,
      "normal": 0.31227844612566114,
      "ct": 60.006939433117935,
      "st": 0.6576150835559701
    },
    "lccp2": {
      "color": 0.3630767076100678,
      "space": 0.4835747723693333,
      "normal": 0.7182096991376066,
      "ct": 83.26571605162852,
      "st": 0.8006964031392914
    },
    "global_weights": {
      "w_length": 0.6522264892752039,
      "w_cross": 0.5842754062956125,
      "w_volume": 0.22776431095475702
    },
    "ideals": {
      "length": [
        0.005366132442795948,
        0.024147978858412834
      ],
      "cross": [
        0.4060894061872164,
        1.4653328388662006
      ],
      "volume": [
        1.4620741875904474e-07,
        8.230395642896223e-07
      ],
      "k_iter": 1
    }
  }
}