{
  "color_space": {
    "rgb": {
      "r": 51,
      "g": 181,
      "b": 182
    },
    "hsv": {
      "h_lower": 68,
      "h_upper": 145,
      "s": 101,
      "v": 132
    },
    "lab": {
      "l": [
        27,
        181
      ],
      "a": 114,
      "b": 125
    }
  },
  "sor": {
    "meanK": 54,
    "StddevMultThresh": 1.4451325080648891
  },
  "counting": {
    "general": {
      "voxel_res": 0.0065128294539193235,
      "seed_res": 0.032506471895264406
    },
    "lccp1": {
      "color": 0.17791636496390273,
      "space": 0.34305269343272665,
      "normal": 0.41742926430134364,
      "ct": 20.390083203957214,
      "st": 0.6946184526293179
    },
    "lccp2": {
      "color": 0.044579305395175434,
      "space": 0.7752986321025204,
      "normal": 0.6408312066819513,
      "ct": 96.54377771163024,
      "st": 0.18899254263381882
    },
    "global_weights": {
      "w_length": 0.9270252006479727,
      "w_cross": 0.5891524322995765,
      "w_volume": 0.6368570455843899
    },
    "ideals": {
      "length": [
        0.0069242696429712,
        0.021491019292152354
      ],
      "cross": [
        0.7935087081505404,
        1.3051214640824251
      ],
      "volume": [
        6.493121807764914e-08,
        1.5262167244697823e-06
      ],
      "k_iter": 2
    }
  }
}