{
  "color_space": {
    "rgb": {
      "r": 114,
      "g": 183,
      "b": 183
    },
    "hsv": {
      "h_lower": 50,
      "h_upper": 100,
      "s": 57,
      "v": 131
    },
    "lab": {
      "l": [
        52,
        184
      ],
      "a": 41,
      "b": 154
    }
  },
  "sor": {
    "meanK": 49,
    "StddevMultThresh": 1.8549954272524203
  },
  "counting": {
    "general": {
      "voxel_res": 0.006641192873794943,
      "seed_res": 0.02530116263502677
    },
    "lccp1": {
      "color": 0.2888336437653018,
      "space": 0.6218643072828975,
      "normal": 0.3371519046852646,
      "ct": 62.24163924126277,
      "st": 0.6685428469406082
    },
    "lccp2": {
      "color": 0.262761418025299,
      "space": 0.4133673251007528,
      "normal": 0.22447226420292313,
      "ct": 107.64600993171538,
      "st": 0.3556282613354875
    },
    "global_weights": {
      "w_length": 0.46722351613258273,
      "w_cross": 0.2733331735604412,
      "w_volume": 0.6219695950345542
    },
    "ideals": {
      "length": [
        0.008356780765076306,
        0.024443703130591597
      ],
      "cross": [
        0.5972454237876774,
        1.3554706628822484
      ],
      "volume": [
        9.579145282950854e-08,
        9.999898660003405e-07
      ],
      "k_iter": 2
    }
  }
}