{
  "color_space": {
    "rgb": {
      "r": 112,
      "g": 182,
      "b": 90
    },
    "hsv": {
      "h_lower": 76,
      "h_upper": 163,
      "s": 135,
      "v": 103
    },
    "lab": {
      "l": [
        49,
        197
      ],
      "a": 114,
      "b": 100
    }
  },
  "sor": {
    "meanK": 54,
    "StddevMultThresh": 2.057860952085263
  },
  "counting": {
    "general": {
      "voxel_res": 0.006755924294467192,
      "seed_res": 0.029093175503817584
    },
    "lccp1": {
      "color": 0.11993351950280401,
      "space": 0.42237088237256637,
      "normal": 0.5626783229808696,
      "ct": 65.57473840071093,
      "st": 0.423928893418793
    },
    "lccp2": {
      "color": 0.29529365776714434,
      "space": 0.41412151398997604,
      "normal": 0.6007609159780994,
      "ct": 55.11678883934012,
      "st": 0.37765095558688566
    },
    "global_weights": {
      "w_length": 0.5274607702702323,
      "w_cross": 0.6755514442824198,
      "w_volume": 0.5627498732294256
    },
    "ideals": {
      "length": [
        0.012273349657516485,
        0.021327582554003795
      ],
      "cross": [
        0.6186356546751479,
        1.35587111969509
      ],
      "volume": [
        1.3901996185367776e-07,
        1.1045703586510636e-06
      ],
      "k_iter": 2
    }
  }
}