{
  "color_space": {
    "rgb": {
      "r": 198,
      "g": 158,
      "b": 59
    },
    "hsv": {
      "h_lower": 6,
      "h_upper": 150,
      "s": 91,
      "v": 115
    },
    "lab": {
      "l": [
        44,
        210
      ],
      "a": 122,
      "b": 100
    }
  },
  "sor": {
    "meanK": 50,
    "StddevMultThresh": 2.031082372109023
  },
  "counting": {
    "general": {
      "voxel_res": 0.0068371106371618385,
      "seed_res": 0.02321120503156712
    },
    "lccp1": {
      "color": 0.11142592754453395,
      "space": 0.413013090372601,
      "normal": 0.5834073649831119,
      "ct": 64.22707433946512,
      "st": 0.4166514573455725
    },
    "lccp2": {
      "color": 0.21758368333670594,
      "space": 0.503345157252169,
      "normal": 0.5271964774229887,
      "ct": 60.20053877627725,
      "st": 0.38341778678128025
    },
    "global_weights": {
      "w_length": 0.5881060436063861,
      "w_cross": 0.5253409459364675,
      "w_volume": 0.5484457673425277
    },
    "ideals": {
      "length": [
        0.02399715935883292,
        0.05345439487721578
      ],
      "cross": [
        0.61027824878751,
        1.3068837206645965
      ],
      "volume": [
        1.0360609300246337e-07,
        1.0795617900561777e-06
      ],
      "k_iter": 2
    }
  }
}