{
  "color_space": {
    "rgb": {
      "r": 67,
      "g": 75,
      "b": 200
    },
    "hsv": {
      "h_lower": 24,
      "h_upper": 135,
      "s": 63,
      "v": 79
    },
    "lab": {
      "l": [
        41,
        204
      ],
      "a": 109,
      "b": 116
    }
  },
  "sor": {
    "meanK": 56,
    "StddevMultThresh": 2.1051816307932922
  },
  "counting": {
    "general": {
      "voxel_res": 0.006113114673423887,
      "seed_res": 0.023480455126345133
    },
    "lccp1": {
      "color": 0.13748698897565947,
      "space": 0.43042822842706113,
      "normal": 0.5725472450938099,
      "ct": 71.76513760134009,
      "st": 0.47033993576782185
    },
    "lccp2": {
      "color": 0.2991463017398045,
      "space": 0.4546910104029688,
      "normal": 0.5710207368451268,
      "ct": 51.06198528921304,
      "st": 0.47412844035387164
    },
    "global_weights": {
      "w_length": 0.5772825772729631,
      "w_cross": 0.6934530633209737,
      "w_volume": 0.5852465276433505
    },
    "ideals": {
      "length": [
        0.022253312340545783,
        0.04964700329061527
      ],
      "cross": [
        0.5937837074017549,
        1.3736018662116463
      ],
      "volume": [
        1.2360853454311452e-07,
        1.0950320515219635e-06
      ],
      "k_iter": 3
    }
  }
}