{
  "color_space": {
    "rgb": {
      "r": 178,
      "g": 84,
      "b": 190
    },
    "hsv": {
      "h_lower": 2,
      "h_upper": 166,
      "s": 95,
      "v": 106
    },
    "lab": {
      "l": [
        47,
        207
      ],
      "a": 134,
      "b": 100
    }
  },
  "sor": {
    "meanK": 52,
    "StddevMultThresh": 1.6412931116020668
  },
  "counting": {
    "general": {
      "voxel_res": 0.007551963772762214,
      "seed_res": 0.03553770513002665
    },
    "lccp1": {
      "color": 0.16327178480564825,
      "space": 0.6670611044083287,
      "normal": 0.3400036003680535,
      "ct": 44.87147037559771,
      "st": 0.4770520278247873
    },
    "lccp2": {
      "color": 0.008675190184238924,
      "space": 0.49364236847836435,
      "normal": 0.26364045930227276,
      "ct": 31.957361687136032,
      "st": 0.09369399604775608
    },
    "global_weights": {
      "w_length": 0.6049308543164618,
      "w_cross": 0.46904057536949273,
      "w_volume": 0.8464225400732867
    },
    "ideals": {
      "length": [
        0.008727588427522122,
        0.024714322610132282
      ],
      "cross": [
        0.45104909783276176,
        1.319556791006328
      ],
      "volume": [
        1.7567492103046443e-07,
        1.0745779726410248e-06
      ],
      "k_iter": 1
    }
  }
}