{
  "color_space": {
    "rgb": {
      "r": 74,
      "g": 177,
      "b": 74
    },
    "hsv": {
      "h_lower": 31,
      "h_upper": 101,
      "s": 64,
      "v": 77
    },
    "lab": {
      "l": [
        38,
        232
      ],
      "a": 48,
      "b": 82
    }
  },
  "sor": {
    "meanK": 90,
    "StddevMultThresh": 2.349551910608919
  },
  "counting": {
    "general": {
      "voxel_res": 0.005865421887734841,
      "seed_res": 0.010814757533549083
    },
    "lccp1": {
      "color": 0.0435697652239599,
      "space": 0.4904867783724014,
      "normal": 0.6929111667941431,
      "ct": 35.20836310793534,
      "st": 0.2160383690963953
    },
    "lccp2": {
      "color": 0.33137212765905577,
      "space": 0.7778797144033467,
      "normal": 0.5875791310896571,
      "ct": 84.99111140057818,
      "st": 0.9855506171103376
    },
    "global_weights": {
      "w_length": 0.1810998148149879,
      "w_cross": 0.7684756777013352,
      "w_volume": 0.624814500217755
    },
    "ideals": {
      "length": [
        0.008568462123675721,
        0.02456645617570019
      ],
      "cross": [
        0.40609856556981205,
        1.2369673440672908
      ],
      "volume": [
        2.3497860933507929e-07,
        1.3890188571551102e-06
      ],
      "k_iter": 2
    }
  }
}