{
  "color_space": {
    "rgb": {
      "r": 147,
      "g": 173,
      "b": 64
    },
    "hsv": {
      "h_lower": 12,
      "h_upper": 144,
      "s": 73,
      "v": 135
    },
    "lab": {
      "l": [
        79,
        205
      ],
      "a": 67,
      "b": 106
    }
  },
  "sor": {
    "meanK": 66,
    "StddevMultThresh": 2.8340133112998176
  },
  "counting": {
    "general": {
      "voxel_res": 0.005965372097115184,
      "seed_res": 0.012113259602349867
    },
    "lccp1": {
      "color": 0.14845513493023463,
      "space": 0.3559745924252302,
      "normal": 0.7525951309431158,
      "ct": 86.97945062676453,
      "st": 0.4994004893893116
    },
    "lccp2": {
      "color": 0.38533775936304143,
      "space": 0.3686982320852814,
      "normal": 0.5819930109008914,
      "ct": 123.39078269443299,
      "st": 0.8939814812943478
    },
    "global_weights": {
      "w_length": 0.6597346283339101,
      "w_cross": 0.4011545028317919,
      "w_volume": 0.8116545080824017
    },
    "ideals": {
      "length": [
        0.007538967003144239,
        0.02409439182243185
      ],
      "cross": [
        0.6103910897481213,
        1.5876626902818918
      ],
      "volume": [
        8.402826589938323e-08,
        8.573547574446923e-07
      ],
      "k_iter": 3
    }
  }
}