{
  "color_space": {
    "rgb": {
      "r": 103,
      "g": 120,
      "b": 173
    },
    "hsv": {
      "h_lower": 27,
      "h_upper": 118,
      "s": 54,
      "v": 76
    },
    "lab": {
      "l": [
        48,
        204
      ],
      "a": 100,
      "b": 117
    }
  },
  "sor": {
    "meanK": 56,
    "StddevMultThresh": 2.1657004694674105
  },
  "counting": {
    "general": {
      "voxel_res": 0.006324986600695521,
      "seed_res": 0.02617147007929353
    },
    "lccp1": {
      "color": 0.17367384306862904,
      "space": 0.40730974675901244,
      "normal": 0.5263055153080477,
      "ct": 65.03620932340175,
      "st": 0.40919031152762597
    },
    "lccp2": {
      "color": 0.24568194113701325,
      "space": 0.4266139756326801,
      "normal": 0.6460894349997661,
      "ct": 55.74723973119517,
      "st": 0.4126421851718141
    },
    "global_weights": {
      "w_length": 0.47317346539089594,
      "w_cross": 0.5206536453578297,
      "w_volume": 0.5614339060811382
    },
    "ideals": {
      "length": [
        0.02258530581664509,
        0.02333554529913006
      ],
      "cross": [
        0.5968795913378987,
        1.4713246570608933
      ],
      "volume": [
        1.317707375954633e-07,
        1.1590900821564782e-06
      ],
      "k_iter": 3
    }
  }
}