{
  "color_space": {
    "rgb": {
      "r": 69,
      "g": 88,
      "b": 84
    },
    "hsv": {
      "h_lower": 53,
      "h_upper": 170,
      "s": 126,
      "v": 93
    },
    "lab": {
      "l": [
        46,
        196
      ],
      "a": 123,
      "b": 106
    }
  },
  "sor": {
    "meanK": 59,
    "StddevMultThresh": 2.173435710005689
  },
  "counting": {
    "general": {
      "voxel_res": 0.006252049285544805,
      "seed_res": 0.02609778352374469
    },
    "lccp1": {
      "color": 0.17372465710247137,
      "space": 0.4407198949036089,
      "normal": 0.5638956149009722,
      "ct": 64.84305925236872,
      "st": 0.4810862886527304
    },
    "lccp2": {
      "color": 0.20808984710841139,
      "space": 0.521032568894282,
      "normal": 0.6148639645341722,
      "ct": 53.491277156527865,
      "st": 0.3713346277588564
    },
    "global_weights": {
      "w_length": 0.4822713260252654,
      "w_cross": 0.6107780656497941,
      "w_volume": 0.5836634012837011
    },
    "ideals": {
      "length": [
        0.02466210647404308,
        0.04150615642391858
      ],
      "cross": [
        0.61765184524679,
        1.4584756650245394
      ],
      "volume": [
        1.1523566555590525e-07,
        1.0430216446398508e-06
      ],
      "k_iter": 3
    }
  }
}