{
  "color_space": {
    "rgb": {
      "r": 124,
      "g": 177,
      "b": 62
    },
    "hsv": {
      "h_lower": 79,
      "h_upper": 167,
      "s": 72,
      "v": 73
    },
    "lab": {
      "l": [
        53,
        212
      ],
      "a": 61,
      "b": 45
    }
  },
  "sor": {
    "meanK": 38,
    "StddevMultThresh": 2.970363776020209
  },
  "counting": {
    "general": {
      "voxel_res": 0.0071971075487877924,
      "seed_res": 0.039178170092687585
    },
    "lccp1": {
      "color": 0.17297951485757734,
      "space": 0.24917463852295413,
      "normal": 0.44537925883267493,
      "ct": 148.3638762816891,
      "st": 0.1504167103062648
    },
    "lccp2": {
      "color": 0.3708582834007265,
      "space": 0.3307776724729141,
      "normal": 0.488200527013008,
      "ct": 136.82554426861464,
      "st": 0.5611126448998621
    },
    "global_weights": {
      "w_length": 0.6522281600172364,
      "w_cross": 0.5793845823957849,
      "w_volume": 0.8334752741262744
    },
    "ideals": {
      "length": [
        0.009280323817149863,
        0.022157227097572035
      ],
      "cross": [
        0.5389956139197736,
        1.466570019119425
      ],
      "volume": [
        1.9684598262721048e-07,
        8.18672865973544e-07
      ],
      "k_iter": 3
    }
  }
}