{
  "color_space": {
    "rgb": {
      "r": 194,
      "g": 195,
      "b": 175
    },
    "hsv": {
      "h_lower": 53,
      "h_upper": 170,
      "s": 132,
      "v": 108
    },
    "lab": {
      "l": [
        74,
        214
      ],
      "a": 159,
      "b": 57
    }
  },
  "sor": {
    "meanK": 60,
    "StddevMultThresh": 2.157438022125956
  },
  "counting": {
    "general": {
      "voxel_res": 0.006313262813297575,
      "seed_res": 0.021408018421050896
    },
    "lccp1": {
      "color": 0.36267139439153495,
      "space": 0.6017687843642083,
      "normal": 0.7818139281342611,
      "ct": 144.75029920200458,
      "st": 0.0033927984632869945
    },
    "lccp2": {
      "color": 0.2025859338221792,
      "space": 0.20978444874007426,
      "normal": 0.6972099072691346,
      "ct": 50.49638314011993,
      "st": 0.009654294960478316
    },
    "global_weights": {
      "w_length": 0.644593579122533,
      "w_cross": 0.6036067857692284,
      "w_volume": 0.5352547590706688
    },
    "ideals": {
      "length": [
        0.00986028702221222,
        0.023963578300389476
      ],
      "cross": [
        0.7590170428700509,
        1.5438392738988078
      ],
      "volume": [
        1.9206226377595674e-07,
        9.892900716215844e-07
      ],
      "k_iter": 4
    }
  }
}