{
  "color_space": {
    "rgb": {
      "r": 103,
      "g": 175,
      "b": 147
    },
    "hsv": {
      "h_lower": 47,
      "h_upper": 167,
      "s": 106,
      "v": 140
    },
    "lab": {
      "l": [
        53,
        198
      ],
      "a": 142,
      "b": 118
    }
  },
  "sor": {
    "meanK": 55,
    "StddevMultThresh": 2.102076565304444
  },
  "counting": {
    "general": {
      "voxel_res": 0.006599960194540717,
      "seed_res": 0.02247927146715336
    },
    "lccp1": {
      "color": 0.16085733992006565,
      "space": 0.4428777463064805,
      "normal": 0.5750738820988573,
      "ct": 74.18557267398603,
      "st": 0.48248881956334855
    },
    "lccp2": {
      "color": 0.2382729276056206,
      "space": 0.40620798006067454,
      "normal": 0.5069413992080949,
      "ct": 50.95933172583589,
      "st": 0.48534716566146796
    },
    "global_weights": {
      "w_length": 0.570241461276181,
      "w_cross": 0.5050085109360052,
      "w_volume": 0.5018172970622528
    },
    "ideals": {
      "length": [
        0.023667995639880854,
        0.05783487322150777
      ],
      "cross": [
        0.5514083563395852,
        1.4861497659490919
      ],
      "volume": [
        1.377320669353344e-07,
        1.181767812812833e-06
      ],
      "k_iter": 2
    }
  }
}