{
  "color_space": {
    "rgb": {
      "r": 190,
      "g": 119,
      "b": 61
    },
    "hsv": {
      "h_lower": 64,
      "h_upper": 115,
      "s": 123,
      "v": 99
    },
    "lab": {
      "l": [
        38,
        220
      ],
      "a": 44,
      "b": 148
    }
  },
  "sor": {
    "meanK": 62,
    "StddevMultThresh": 2.8929276364475998
  },
  "counting": {
    "general": {
      "voxel_res": 0.005614799903554325,
      "seed_res": 0.0358663975249326
    },
    "lccp1": {
      "color": 0.35194481506650804,
      "space": 0.24215085262589087,
      "normal": 0.49569087694803593,
      "ct": 25.430362025955695,
      "st": 0.9044383595824178
    },
    "lccp2": {
      "color": 0.006514798478784201,
      "space": 0.5344174894887215,
      "normal": 0.31132107310361756,
      "ct": 73.70438563928008,
      "st": 0.856060205649108
    },
    "global_weights": {
      "w_length": 0.668195207608531,
      "w_cross": 0.9826764144017041,
      "w_volume": 0.55429016140467
    },
    "ideals": {
      "length": [
        0.008189532858399018,
        0.02262416257465998
      ],
      "cross": [
        0.4513499421799486,
        1.503658463934942
      ],
      "volume": [
        5.2027770492996774e-08,
        1.3216664403596087e-06
      ],
      "k_iter": 1
    }
  }
}