{
  "color_space": {
    "rgb": {
      "r": 153,
      "g": 139,
      "b": 169
    },
    "hsv": {
      "h_lower": 63,
      "h_upper": 135,
      "s": 85,
      "v": 83
    },
    "lab": {
      "l": [
        24,
        237
      ],
      "a": 142,
      "b": 106
    }
  },
  "sor": {
    "meanK": 98,
    "StddevMultThresh": 1.7250265311682023
  },
  "counting": {
    "general": {
      "voxel_res": 0.006192679502785428,
      "seed_res": 0.022800778031376607
    },
    "lccp1": {
      "color": 0.12725744246537754,
      "space": 0.2705495006633891,
      "normal": 0.2702094175631498,
      "ct": 78.97441661430585,
      "st": 0.08093310934490772
    },
    "lccp2": {
      "color": 0.12487968028881197,
      "space": 0.5168340738348043,
      "normal": 0.5272027516673894,
      "ct": 90.8312843825275,
      "st": 0.005246515436829191
    },
    "global_weights": {
      "w_length": 0.5719514403945276,
      "w_cross": 0.4593091436261354,
      "w_volume": 0.3392944951944922
    },
    "ideals": {
      "length": [
        0.006036435127078652,
        0.02027634987050937
      ],
      "cross": [
        0.44956814121093425,
        1.5001450185546028
      ],
      "volume": [
        1.4896426330529697e-07,
        1.5995754968189906e-06
      ],
      "k_iter": 2
    }
  }
}