{
  "color_space": {
    "rgb": {
      "r": 93,
      "g": 185,
      "b": 125
    },
    "hsv": {
      "h_lower": 67,
      "h_upper": 169,
      "s": 63,
      "v": 73
    },
    "lab": {
      "l": [
        83,
        231
      ],
      "a": 142,
      "b": 158
    }
  },
  "sor": {
    "meanK": 74,
    "StddevMultThresh": 1.647068192327204
  },
  "counting": {
    "general": {
      "voxel_res": 0.006442272109682533,
      "seed_res": 0.0362799402218442
    },
    "lccp1": {
      "color": 0.3275361212421283,
      "space": 0.5882849935922208,
      "normal": 0.20969328991745953,
      "ct": 143.0261815043139,
      "st": 0.18042504768229473
    },
    "lccp2": {
      "color": 0.16531552986867437,
      "space": 0.6684687383308208,
      "normal": 0.659095077441155,
      "ct": 98.98805609504481,
      "st": 0.2900841458693225
    },
    "global_weights": {
      "w_length": 0.4169430360037557,
      "w_cross": 0.8496075645278306,
      "w_volume": 0.1393011568898662
    },
    "ideals": {
      "length": [
        0.0061769190655859285,
        0.02329540893833755
      ],
      "cross": [
        0.7855656384788157,
        1.5890823457812473
      ],
      "volume": [
        5.0208313286593465e-08,
        9.565832012372548e-07
      ],
      "k_iter": 2
    }
  }
}