{
  "color_space": {
    "rgb": {
      "r": 106,
      "g": 192,
      "b": 91
    },
    "hsv": {
      "h_lower": 75,
      "h_upper": 101,
      "s": 104,
      "v": 123
    },
    "lab": {
      "l": [
        88,
        250
      ],
      "a": 22,
      "b": 0
    }
  },
  "sor": {
    "meanK": 91,
    "StddevMultThresh": 2.256204967380768
  },
  "counting": {
    "general": {
      "voxel_res": 0.005140872675964381,
      "seed_res": 0.021834484853709646
    },
    "lccp1": {
      "color": 0.17099470995778898,
      "space": 0.20446902227481303,
      "normal": 0.6000880309717563,
      "ct": 98.7436936577791,
      "st": 0.09003704081872832
    },
    "lccp2": {
      "color": 0.3709209122913507,
      "space": 0.6419723623185369,
      "normal": 0.2653932904235945,
      "ct": 101.65643980843457,
      "st": 0.34942811135655205
    },
    "global_weights": {
      "w_length": 0.6522945886539405,
      "w_cross": 0.6497372861459979,
      "w_volume": 0.43618437727166415
    },
    "ideals": {
      "length": [
        0.006440643935097444,
        0.024230823668200605
      ],
      "cross": [
        0.7819537819782982,
        1.374041558167574
      ],
      "volume": [
        2.158472297434454e-07,
        9.575266566807007e-07
      ],
      "k_iter": 3
    }
  }
}