{
  "color_space": {
    "rgb": {
      "r": 50,
      "g": 51,
      "b": 168
    },
    "hsv": {
      "h_lower": 11,
      "h_upper": 170,
      "s": 147,
      "v": 53
    },
    "lab": {
      "l": [
        40,
        200
      ],
      "a": 109,
      "b": 109
    }
  },
  "sor": {
    "meanK": 57,
    "StddevMultThresh": 1.989013373630094
  },
  "counting": {
    "general": {
      "voxel_res": 0.006595855967184965,
      "seed_res": 0.029725610437385606
    },
    "lccp1": {
      "color": 0.14251616169133977,
      "space": 0.49678957606662055,
      "normal": 0.5006490138450413,
      "ct": 69.22794440948356,
      "st": 0.4670231496421007
    },
    "lccp2": {
      "color": 0.21027885278907607,
      "space": 0.5035182437099002,
      "normal": 0.6401840005667832,
      "ct": 59.26114359316477,
      "st": 0.39187681032978694
    },
    "global_weights": {
      "w_length": 0.5270560074436598,
      "w_cross": 0.7436471036677876,
      "w_volume": 0.4831960126359247
    },
    "ideals": {
      "length": [
        0.023700720298429127,
        0.07668091447746278
      ],
      "cross": [
        0.5503573844869394,
        1.3880509327870216
      ],
      "volume": [
        1.258126960765689e-07,
        1.0376268986666606e-06
      ],
      "k_iter": 2
    }
  }
}