{
  "color_space": {
    "rgb": {
      "r": 179,
      "g": 151,
      "b": 149
    },
    "hsv": {
      "h_lower": 12,
      "h_upper": 103,
      "s": 128,
      "v": 97
    },
    "lab": {
      "l": [
        97,
        205
      ],
      "a": 124,
      "b": 88
    }
  },
  "sor": {
    "meanK": 96,
    "StddevMultThresh": 1.668603035285587
  },
  "counting": {
    "general": {
      "voxel_res": 0.0053326598793600796,
      "seed_res": 0.011476764749930566
    },
    "lccp1": {
      "color": 0.3228156749511225,
      "space": 0.4202045743633744,
      "normal": 0.45861964896796914,
      "ct": 68.90160535175498,
      "st": 0.9174705824080941
    },
    "lccp2": {
      "color": 0.35992170563198295,
      "space": 0.6849320774552714,
      "normal": 0.2866683241148476,
      "ct": 134.0621176470437,
      "st": 0.51198274552482
    },
    "global_weights": {
      "w_length": 0.5398193472255001,
      "w_cross": 0.6481309928823777,
      "w_volume": 0.5653741629460577
    },
    "ideals": {
      "length": [
        0.006718745190774191,
        0.02085970116685196
      ],
      "cross": [
        0.5981637818109885,
        1.3352506821262269
      ],
      "volume": [
        8.476432876234368e-08,
        1.2945553437482236e-06
      ],
      "k_iter": 1
    }
  }
}