{
  "color_space": {
    "rgb": {
      "r": 178,
      "g": 99,
      "b": 155
    },
    "hsv": {
      "h_lower": 6,
      "h_upper": 178,
      "s": 94,
      "v": 110
    },
    "lab": {
      "l": [
        55,
        193
      ],
      "a": 135,
      "b": 100
    }
  },
  "sor": {
    "meanK": 40,
    "StddevMultThresh": 2.257934254873134
  },
  "counting": {
    "general": {
      "voxel_res": 0.007102259791859461,
      "seed_res": 0.03156368721966113
    },
    "lccp1": {
      "color": 0.1625976763554492,
      "space": 0.5194373235075073,
      "normal": 0.6045102620887193,
      "ct": 83.80489739341118,
      "st": 0.2535597017822424
    },
    "lccp2": {
      "color": 0.26646965104499953,
      "space": 0.7439575145894655,
      "normal": 0.5749842904733227,
      "ct": 117.96640568720247,
      "st": 0.4132208641130627
    },
    "global_weights": {
      "w_length": 0.2336448860673844,
      "w_cross": 0.7146291298183854,
      "w_volume": 0.12360927035178995
    },
    "ideals": {
      "length": [
        0.006496103123652068,
        0.023632639188045326
      ],
      "cross": [
        0.47421752055560645,
        1.5561716700201575
      ],
      "volume": [
        1.4058331584310953e-07,
        8.863576202838777e-07
      ],
      "k_iter": 2
    }
  }
}