{
  "color_space": {
    "rgb": {
      "r": 50,
      "g": 77,
      "b": 80
    },
    "hsv": {
      "h_lower": 44,
      "h_upper": 170,
      "s": 132,
      "v": 73
    },
    "lab": {
      "l": [
        88,
        227
      ],
      "a": 25,
      "b": 23
    }
  },
  "sor": {
    "meanK": 75,
    "StddevMultThresh": 2.719309022061526
  },
  "counting": {
    "general": {
      "voxel_res": 0.005574752157726513,
      "seed_res": 0.024957508660470966
    },
    "lccp1": {
      "color": 0.290984844984303,
      "space": 0.4404677556250037,
      "normal": 0.3494780947328029,
      "ct": 158.25186080803405,
      "st": 0.9751615352838678
    },
    "lccp2": {
      "color": 0.22043596207799043,
      "space": 0.21737122120645605,
      "normal": 0.7855495782469841,
      "ct": 97.38953800167425,
      "st": 0.21430475157319762
    },
    "global_weights": {
      "w_length": 0.6059705797200715,
      "w_cross": 0.48748556836180057,
      "w_volume": 0.8002600655436198
    },
    "ideals": {
      "length": [
        0.007988771855862553,
        0.02034451777566631
      ],
      "cross": [
        0.5039050347178127,
        1.5161419751864165
      ],
      "volume": [
        9.925417518393458e-08,
        1.2100388713568608e-06
      ],
      "k_iter": 3
    }
  }
}