{
  "color_space": {
    "rgb": {
      "r": 186,
      "g": 66,
      "b": 107
    },
    "hsv": {
      "h_lower": 23,
      "h_upper": 172,
      "s": 80,
      "v": 92
    },
    "lab": {
      "l": [
        44,
        190
      ],
      "a": 145,
      "b": 116
    }
  },
  "sor": {
    "meanK": 75,
    "StddevMultThresh": 1.9996190739820676
  },
  "counting": {
    "general": {
      "voxel_res": 0.0077461265425044674,
      "seed_res": 0.023909309059104746
    },
    "lccp1": {
      "color": 0.25361053904081765,
      "space": 0.4677158400958805,
      "normal": 0.6845342545441557,
      "ct": 49.37626363012163,
      "st": 0.8924093315352022
    },
    "lccp2": {
      "color": 0.33419399318316223,
      "space": 0.264709593341548,
      "normal": 0.36652383272414835,
      "ct": 19.843206265865128,
      "st": 0.35794404415172565
    },
    "global_weights": {
      "w_length": 0.11836721817655625,
      "w_cross": 0.3839404003905986,
      "w_volume": 0.9705279437880387
    },
    "ideals": {
      "length": [
        0.007654328436427173,
        0.02277131992189558
      ],
      "cross": [
        0.7631267893064941,
        1.3157738046739298
      ],
      "volume": [
        1.1298521193211958e-07,
        1.2185510891053484e-06
      ],
      "k_iter": 4
    }
  }
}