{
  "color_space": {
    "rgb": {
      "r": 78,
      "g": 65,
      "b": 127
    },
    "hsv": {
      "h_lower": 51,
      "h_upper": 128,
      "s": 121,
      "v": 71
    },
    "lab": {
      "l": [
        48,
        201
      ],
      "a": 38,
      "b": 155
    }
  },
  "sor": {
    "meanK": 85,
    "StddevMultThresh": 2.035767999059276
  },
  "counting": {
    "general": {
      "voxel_res": 0.005954413333713982,
      "seed_res": 0.02651631662189486
    },
    "lccp1": {
      "color": 0.1857724982638112,
      "space": 0.26114136745044036,
      "normal": 0.4216249905608038,
      "ct": 32.31503912996956,
      "st": 0.48964295978619277
    },
    "lccp2": {
      "color": 0.23462487979163807,
      "space": 0.41948423953491376,
      "normal": 0.628871974475965,
      "ct": 63.89672520986906,
      "st": 0.43669729033745075
    },
    "global_weights": {
      "w_length": 0.46256454300040306,
      "w_cross": 0.5239931892640609,
      "w_volume": 0.6721680929266404
    },
    "ideals": {
      "length": [
        0.008361624737143296,
        0.02456182499713648
      ],
      "cross": [
        0.4317975196399837,
        1.4517302321336667
      ],
      "volume": [
        2.2624850484227556e-07,
        1.0844981304257132e-06
      ],
      "k_iter": 1
    }
  }
}