{
  "color_space": {
    "rgb": {
      "r": 81,
      "g": 167,
      "b": 198
    },
    "hsv": {
      "h_lower": 16,
      "h_upper": 103,
      "s": 139,
      "v": 65
    },
    "lab": {
      "l": [
        57,
        199
      ],
      "a": 16,
      "b": 130
    }
  },
  "sor": {
    "meanK": 62,
    "StddevMultThresh": 2.609241317890163
  },
  "counting": {
    "general": {
      "voxel_res": 0.007759582349752884,
      "seed_res": 0.024140543705288134
    },
    "lccp1": {
      "color": 0.20423581142350142,
      "space": 0.46654806366639734,
      "normal": 0.4295624152133873,
      "ct": 43.158835651418514,
      "st": 0.8444346444881937
    },
    "lccp2": {
      "color": 0.39459018268638446,
      "space": 0.42803134508000934,
      "normal": 0.6534857035927343,
      "ct": 57.30065322546338,
      "st": 0.082956828838332
    },
    "global_weights": {
      "w_length": 0.6402269942410089,
      "w_cross": 0.6987772706077309,
      "w_volume": 0.258643214009892
    },
    "ideals": {
      "length": [
        0.005805992629632587,
        0.02470464751383881
      ],
      "cross": [
        0.7656956922441248,
        1.5876424330167305
      ],
      "volume": [
        1.9171817546787453e-07,
        9.956237438474292e-07
      ],
      "k_iter": 4
    }
  }
}