{
  "color_space": {
    "rgb": {
      "r": 72,
      "g": 172,
      "b": 66
    },
    "hsv": {
      "h_lower": 20,
      "h_upper": 170,
      "s": 106,
      "v": 55
    },
    "lab": {
      "l": [
        56,
        183
      ],
      "a": 97,
      "b": 24
    }
  },
  "sor": {
    "meanK": 53,
    "StddevMultThresh": 2.8167253750468095
  },
  "counting": {
    "general": {
      "voxel_res": 0.0069577906070092295,
      "seed_res": 0.023218983407168273
    },
    "lccp1": {
      "color": 0.10401030129735887,
      "space": 0.719701719406979,
      "normal": 0.38998608562771897,
      "ct": 162.21215196876412,
      "st": 0.9063502672229752
    },
    "lccp2": {
      "color": 0.10770178012780547,
      "space": 0.4031961661429586,
      "normal": 0.2836200743376755,
      "ct": 106.38268013446168,
      "st": 0.6511947853858453
    },
    "global_weights": {
      "w_length": 0.7357261875917348,
      "w_cross": 0.7853859410008595,
      "w_volume": 0.3448332011800391
    },
    "ideals": {
      "length": [
        0.005831874374992111,
        0.023672658026536668
      ],
      "cross": [
        0.569072046049876,
        1.5780399083543675
      ],
      "volume": [
        4.9425274735787295e-08,
        1.5090077358306772e-06
      ],
      "k_iter": 3
    }
  }
}