{
  "color_space": {
    "rgb": {
      "r": 151,
      "g": 122,
      "b": 127
    },
    "hsv": {
      "h_lower": 60,
      "h_upper": 127,
      "s": 87,
      "v": 120
    },
    "lab": {
      "l": [
        24,
        254
      ],
      "a": 20,
      "b": 93
    }
  },
  "sor": {
    "meanK": 34,
    "StddevMultThresh": 1.7913814554487568
  },
  "counting": {
    "general": {
      "voxel_res": 0.005033841343700651,
      "seed_res": 0.03149098177247331
    },
    "lccp1": {
      "color": 0.2435133109025495,
      "space": 0.6717959235788848,
      "normal": 0.5511638602545368,
      "ct": 37.47802172941503,
      "st": 0.11424917251625188
    },
    "lccp2": {
      "color": 0.2764657478829156,
      "space": 0.5695326775970386,
      "normal": 0.24695251443769622,
      "ct": 164.83849243912994,
      "st": 0.28602133171170285
    },
    "global_weights": {
      "w_length": 0.8876987601196418,
      "w_cross": 0.5667302812235602,
      "w_volume": 0.9138215509376595
    },
    "ideals": {
      "length": [
        0.009006004284176486,
        0.020563176808162883
      ],
      "cross": [
        0.4835312989891348,
        1.4149132573561412
      ],
      "volume": [
        1.5056698408055312e-07,
        8.913963553136262e-07
      ],
      "k_iter": 1
    }
  }
}