{
  "color_space": {
    "rgb": {
      "r": 92,
      "g": 171,
      "b": 163
    },
    "hsv": {
      "h_lower": 63,
      "h_upper": 164,
      "s": 101,
      "v": 115
    },
    "lab": {
      "l": [
        45,
        198
      ],
      "a": 145,
      "b": 101
    }
  },
  "sor": {
    "meanK": 52,
    "StddevMultThresh": 2.2129687797038344
  },
  "counting": {
    "general": {
      "voxel_res": 0.006359507291487719,
      "seed_res": 0.024296144225743752
    },
    "lccp1": {
      "color": 0.17930291074125726,
      "space": 0.4738200426364674,
      "normal": 0.5606610264002091,
      "ct": 66.87702332922326,
      "st": 0.5345479810843218
    },
    "lccp2": {
      "color": 0.2727958465234927,
      "space": 0.4101041310610201,
      "normal": 0.6139184417588307,
      "ct": 64.06347134399026,
      "st": 0.3968115079051284
    },
    "global_weights": {
      "w_length": 0.5999139275743828,
      "w_cross": 0.5760317874475134,
      "w_volume": 0.4834119945600889
    },
    "ideals": {
      "length": [
        0.022421551510669137,
        0.0763100355720817
      ],
      "cross": [
        0.6132103918609622,
        1.379156927180302
      ],
      "volume": [
        1.3496951280556102e-07,
        1.1708477840349445e-06
      ],
      "k_iter": 2
    }
  }
}