{
  "color_space": {
    "rgb": {
      "r": 154,
      "g": 84,
      "b": 58
    },
    "hsv": {
      "h_lower": 11,
      "h_upper": 173,
      "s": 92,
      "v": 106
    },
    "lab": {
      "l": [
        48,
        195
      ],
      "a": 124,
      "b": 115
    }
  },
  "sor": {
    "meanK": 59,
    "StddevMultThresh": 2.1018666287013463
  },
  "counting": {
    "general": {
      "voxel_res": 0.007396042719948328,
      "seed_res": 0.02108738839388751
    },
    "lccp1": {
      "color": 0.30319192379203247,
      "space": 0.46198241560422554,
      "normal": 0.3827487385329834,
      "ct": 74.8007710897113,
      "st": 0.6310473074073574
    },
    "lccp2": {
      "color": 0.06325704063269964,
      "space": 0.36920622088049637,
      "normal": 0.42407017272462194,
      "ct": 89.36818323690345,
      "st": 0.6618948586437848
    },
    "global_weights": {
      "w_length": 0.5456468664286724,
      "w_cross": 0.9901745147276789,
      "w_volume": 0.3266934700100194
    },
    "ideals": {
      "length": [
        0.005778885284450106,
        0.023204355851409474
      ],
      "cross": [
        0.4309963452918803,
        1.2629971185255144
      ],
      "volume": [
        2.415980404953943e-08,
        1.3071308929480645e-06
      ],
      "k_iter": 4
    }
  }
}