{
  "color_space": {
    "rgb": {
      "r": 54,
      "g": 85,
      "b": 198
    },
    "hsv": {
      "h_lower": 72,
      "h_upper": 129,
      "s": 148,
      "v": 55
    },
    "lab": {
      "l": [
        59,
        168
      ],
      "a": 156,
      "b": 163
    }
  },
  "sor": {
    "meanK": 85,
    "StddevMultThresh": 1.8118744952803727
  },
  "counting": {
    "general": {
      "voxel_res": 0.00705833612380965,
      "seed_res": 0.01100036769850271
    },
    "lccp1": {
      "color": 0.12752231606331624,
      "space": 0.6346506793306186,
      "normal": 0.4689285176781283,
      "ct": 79.63039199910762,
      "st": 0.6995084764324979
    },
    "lccp2": {
      "color": 0.26377621170907384,
      "space": 0.32687177000088086,
      "normal": 0.6901560329378811,
      "ct": 134.36747944338896,
      "st": 0.4492880712974249
    },
    "global_weights": {
      "w_length": 0.6108874221743072,
      "w_cross": 0.6840737037936542,
      "w_volume": 0.3291093654517506
    },
    "ideals": {
      "length": [
        0.009788757442956271,
        0.02450665315579813
      ],
      "cross": [
        0.4938430761523373,
        1.3974099310990502
      ],
      "volume": [
        1.5980750039264168e-07,
        1.190921100866125e-06
      ],
      "k_iter": 2
    }
  }
}