{
  "color_space": {
    "rgb": {
      "r": 101,
      "g": 162,
      "b": 181
    },
    "hsv": {
      "h_lower": 1,
      "h_upper": 175,
      "s": 87,
      "v": 101
    },
    "lab": {
      "l": [
        47,
        201
      ],
      "a": 112,
      "b": 103
    }
  },
  "sor": {
    "meanK": 97,
    "StddevMultThresh": 1.5387489340717073
  },
  "counting": {
    "general": {
      "voxel_res": 0.0054050108882816444,
      "seed_res": 0.01753608194324914
    },
    "lccp1": {
      "color": 0.08111599072386931,
      "space": 0.590824647298053,
      "normal": 0.2135635695413626,
      "ct": 145.0120342968202,
      "st": 0.4828594781349064
    },
    "lccp2": {
      "color": 0.19493635253490924,
      "space": 0.5249261773168192,
      "normal": 0.7196699847679684,
      "ct": 138.04228617211828,
      "st": 0.5710822626835655
    },
    "global_weights": {
      "w_length": 0.7428077714328151,
      "w_cross": 0.5387654929967604,
      "w_volume": 0.4444913203556423
    },
    "ideals": {
      "length": [
        0.0054021849149037925,
        0.021639801997857377
      ],
      "cross": [
        0.7275997088079487,
        1.4925278591538405
      ],
      "volume": [
        1.431324872270568e-07,
        7.444329653256189e-07
      ],
      "k_iter": 1
    }
  }
}