{
  "color_space": {
    "rgb": {
      "r": 198,
      "g": 121,
      "b": 59
    },
    "hsv": {
      "h_lower": 43,
      "h_upper": 124,
      "s": 92,
      "v": 132
    },
    "lab": {
      "l": [
        38,
        253
      ],
      "a": 59,
      "b": 159
    }
  },
  "sor": {
    "meanK": 59,
    "StddevMultThresh": 1.8183801760198397
  },
  "counting": {
    "general": {
      "voxel_res": 0.007829501479363234,
      "seed_res": 0.020326109137911174
    },
    "lccp1": {
      "color": 0.0987500590307746,
      "space": 0.2084751881816742,
      "normal": 0.36970594157063436,
      "ct": 81.27325989054937,
      "st": 0.7572438996476226
    },
    "lccp2": {
      "color": 0.3138210560905776,
      "space": 0.4111958644898699,
      "normal": 0.5418308212293327,
      "ct": 37.80022316522459,
      "st": 0.03224362779033263
    },
    "global_weights": {
      "w_length": 0.41486827514823776,
      "w_cross": 0.7328695529663557,
      "w_volume": 0.25126467737399466
    },
    "ideals": {
      "length": [
        0.006118877471461811,
        0.022997161946764464
      ],
      "cross": [
        0.49222245337267334,
        1.2325828806752182
      ],
      "volume": [
        3.966601277578597e-08,
        1.5087524857392547e-06
      ],
      "k_iter": 3
    }
  }
}