{
  "color_space": {
    "rgb": {
      "r": 173,
      "g": 169,
      "b": 93
    },
    "hsv": {
      "h_lower": 7,
      "h_upper": 159,
      "s": 118,
      "v": 51
    },
    "lab": {
      "l": [
        33,
        165
      ],
      "a": 158,
      "b": 24
    }
  },
  "sor": {
    "meanK": 75,
    "StddevMultThresh": 2.1627327237141842
  },
  "counting": {
    "general": {
      "voxel_res": 0.0077855525710747815,
      "seed_res": 0.034707935301272766
    },
    "lccp1": {
      "color": 0.21878889207284577,
      "space": 0.45720109112413665,
      "normal": 0.28618690146561576,
      "ct": 112.22022876537741,
      "st": 0.7880627068596102
    },
    "lccp2": {
      "color": 0.09270048162299607,
      "space": 0.4320229504873564,
      "normal": 0.638430310616502,
      "ct": 104.3867082827023,
      "st": 0.6481434918820546
    },
    "global_weights": {
      "w_length": 0.12249632342578115,
      "w_cross": 0.22141682765454385,
      "w_volume": 0.3167613287379648
    },
    "ideals": {
      "length": [
        0.008298757496157428,
        0.023639444078412043
      ],
      "cross": [
        0.6882682077375557,
        1.2823640350330363
      ],
      "volume": [
        1.0872625554622917e-07,
        1.1771810147889984e-06
      ],
      "k_iter": 3
    }
  }
}