{
  "color_space": {
    "rgb": {
      "r": 127,
      "g": 126,
      "b": 90
    },
    "hsv": {
      "h_lower": 53,
      "h_upper": 134,
      "s": 93,
      "v": 91
    },
    "lab": {
      "l": [
        40,
        195
      ],
      "a": 118,
      "b": 101
    }
  },
  "sor": {
    "meanK": 54,
    "StddevMultThresh": 1.9995944078741583
  },
  "counting": {
    "general": {
      "voxel_res": 0.006572292639061466,
      "seed_res": 0.021075402738976297
    },
    "lccp1": {
      "color": 0.1075069657144034,
      "space": 0.41512482951726776,
      "normal": 0.5498282814342556,
      "ct": 62.98887983659084,
      "st": 0.5968195703150758
    },
    "lccp2": {
      "color": 0.20070121579278682,
      "space": 0.45646991566936934,
      "normal": 0.5628125428978674,
      "ct": 52.7198892375467,
      "st": 0.49701852604868646
    },
    "global_weights": {
      "w_length": 0.5814410697717004,
      "w_cross": 0.5028949501095905,
      "w_volume": 0.5770352038898904
    },
    "ideals": {
      "length": [
        0.02023857230783033,
        0.0432872656190537
      ],
      "cross": [
        0.5560437150459683,
        1.4534171027418554
      ],
      "volume": [
        1.257324526358853e-07,
        1.0515813271266902e-06
      ],
      "k_iter": 3
    }
  }
}