{
  "color_space": {
    "rgb": {
      "r": 96,
      "g": 143,
      "b": 134
    },
    "hsv": {
      "h_lower": 25,
      "h_upper": 118,
      "s": 97,
      "v": 117
    },
    "lab": {
      "l": [
        49,
        190
      ],
      "a": 134,
      "b": 104
    }
  },
  "sor": {
    "meanK": 55,
    "StddevMultThresh": 2.228838058698564
  },
  "counting": {
    "general": {
      "voxel_res": 0.006215820730050978,
      "seed_res": 0.024084580627218286
    },
    "lccp1": {
      "color": 0.15714868511149785,
      "space": 0.456427354470947,
      "normal": 0.558174809780133,
      "ct": 70.05469491254719,
      "st": 0.4187437358744503
    },
    "lccp2": {
      "color": 0.26449059742563596,
      "space": 0.5319465601811358,
      "normal": 0.581643900359369,
      "ct": 52.983900533319826,
      "st": 0.39460857639421143
    },
    "global_weights": {
      "w_length": 0.5099523639519262,
      "w_cross": 0.7043745659289845,
      "w_volume": 0.5227961798284706
    },
    "ideals": {
      "length": [
        0.02397049772680094,
        0.06728472947021094
      ],
      "cross": [
        0.5531879088717174,
        1.4946874042000822
      ],
      "volume": [
        1.229079891937859e-07,
        1.1350050861361988e-06
      ],
      "k_iter": 2
    }
  }
}