{
  "color_space": {
    "rgb": {
      "r": 178,
      "g": 59,
      "b": 122
    },
    "hsv": {
      "h_lower": 7,
      "h_upper": 172,
      "s": 85,
      "v": 110
    },
    "lab": {
      "l": [
        52,
        198
      ],
      "a": 100,
      "b": 117
    }
  },
  "sor": {
    "meanK": 33,
    "StddevMultThresh": 2.1644286652160547
  },
  "counting": {
    "general": {
      "voxel_res": 0.005651678405414928,
      "seed_res": 0.01517850611162337
    },
    "lccp1": {
      "color": 0.16436339495855973,
      "space": 0.558275489153611,
      "normal": 0.6306615062967778,
      "ct": 70.61049094083364,
      "st": 0.2843454905806545
    },
    "lccp2": {
      "color": 0.022541401105761284,
      "space": 0.656603638927711,
      "normal": 0.4901527138561637,
      "ct": 80.4211604084135,
      "st": 0.6267750211431784
    },
    "global_weights": {
      "w_length": 0.4449381066258584,
      "w_cross": 0.8067414225786219,
      "w_volume": 0.6864915915501325
    },
    "ideals": {
      "length": [
        0.00612167052284745,
        0.024684377111701614
      ],
      "cross": [
        0.6923014319713073,
        1.4667193321118739
      ],
      "volume": [
        2.7193546641814324e-08,
        9.317732208630671e-07
      ],
      "k_iter": 1
    }
  }
}