{
  "color_space": {
    "rgb": {
      "r": 104,
      "g": 54,
      "b": 139
    },
    "hsv": {
      "h_lower": 35,
      "h_upper": 143,
      "s": 142,
      "v": 113
    },
    "lab": {
      "l": [
        93,
        165
      ],
      "a": 71,
      "b": 30
    }
  },
  "sor": {
    "meanK": 43,
    "StddevMultThresh": 2.563863722819801
  },
  "counting": {
    "general": {
      "voxel_res": 0.0053506046394689545,
      "seed_res": 0.032387120650886406
    },
    "lccp1": {
      "color": 0.3618965609830608,
      "space": 0.45651597951410117,
      "normal": 0.29158443948499563,
      "ct": 104.40398765284557,
      "st": 0.3359756080332327
    },
    "lccp2": {
      "color": 0.23430080545276338,
      "space": 0.38427519197768134,
      "normal": 0.30250447335961994,
      "ct": 67.87373001830998,
      "st": 0.948951702841519
    },
    "global_weights": {
      "w_length": 0.4745560392382141,
      "w_cross": 0.7304493473113082,
      "w_volume": 0.532559928412592
    },
    "ideals": {
      "length": [
        0.005884644091223692,
        0.021892328997383522
      ],
      "cross": [
        0.5352884564941232,
        1.3456674971383562
      ],
      "volume": [
        2.5370104937405058e-08,
        1.2410190209271642e-06
      ],
      "k_iter": 4
    }
  }
}