{
  "color_space": {
    "rgb": {
      "r": 155,
      "g": 73,
      "b": 57
    },
    "hsv": {
      "h_lower": 11,
      "h_upper": 176,
      "s": 97,
      "v": 103
    },
    "lab": {
      "l": [
        44,
        200
      ],
      "a": 143,
      "b": 120
    }
  },
  "sor": {
    "meanK": 50,
    "StddevMultThresh": 2.1908790708466332
  },
  "counting": {
    "general": {
      "voxel_res": 0.006563030607202095,
      "seed_res": 0.01937377341529319
    },
    "lccp1": {
      "color": 0.3747460649604468,
      "space": 0.47447607716281176,
      "normal": 0.707818268529022,
      "ct": 47.970368735251476,
      "st": 0.4911739403818077
    },
    "lccp2": {
      "color": 0.1831173997003559,
      "space": 0.7805815467520654,
      "normal": 0.32694091572208517,
      "ct": 26.72176107480892,
      "st": 0.7847944422911363
    },
    "global_weights": {
      "w_length": 0.6475464436509013,
      "w_cross": 0.6987344584861914,
      "w_volume": 0.9521794509336494
    },
    "ideals": {
      "length": [
        0.005435155860079962,
        0.022899631254388687
      ],
      "cross": [
        0.6942166774629794,
        1.2358972017276286
      ],
      "volume": [
        1.6714036628562724e-07,
        9.89528691987989e-07
      ],
      "k_iter": 4
    }
  }
}