{
  "color_space": {
    "rgb": {
      "r": 63,
      "g": 65,
      "b": 139
    },
    "hsv": {
      "h_lower": 5,
      "h_upper": 109,
      "s": 72,
      "v": 72
    },
    "lab": {
      "l": [
        28,
        180
      ],
      "a": 164,
      "b": 54
    }
  },
  "sor": {
    "meanK": 81,
    "StddevMultThresh": 2.0707041399026425
  },
  "counting": {
    "general": {
      "voxel_res": 0.007805223902465312,
      "seed_res": 0.03411639642318704
    },
    "lccp1": {
      "color": 0.31102020474986997,
      "space": 0.7162362803626472,
      "normal": 0.20700261535569886,
      "ct": 51.29063933800751,
      "st": 0.04725849538978488
    },
    "lccp2": {
      "color": 0.14221153753623292,
      "space": 0.69282921156378,
      "normal": 0.7340705331475135,
      "ct": 141.01628295884018,
      "st": 0.09796943931813529
    },
    "global_weights": {
      "w_length": 0.2660971414306402,
      "w_cross": 0.32072687795283505,
      "w_volume": 0.8859203771935442
    },
    "ideals": {
      "length": [
        0.009691913817238884,
        0.02301687455748913
      ],
      "cross": [
        0.5643264551973072,
        1.2040226743454128
      ],
      "volume": [
        7.444273519987293e-08,
        7.400263091738086e-07
      ],
      "k_iter": 3
    }
  }
}