{
  "color_space": {
    "rgb": {
      "r": 165,
      "g": 107,
      "b": 85
    },
    "hsv": {
      "h_lower": 21,
      "h_upper": 173,
      "s": 85,
      "v": 110
    },
    "lab": {
      "l": [
        46,
        191
      ],
      "a": 105,
      "b": 119
    }
  },
  "sor": {
    "meanK": 87,
    "StddevMultThresh": 2.9410841651648156
  },
  "counting": {
    "general": {
      "voxel_res": 0.007536765305881056,
      "seed_res": 0.011499480347256322
    },
    "lccp1": {
      "color": 0.33865714770749067,
      "space": 0.3551864917943046,
      "normal": 0.77999927459639,
      "ct": 55.416874630206756,
      "st": 0.0812679121176827
    },
    "lccp2": {
      "color": 0.3273249344917826,
      "space": 0.43411823419138856,
      "normal": 0.3896718149780819,
      "ct": 10.906319923019083,
      "st": 0.6966794268645429
    },
    "global_weights": {
      "w_length": 0.6179240825141362,
      "w_cross": 0.9739142039579385,
      "w_volume": 0.8980852867165161
    },
    "ideals": {
      "length": [
        0.009629166659495838,
        0.020859130512700795
      ],
      "cross": [
        0.5477391738094429,
        1.3380141721630043
      ],
      "volume": [
        2.1148366061575108e-07,
        1.0487938144713563e-06
      ],
      "k_iter": 4
    }
  }
}