{
  "color_space": {
    "rgb": {
      "r": 67,
      "g": 193,
      "b": 107
    },
    "hsv": {
      "h_lower": 63,
      "h_upper": 146,
      "s": 88,
      "v": 61
    },
    "lab": {
      "l": [
        98,
        193
      ],
      "a": 109,
      "b": 152
    }
  },
  "sor": {
    "meanK": 92,
    "StddevMultThresh": 1.0307273608285417
  },
  "counting": {
    "general": {
      "voxel_res": 0.007497008550298222,
      "seed_res": 0.03782189419539363
    },
    "lccp1": {
      "color": 0.13396160070853727,
      "space": 0.5986464587192596,
      "normal": 0.7552131065251153,
      "ct": 16.023850940076017,
      "st": 0.5282795988699048
    },
    "lccp2": {
      "color": 0.1864532315593769,
      "space": 0.6440099426231369,
      "normal": 0.31726361962460553,
      "ct": 164.39718111894504,
      "st": 0.7095449523860919
    },
    "global_weights": {
      "w_length": 0.6846885654295883,
      "w_cross": 0.5842219197957513,
      "w_volume": 0.9584862797337553
    },
    "ideals": {
      "length": [
        0.005774332834496793,
        0.02491382512889333
      ],
      "cross": [
        0.48621206806852496,
        1.322323242978042
      ],
      "volume": [
        9.398775684078449e-08,
        9.296313866515391e-07
      ],
      "k_iter": 3
    }
  }
}