{
  "color_space": {
    "rgb": {
      "r": 139,
      "g": 60,
      "b": 148
    },
    "hsv": {
      "h_lower": 5,
      "h_upper": 170,
      "s": 87,
      "v": 124
    },
    "lab": {
      "l": [
        96,
        226
      ],
      "a": 90,
      "b": 167
    }
  },
  "sor": {
    "meanK": 41,
    "StddevMultThresh": 1.9800915600680298
  },
  "counting": {
    "general": {
      "voxel_res": 0.006905142577346666,
      "seed_res": 0.0221484466885939
    },
    "lccp1": {
      "color": 0.27597526929050886,
      "space": 0.5901215800490929,
      "normal": 0.30181287668679424,
      "ct": 63.65728107230357,
      "st": 0.4833985917232947
    },
    "lccp2": {
      "color": 0.1249489215725312,
      "space": 0.7820970275683212,
      "normal": 0.6467404889756498,
      "ct": 162.52061796787228,
      "st": 0.6747762178094087
    },
    "global_weights": {
      "w_length": 0.15175333323308965,
      "w_cross": 0.4777305049455006,
      "w_volume": 0.3501129866680016
    },
    "ideals": {
      "length": [
        0.005224206088859823,
        0.020249609641295737
      ],
      "cross": [
        0.6655490160697235,
        1.3037605442582474
      ],
      "volume": [
        2.227555198978227e-07,
        1.3380863478806357e-06
      ],
      "k_iter": 3
    }
  }
}