{
  "color_space": {
    "rgb": {
      "r": 121,
      "g": 58,
      "b": 172
    },
    "hsv": {
      "h_lower": 61,
      "h_upper": 165,
      "s": 143,
      "v": 110
    },
    "lab": {
      "l": [
        65,
        240
      ],
      "a": 110,
      "b": 109
    }
  },
  "sor": {
    "meanK": 70,
    "StddevMultThresh": 2.067248445812111
  },
  "counting": {
    "general": {
      "voxel_res": 0.0065738976660198985,
      "seed_res": 0.014263037436075304
    },
    "lccp1": {
      "color": 0.34699199529515623,
      "space": 0.39308805402076186,
      "normal": 0.4893400544357382,
      "ct": 121.70137504890606,
      "st": 0.7837064120366567
    },
    "lccp2": {
      "color": 0.030711945710095813,
      "space": 0.7411610998074736,
      "normal": 0.6086749568854531,
      "ct": 107.86923165584142,
      "st": 0.058177398690851145
    },
    "global_weights": {
      "w_length": 0.2845932867803057,
      "w_cross": 0.8302634587945348,
      "w_volume": 0.95006652057331
    },
    "ideals": {
      "length": [
        0.007426539158206182,
        0.021863285489838444
      ],
      "cross": [
        0.5785653387804508,
        1.4852831880806394
      ],
      "volume": [
        2.3082922770525862e-07,
        1.0875264469257545e-06
      ],
      "k_iter": 1
    }
  }
}