{
  "color_space": {
    "rgb": {
      "r": 188,
      "g": 65,
      "b": 117
    },
    "hsv": {
      "h_lower": 75,
      "h_upper": 110,
      "s": 145,
      "v": 131
    },
    "lab": {
      "l": [
        42,
        184
      ],
      "a": 17,
      "b": 83
    }
  },
  "sor": {
    "meanK": 66,
    "StddevMultThresh": 1.5034460626525195
  },
  "counting": {
    "general": {
      "voxel_res": 0.007904106536301232,
      "seed_res": 0.02047527537477755
    },
    "lccp1": {
      "color": 0.3036737005157162,
      "space": 0.2745352863917515,
      "normal": 0.28497506088596924,
      "ct": 162.66681192799658,
      "st": 0.3787029621665303
    },
    "lccp2": {
      "color": 0.1560017090072553,
      "space": 0.67852597820401,
      "normal": 0.5137360608793611,
      "ct": 160.55190837588813,
      "st": 0.8415969921767553
    },
    "global_weights": {
      "w_length": 0.6269172627307175,
      "w_cross": 0.23422820683029255,
      "w_volume": 0.7211788082966234
    },
    "ideals": {
      "length": [
        0.00910609772615837,
        0.02046651129281573
      ],
      "cross": [
        0.6198974047334043,
        1.3567959735114372
      ],
      "volume": [
        2.1007897989517937e-08,
        1.1905336443849015e-06
      ],
      "k_iter": 3
    }
  }
}