{
  "color_space": {
    "rgb": {
      "r": 82,
      "g": 60,
      "b": 130
    },
    "hsv": {
      "h_lower": 69,
      "h_upper": 166,
      "s": 68,
      "v": 108
    },
    "lab": {
      "l": [
        92,
        154
      ],
      "a": 162,
      "b": 90
    }
  },
  "sor": {
    "meanK": 56,
    "StddevMultThresh": 2.429042184482843
  },
  "counting": {
    "general": {
      "voxel_res": 0.00798607994332924,
      "seed_res": 0.030838368582114188
    },
    "lccp1": {
      "color": 0.3976977150947253,
      "space": 0.6775418111424465,
      "normal": 0.30214827689919876,
      "ct": 22.92827083857709,
      "st": 0.8378996590850621
    },
    "lccp2": {
      "color": 0.10539582376579291,
      "space": 0.34076712298748024,
      "normal": 0.3198083829707247,
      "ct": 155.95270848802633,
      "st": 0.8538717096910521
    },
    "global_weights": {
      "w_length": 0.8187350105664511,
      "w_cross": 0.7172734262699823,
      "w_volume": 0.9744215889098096
    },
    "ideals": {
      "length": [
        0.005825262307880194,
        0.02233405122468098
      ],
      "cross": [
        0.6511782972851712,
        1.5031646161680734
      ],
      "volume": [
        1.5640424288008844e-07,
        1.540364206782168e-06
      ],
      "k_iter": 2
    }
  }
}