{
  "color_space": {
    "rgb": {
      "r": 71,
      "g": 143,
      "b": 94
    },
    "hsv": {
      "h_lower": 9,
      "h_upper": 167,
      "s": 82,
      "v": 90
    },
    "lab": {
      "l": [
        54,
        202
      ],
      "a": 133,
      "b": 114
    }
  },
  "sor": {
    "meanK": 97,
    "StddevMultThresh": 2.051570044240459
  },
  "counting": {
    "general": {
      "voxel_res": 0.007126019199896418,
      "seed_res": 0.03360926506234994
    },
    "lccp1": {
      "color": 0.17727048636952578,
      "space": 0.4133296064831993,
      "normal": 0.61543505879494,
      "ct": 156.5996042784611,
      "st": 0.47068254358744077
    },
    "lccp2": {
      "color": 0.2245811887422817,
      "space": 0.3024811987538284,
      "normal": 0.3581459058269086,
      "ct": 45.307489256813795,
      "st": 0.24109435456354522
    },
    "global_weights": {
      "w_length": 0.16846211042632186,
      "w_cross": 0.8574500369703463,
      "w_volume": 0.49753703438492347
    },
    "ideals": {
      "length": [
        0.007773442375239668,
        0.022775529742656182
      ],
      "cross": [
        0.7635254203680776,
        1.3483411886136438
      ],
      "volume": [
        5.236931238434982e-08,
        7.494923522430727e-07
      ],
      "k_iter": 1
    }
  }
}