{
  "color_space": {
    "rgb": {
      "r": 82,
      "g": 55,
      "b": 160
    },
    "hsv": {
      "h_lower": 7,
      "h_upper": 127,
      "s": 77,
      "v": 134
    },
    "lab": {
      "l": [
        39,
        161
      ],
      "a": 49,
      "b": 93
    }
  },
  "sor": {
    "meanK": 40,
    "StddevMultThresh": 2.857441402365059
  },
  "counting": {
    "general": {
      "voxel_res": 0.007615749173892217,
      "seed_res": 0.019653825921950925
    },
    "lccp1": {
      "color": 0.24107068663002243,
      "space": 0.31780168959286254,
      "normal": 0.27030444681602955,
      "ct": 126.22872259377618,
      "st": 0.7084707663532364
    },
    "lccp2": {
      "color": 0.3214184568082764,
      "space": 0.7766860526721393,
      "normal": 0.2844745968136936,
      "ct": 92.37536945937427,
      "st": 0.20127574080388855
    },
    "global_weights": {
      "w_length": 0.7239011216439232,
      "w_cross": 0.39271947912561544,
      "w_volume": 0.30973075657647464
    },
    "ideals": {
      "length": [
        0.008557294085397729,
        0.022390095822901874
      ],
      "cross": [
        0.7688983424915844,
        1.5369162748172445
      ],
      "volume": [
        2.865935625607128e-08,
        1.4970710471536176e-06
      ],
      "k_iter": 1
    }
  }
}