{
  "color_space": {
    "rgb": {
      "r": 149,
      "g": 177,
      "b": 193
    },
    "hsv": {
      "h_lower": 68,
      "h_upper": 148,
      "s": 94,
      "v": 97
    },
    "lab": {
      "l": [
        61,
        224
      ],
      "a": 40,
      "b": 92
    }
  },
  "sor": {
    "meanK": 82,
    "StddevMultThresh": 2.908410198340375
  },
  "counting": {
    "general": {
      "voxel_res": 0.005507894377799055,
      "seed_res": 0.03563461690446686
    },
    "lccp1": {
      "color": 0.008271115864336,
      "space": 0.6808492316200085,
      "normal": 0.33816367531250613,
      "ct": 15.882009001552948,
      "st": 0.04316378584373004
    },
    "lccp2": {
      "color": 0.050903464862891795,
      "space": 0.773117677996082,
      "normal": 0.20565197990910353,
      "ct": 44.888232376365096,
      "st": 0.9890816545423112
    },
    "global_weights": {
      "w_length": 0.7445321303702991,
      "w_cross": 0.6099742743711299,
      "w_volume": 0.3520824910231508
    },
    "ideals": {
      "length": [
        0.007870385085186211,
        0.020502906575692866
      ],
      "cross": [
        0.6715127814037152,
        1.3822307592317862
      ],
      "volume": [
        5.169022824629337e-08,
        7.449739648971977e-07
      ],
      "k_iter": 4
    }
  }
}