{
  "color_space": {
    "rgb": {
      "r": 156,
      "g": 191,
      "b": 118
    },
    "hsv": {
      "h_lower": 44,
      "h_upper": 153,
      "s": 108,
      "v": 55
    },
    "lab": {
      "l": [
        10,
        162
      ],
      "a": 85,
      "b": 32
    }
  },
  "sor": {
    "meanK": 69,
    "StddevMultThresh": 2.524269155399419
  },
  "counting": {
    "general": {
      "voxel_res": 0.005920815609300659,
      "seed_res": 0.01798389087749249
    },
    "lccp1": {
      "color": 0.11279175496467456,
      "space": 0.21651889709307093,
      "normal": 0.5101310227037881,
      "ct": 119.74478689003453,
      "st": 0.3211182825323725
    },
    "lccp2": {
      "color": 0.28100989821176414,
      "space": 0.27658317029710233,
      "normal": 0.38327288007502414,
      "ct": 22.00602719671293,
      "st": 0.5934213257401197
    },
    "global_weights": {
      "w_length": 0.38894626047721714,
      "w_cross": 0.2824297788977623,
      "w_volume": 0.3620486094553954
    },
    "ideals": {
      "length": [
        0.0074438292706099285,
        0.021650417076958698
      ],
      "cross": [
        0.7106844456253835,
        1.3515956169547811
      ],
      "volume": [
        1.094370256688167e-07,
        1.2283556915290846e-06
      ],
      "k_iter": 4
    }
  }
}