{
  "color_space": {
    "rgb": {
      "r": 104,
      "g": 170,
      "b": 67
    },
    "hsv": {
      "h_lower": 50,
      "h_upper": 134,
      "s": 124,
      "v": 57
    },
    "lab": {
      "l": [
        50,
        193
      ],
      "a": 118,
      "b": 110
    }
  },
  "sor": {
    "meanK": 60,
    "StddevMultThresh": 2.1499063702398873
  },
  "counting": {
    "general": {
      "voxel_res": 0.006196507511250599,
      "seed_res": 0.024677792270706694
    },
    "lccp1": {
      "color": 0.10555235201435254,
      "space": 0.42690422235025205,
      "normal": 0.545381571587813,
      "ct": 70.63781559539134,
      "st": 0.5418920825163808
    },
    "lccp2": {
      "color": 0.2593604718956341,
      "space": 0.4121729774242651,
      "normal": 0.5906875347416152,
      "ct": 63.26606464022319,
      "st": 0.3712598166445156
    },
    "global_weights": {
      "w_length": 0.4912383726747871,
      "w_cross": 0.6053792938533635,
      "w_volume": 0.4858843254441122
    },
    "ideals": {
      "length": [
        0.018949762934780734,
        0.020049276892503697
      ],
      "cross": [
        0.5876141036323047,
        1.4693794480546418
      ],
      "volume": [
        1.4668655760084682e-07,
        1.0798339451119826e-06
      ],
      "k_iter": 2
    }
  }
}