{
  "color_space": {
    "rgb": {
      "r": 195,
      "g": 168,
      "b": 134
    },
    "hsv": {
      "h_lower": 38,
      "h_upper": 124,
      "s": 132,
      "v": 136
    },
    "lab": {
      "l": [
        87,
        179
      ],
      "a": 6,
      "b": 50
    }
  },
  "sor": {
    "meanK": 93,
    "StddevMultThresh": 2.474876245605682
  },
  "counting": {
    "general": {
      "voxel_res": 0.005373798398099739,
      "seed_res": 0.010232419356035206
    },
    "lccp1": {
      "color": 0.09656615339548554,
      "space": 0.30126044824156006,
      "normal": 0.2266425132941899,
      "ct": 60.820576190401674,
      "st": 0.24061167464094457
    },
    "lccp2": {
      "color": 0.322942085616065,
      "space": 0.35661469370645704,
      "normal": 0.5992184386970739,
      "ct": 36.33629172542085,
      "st": 0.3543565640465156
    },
    "global_weights": {
      "w_length": 0.568980510209995,
      "w_cross": 0.5949116606461641,
      "w_volume": 0.7049111660088926
    },
    "ideals": {
      "length": [
        0.005601230996050818,
        0.02165290620499728
      ],
      "cross": [
        0.41231227227862743,
        1.5182684794342878
      ],
      "volume": [
        2.0004987564628377e-07,
        8.371737919748173e-07
      ],
      "k_iter": 2
    }
  }
}