{
  "color_space": {
    "rgb": {
      "r": 160,
      "g": 68,
      "b": 197
    },
    "hsv": {
      "h_lower": 20,
      "h_upper": 162,
      "s": 134,
      "v": 69
    },
    "lab": {
      "l": [
        45,
        207
      ],
      "a": 119,
      "b": 108
    }
  },
  "sor": {
    "meanK": 51,
    "StddevMultThresh": 2.077199289237167
  },
  "counting": {
    "general": {
      "voxel_res": 0.006430670176165895,
      "seed_res": 0.022686861487142506
    },
    "lccp1": {
      "color": 0.12860359743081615,
      "space": 0.4283498411095381,
      "normal": 0.5083664366667502,
      "ct": 65.52066319792274,
      "st": 0.40781812338546575
    },
    "lccp2": {
      "color": 0.2289770605301783,
      "space": 0.45111962961453134,
      "normal": 0.5173222871996994,
      "ct": 61.07347561375617,
      "st": 0.41089828544659357
    },
    "global_weights": {
      "w_length": 0.48100154786679006,
      "w_cross": 0.6706241041916718,
      "w_volume": 0.5948297904408333
    },
    "ideals": {
      "length": [
        0.02069238066520442,
        0.06985452851276479
      ],
      "cross": [
        0.5716417731162801,
        1.366263141427947
      ],
      "volume": [
        1.2293855448085116e-07,
        1.016949659326199e-06
      ],
      "k_iter": 2
    }
  }
}