{
  "color_space": {
    "rgb": {
      "r": 194,
      "g": 185,
      "b": 54
    },
    "hsv": {
      "h_lower": 39,
      "h_upper": 124,
      "s": 76,
      "v": 109
    },
    "lab": {
      "l": [
        61,
        164
      ],
      "a": 87,
      "b": 2
    }
  },
  "sor": {
    "meanK": 74,
    "StddevMultThresh": 2.4391697798078136
  },
  "counting": {
    "general": {
      "voxel_res": 0.006471929212178087,
      "seed_res": 0.025544611706432328
    },
    "lccp1": {
      "color": 0.087099881797658,
      "space": 0.6948551666711091,
      "normal": 0.7027722012678963,
      "ct": 138.5109096636516,
      "st": 0.12498648648372324
    },
    "lccp2": {
      "color": 0.1727435413745802,
      "space": 0.7238175570815466,
      "normal": 0.23065722429513408,
      "ct": 59.94297627793863,
      "st": 0.4095324141999296
    },
    "global_weights": {
      "w_length": 0.2750326448279612,
      "w_cross": 0.636514256737913,
      "w_volume": 0.3912616586081952
    },
    "ideals": {
      "length": [
        0.005496297439197745,
        0.020198795059376447
      ],
      "cross": [
        0.79376435486828,
        1.2993759031704608
      ],
      "volume": [
        7.511373033439464e-08,
        9.460955246511324e-07
      ],
      "k_iter": 4
    }
  }
}