{
  "color_space": {
    "rgb": {
      "r": 116,
      "g": 70,
      "b": 118
    },
    "hsv": {
      "h_lower": 41,
      "h_upper": 107,
      "s": 95,
      "v": 60
    },
    "lab": {
      "l": [
        54,
        209
      ],
      "a": 122,
      "b": 110
    }
  },
  "sor": {
    "meanK": 51,
    "StddevMultThresh": 2.258878390802855
  },
  "counting": {
    "general": {
      "voxel_res": 0.006818366233483331,
      "seed_res": 0.0278182352030287
    },
    "lccp1": {
      "color": 0.15626839622232047,
      "space": 0.4707310518437101,
      "normal": 0.5815681111136517,
      "ct": 69.13744957650376,
      "st": 0.5450387390110408
    },
    "lccp2": {
      "color": 0.20177767519656728,
      "space": 0.4634959525192572,
      "normal": 0.6453081477241551,
      "ct": 62.27227833251226,
      "st": 0.4999472405811365
    },
    "global_weights": {
      "w_length": 0.47267086489337434,
      "w_cross": 0.7405017437658366,
      "w_volume": 0.5066832856136089
    },
    "ideals": {
      "length": [
        0.02446271113244182,
        0.04877235914960088
      ],
      "cross": [
        0.5701741601663434,
        1.41417172790242
      ],
      "volume": [
        1.3207811200093778e-07,
        1.014802738543998e-06
      ],
      "k_iter": 2
    }
  }
}