{
  "color_space": {
    "rgb": {
      "r": 110,
      "g": 172,
      "b": 157
    },
    "hsv": {
      "h_lower": 24,
      "h_upper": 138,
      "s": 64,
      "v": 127
    },
    "lab": {
      "l": [
        37,
        232
      ],
      "a": 65,
      "b": 27
    }
  },
  "sor": {
    "meanK": 60,
    "StddevMultThresh": 1.250944050117776
  },
  "counting": {
    "general": {
      "voxel_res": 0.0055659441017735815,
      "seed_res": 0.037566960821820566
    },
    "lccp1": {
      "color": 0.2771610871370604,
      "space": 0.2347813339718226,
      "normal": 0.5656088292600966,
      "ct": 62.210420957406924,
      "st": 0.9272213007889017
    },
    "lccp2": {
      "color": 0.1050287470605166,
      "space": 0.36389128424669315,
      "normal": 0.5245177964427064,
      "ct": 160.88852868938795,
      "st": 0.08624112836037345
    },
    "global_weights": {
      "w_length": 0.7082615144071324,
      "w_cross": 0.7488199325789046,
      "w_volume": 0.718642312266385
    },
    "ideals": {
      "length": [
        0.005258082382941402,
        0.021410325751711232
      ],
      "cross": [
        0.6664772314784068,
        1.2164406666891896
      ],
      "volume": [
        2.2969349521313648e-07,
        1.1524572915424271e-06
      ],
      "k_iter": 1
    }
  }
}