{
  "color_space": {
    "rgb": {
      "r": 135,
      "g": 84,
      "b": 130
    },
    "hsv": {
      "h_lower": 73,
      "h_upper": 137,
      "s": 65,
      "v": 96
    },
    "lab": {
      "l": [
        40,
        198
      ],
      "a": 145,
      "b": 114
    }
  },
  "sor": {
    "meanK": 54,
    "StddevMultThresh": 2.237700445763262
  },
  "counting": {
    "general": {
      "voxel_res": 0.006246701771019635,
      "seed_res": 0.02880411549633476
    },
    "lccp1": {
      "color": 0.12342554464882118,
      "space": 0.47793347890278604,
      "normal": 0.5699268466853562,
      "ct": 71.7962853773434,
      "st": 0.41942976664581433
    },
    "lccp2": {
      "color": 0.24750746462015205,
      "space": 0.42358822964230886,
      "normal": 0.5988036957672295,
      "ct": 60.3522056690647,
      "st": 0.4428291861991805
    },
    "global_weights": {
      "w_length": 0.450697114101264,
      "w_cross": 0.6918209221201301,
      "w_volume": 0.47640898275540244
    },
    "ideals": {
      "length": [
        0.017304319975181302,
        0.02351524067216719
      ],
      "cross": [
        0.56609488922717,
        1.4021459749590504
      ],
      "volume": [
        1.1589833713294211e-07,
        1.1777091646447932e-06
      ],
      "k_iter": 3
    }
  }
}