{
  "color_space": {
    "rgb": {
      "r": 51,
      "g": 113,
      "b": 181
    },
    "hsv": {
      "h_lower": 12,
      "h_upper": 171,
      "s": 90,
      "v": 96
    },
    "lab": {
      "l": [
        49,
        202
      ],
      "a": 123,
      "b": 113
    }
  },
  "sor": {
    "meanK": 62,
    "StddevMultThresh": 2.977188666804257
  },
  "counting": {
    "general": {
      "voxel_res": 0.006452692971805448,
      "seed_res": 0.03502241115439878
    },
    "lccp1": {
      "color": 0.1458719357637968,
      "space": 0.7420940083001535,
      "normal": 0.337902720120168,
      "ct": 148.4885172082433,
      "st": 0.8985218292615189
    },
    "lccp2": {
      "color": 0.15234208732615417,
      "space": 0.5833892489813708,
      "normal": 0.4846629226264031,
      "ct": 56.28769997497331,
      "st": 0.4972326475297393
    },
    "global_weights": {
      "w_length": 0.5435215491955774,
      "w_cross": 0.8601858362237942,
      "w_volume": 0.21969057980550355
    },
    "ideals": {
      "length": [
        0.008871527199239029,
        0.022265744450162654
      ],
      "cross": [
        0.5960285417929215,
        1.5642068466596077
      ],
      "volume": [
        1.9830161700370856e-07,
        1.3348653180755129e-06
      ],
      "k_iter": 1
    }
  }
}