{
  "color_space": {
    "rgb": {
      "r": 176,
      "g": 133,
      "b": 167
    },
    "hsv": {
      "h_lower": 13,
      "h_upper": 173,
      "s": 93,
      "v": 92
    },
    "lab": {
      "l": [
        55,
        198
      ],
      "a": 129,
      "b": 119
    }
  },
  "sor": {
    "meanK": 81,
    "StddevMultThresh": 2.772832779532521
  },
  "counting": {
    "general": {
      "voxel_res": 0.007664956140615621,
      "seed_res": 0.015514286450916369
    },
    "lccp1": {
      "color": 0.3965270333185979,
      "space": 0.7152462845265921,
      "normal": 0.3155159026204053,
      "ct": 40.927670217935486,
      "st": 0.25193263947659916
    },
    "lccp2": {
      "color": 0.3894783611845088,
      "space": 0.23392148983155525,
      "normal": 0.5600199921491716,
      "ct": 30.63350300174278,
      "st": 0.4840608642336558
    },
    "global_weights": {
      "w_length": 0.857293338165984,
      "w_cross": 0.9659594887893166,
      "w_volume": 0.6864673421933546
    },
    "ideals": {
      "length": [
        0.007330059604513153,
        0.023611440228325325
      ],
      "cross": [
        0.5690887551363597,
        1.3973211980850055
      ],
      "volume": [
        1.0896744261646263e-07,
        1.4082061499158125e-06
      ],
      "k_iter": 3
    }
  }
}