{
  "color_space": {
    "rgb": {
      "r": 57,
      "g": 87,
      "b": 183
    },
    "hsv": {
      "h_lower": 6,
      "h_upper": 165,
      "s": 81,
      "v": 90
    },
    "lab": {
      "l": [
        52,
        196
      ],
      "a": 100,
      "b": 106
    }
  },
  "sor": {
    "meanK": 85,
    "StddevMultThresh": 1.9397108927479683
  },
  "counting": {
    "general": {
      "voxel_res": 0.006021657248844765,
      "seed_res": 0.03648181075618323
    },
    "lccp1": {
      "color": 0.36667693780020283,
      "space": 0.4263306802613727,
      "normal": 0.3218210988687389,
      "ct": 168.05588672571554,
      "st": 0.2601253638305123
    },
    "lccp2": {
      "color": 0.19898145510788795,
      "space": 0.2299346171946801,
      "normal": 0.38036011257151153,
      "ct": 41.47449607056059,
      "st": 0.16364628466357145
    },
    "global_weights": {
      "w_length": 0.897460469902742,
      "w_cross": 0.31653556687714735,
      "w_volume": 0.9150143872418527
    },
    "ideals": {
      "length": [
        0.00810535887005507,
        0.021258787847548484
      ],
      "cross": [
        0.407309780670091,
        1.2932185941041812
      ],
      "volume": [
        2.695645793251649e-08,
        1.212414208000307e-06
      ],
      "k_iter": 4
    }
  }
}