{
  "color_space": {
    "rgb": {
      "r": 131,
      "g": 155,
      "b": 111
    },
    "hsv": {
      "h_lower": 21,
      "h_upper": 177,
      "s": 88,
      "v": 94
    },
    "lab": {
      "l": [
        51,
        190
      ],
      "a": 136,
      "b": 115
    }
  },
  "sor": {
    "meanK": 71,
    "StddevMultThresh": 2.793527935396508
  },
  "counting": {
    "general": {
      "voxel_res": 0.00541133211203205,
      "seed_res": 0.01756814922462807
    },
    "lccp1": {
      "color": 0.24858904133513257,
      "space": 0.24470791965277847,
      "normal": 0.7135212582586705,
      "ct": 91.86866493369868,
      "st": 0.5294484269440864
    },
    "lccp2": {
      "color": 0.32530558890098754,
      "space": 0.3454434058004452,
      "normal": 0.2667061972890584,
      "ct": 82.79681472048652,
      "st": 0.4272840878737325
    },
    "global_weights": {
      "w_length": 0.8089110857413211,
      "w_cross": 0.41513036485116706,
      "w_volume": 0.5663517165463196
    },
    "ideals": {
      "length": [
        0.008713636286135633,
        0.021247445553430604
      ],
      "cross": [
        0.5899831860292806,
        1.3314751992425935
      ],
      "volume": [
        1.5988471596288993e-07,
        1.230804671874698e-06
      ],
      "k_iter": 3
    }
  }
}