{
  "color_space": {
    "rgb": {
      "r": 194,
      "g": 122,
      "b": 75
    },
    "hsv": {
      "h_lower": 68,
      "h_upper": 125,
      "s": 139,
      "v": 94
    },
    "lab": {
      "l": [
        41,
        200
      ],
      "a": 130,
      "b": 114
    }
  },
  "sor": {
    "meanK": 56,
    "StddevMultThresh": 2.2855185827717244
  },
  "counting": {
    "general": {
      "voxel_res": 0.006374042171888657,
      "seed_res": 0.025883116840374903
    },
    "lccp1": {
      "color": 0.10256643108659198,
      "space": 0.4480361708696351,
      "normal": 0.5451524068413435,
      "ct": 71.34672442984683,
      "st": 0.5109787629500074
    },
    "lccp2": {
      "color": 0.27526691003839243,
      "space": 0.4473828642551948,
      "normal": 0.5306958614403865,
      "ct": 59.62202085108188,
      "st": 0.39348154583653533
    },
    "global_weights": {
      "w_length": 0.5222212132383156,
      "w_cross": 0.7011613513752399,
      "w_volume": 0.5630487887681179
    },
    "ideals": {
      "length": [
        0.020947586147878176,
        0.023793725299642576
      ],
      "cross": [
        0.6226796465318262,
        1.3170447928606255
      ],
      "volume": [
        1.3846295653968856e-07,
        1.0982869231628989e-06
      ],
      "k_iter": 3
    }
  }
}