{
  "color_space": {
    "rgb": {
      "r": 72,
      "g": 60,
      "b": 60
    },
    "hsv": {
      "h_lower": 72,
      "h_upper": 167,
      "s": 72,
      "v": 93
    },
    "lab": {
      "l": [
        55,
        178
      ],
      "a": 3,
      "b": 26
    }
  },
  "sor": {
    "meanK": 83,
    "StddevMultThresh": 2.712002222376656
  },
  "counting": {
    "general": {
      "voxel_res": 0.007587588484455805,
      "seed_res": 0.03335573118152586
    },
    "lccp1": {
      "color": 0.21420881545333303,
      "space": 0.21275534751085712,
      "normal": 0.20456317462451756,
      "ct": 62.29684342855798,
      "st": 0.8623937171769209
    },
    "lccp2": {
      "color": 0.022654313034986464,
      "space": 0.5520000143788764,
      "normal": 0.3658186219545515,
      "ct": 102.75379868400124,
      "st": 0.4624861943246483
    },
    "global_weights": {
      "w_length": 0.4255763787071797,
      "w_cross": 0.6471228248961085,
      "w_volume": 0.49815023128503444
    },
    "ideals": {
      "length": [
        0.006453678474818501,
        0.023671065793227003
      ],
      "cross": [
        0.7653976128340921,
        1.5192208464944255
      ],
      "volume": [
        1.790990333843064e-07,
        1.235162620724817e-06
      ],
      "k_iter": 4
    }
  }
}