{
  "color_space": {
    "rgb": {
      "r": 196,
      "g": 78,
      "b": 89
    },
    "hsv": {
      "h_lower": 11,
      "h_upper": 177,
      "s": 82,
      "v": 103
    },
    "lab": {
      "l": [
        54,
        190
      ],
      "a": 125,
      "b": 110
    }
  },
  "sor": {
    "meanK": 77,
    "StddevMultThresh": 2.5778313111161726
  },
  "counting": {
    "general": {
      "voxel_res": 0.005896981742321028,
      "seed_res": 0.03407634764868291
    },
    "lccp1": {
      "color": 0.20821045122345147,
      "space": 0.37256263113802157,
      "normal": 0.5083250823812188,
      "ct": 59.78150650727093,
      "st": 0.8853683278307728
    },
    "lccp2": {
      "color": 0.000963999093403345,
      "space": 0.4217254661624929,
      "normal": 0.7123730141538132,
      "ct": 48.45310999005628,
      "st": 0.2798970990724915
    },
    "global_weights": {
      "w_length": 0.11605176110189146,
      "w_cross": 0.5915847942704173,
      "w_volume": 0.8611870319559642
    },
    "ideals": {
      "length": [
        0.006618153347555536,
        0.024709190015214308
      ],
      "cross": [
        0.41327199625021066,
        1.3276213429310297
      ],
      "volume": [
        1.7996813695962883e-07,
        8.196615117187635e-07
      ],
      "k_iter": 2
    }
  }
}