{
  "color_space": {
    "rgb": {
      "r": 95,
      "g": 167,
      "b": 62
    },
    "hsv": {
      "h_lower": 58,
      "h_upper": 142,
      "s": 121,
      "v": 146
    },
    "lab": {
      "l": [
        71,
        160
      ],
      "a": 132,
      "b": 61
    }
  },
  "sor": {
    "meanK": 53,
    "StddevMultThresh": 1.2643593757684572
  },
  "counting": {
    "general": {
      "voxel_res": 0.005573125491805365,
      "seed_res": 0.022435073842580963
    },
    "lccp1": {
      "color": 0.2757408149278757,
      "space": 0.7904732539092447,
      "normal": 0.616387343753164,
      "ct": 18.59458620354996,
      "st": 0.4646906208116338
    },
    "lccp2": {
      "color": 0.15211421536244193,
      "space": 0.5620019892742232,
      "normal": 0.6414941220880777,
      "ct": 137.4243564580317,
      "st": 0.062458872799582954
    },
    "global_weights": {
      "w_length": 0.29259061665669034,
      "w_cross": 0.11390326950688756,
      "w_volume": 0.2938407477915655
    },
    "ideals": {
      "length": [
        0.009364020277076895,
        0.02166480089473751
      ],
      "cross": [
        0.7721332101222809,
        1.5978455255747108
      ],
      "volume": [
        8.53748863793842e-08,
        8.535927744878293e-07
      ],
      "k_iter": 1
    }
  }
}