{
  "color_space": {
    "rgb": {
      "r": 62,
      "g": 139,
      "b": 153
    },
    "hsv": {
      "h_lower": 5,
      "h_upper": 173,
      "s": 93,
      "v": 110
    },
    "lab": {
      "l": [
        46,
        200
      ],
      "a": 104,
      "b": 110
    }
  },
  "sor": {
    "meanK": 83,
    "StddevMultThresh": 2.5116356698807794
  },
  "counting": {
    "general": {
      "voxel_res": 0.006967082661594458,
      "seed_res": 0.015069454440700675
    },
    "lccp1": {
      "color": 0.008714402795839992,
      "space": 0.3357769048002064,
      "normal": 0.5268645006691945,
      "ct": 86.75334481768863,
      "st": 0.391890177199984
    },
    "lccp2": {
      "color": 0.3396864369582213,
      "space": 0.6712431086762775,
      "normal": 0.49925780025686883,
      "ct": 80.36158442994096,
      "st": 0.11521790378271757
    },
    "global_weights": {
      "w_length": 0.6037604082828071,
      "w_cross": 0.9904674785535403,
      "w_volume": 0.530144881752197
    },
    "ideals": {
      "length": [
        0.005450748543082591,
        0.023812828639709557
      ],
      "cross": [
        0.4186446775298118,
        1.515619360529763
      ],
      "volume": [
        1.1600026990025087e-07,
        1.2412750415736097e-06
      ],
      "k_iter": 1
    }
  }
}