{
  "color_space": {
    "rgb": {
      "r": 72,
      "g": 82,
      "b": 100
    },
    "hsv": {
      "h_lower": 51,
      "h_upper": 160,
      "s": 133,
      "v": 79
    },
    "lab": {
      "l": [
        48,
        194
      ],
      "a": 130,
      "b": 109
    }
  },
  "sor": {
    "meanK": 54,
    "StddevMultThresh": 2.227790696888718
  },
  "counting": {
    "general": {
      "voxel_res": 0.006933645024620942,
      "seed_res": 0.02575161780360468
    },
    "lccp1": {
      "color": 0.15791748892200042,
      "space": 0.4514428989654554,
      "normal": 0.5733943156413785,
      "ct": 67.67484427579816,
      "st": 0.5676849452248227
    },
    "lccp2": {
      "color": 0.24197817902996271,
      "space": 0.44569654197558284,
      "normal": 0.593133566398919,
      "ct": 55.24673671216241,
      "st": 0.39608355301959197
    },
    "global_weights": {
      "w_length": 0.4650207000521584,
      "w_cross": 0.5657159493893185,
      "w_volume": 0.4995288983872171
    },
    "ideals": {
      "length": [
        0.023993877441142675,
        0.060026746185172085
      ],
      "cross": [
        0.5561072774627592,
        1.4291479717167737
      ],
      "volume": [
        1.4056600940042627e-07,
        1.128894899544762e-06
      ],
      "k_iter": 2
    }
  }
}