{
  "color_space": {
    "rgb": {
      "r": 184,
      "g": 111,
      "b": 85
    },
    "hsv": {
      "h_lower": 51,
      "h_upper": 114,
      "s": 62,
      "v": 114
    },
    "lab": {
      "l": [
        53,
        205
      ],
      "a": 105,
      "b": 100
    }
  },
  "sor": {
    "meanK": 52,
    "StddevMultThresh": 1.9495907644998367
  },
  "counting": {
    "general": {
      "voxel_res": 0.006578377047110258,
      "seed_res": 0.02956706278009922
    },
    "lccp1": {
      "color": 0.1961969235563923,
      "space": 0.4025416683202688,
      "normal": 0.5326538289564572,
      "ct": 73.1226829675516,
      "st": 0.42761062098926
    },
    "lccp2": {
      "color": 0.26753193085339555,
      "space": 0.4763499835693829,
      "normal": 0.503898224407408,
      "ct": 50.20413499790282,
      "st": 0.48879124290147624
    },
    "global_weights": {
      "w_length": 0.5525560219797224,
      "w_cross": 0.6127169631162791,
      "w_volume": 0.5583004132537847
    },
    "ideals": {
      "length": [
        0.02272183022335151,
        0.056733429739583376
      ],
      "cross": [
        0.5595865001367897,
        1.4257525027094133
      ],
      "volume": [
        1.4379727026791237e-07,
        1.1689291048680968e-06
      ],
      "k_iter": 3
    }
  }
}