{
  "color_space": {
    "rgb": {
      "r": 111,
      "g": 60,
      "b": 54
    },
    "hsv": {
      "h_lower": 25,
      "h_upper": 176,
      "s": 89,
      "v": 109
    },
    "lab": {
      "l": [
        55,
        194
      ],
      "a": 133,
      "b": 108
    }
  },
  "sor": {
    "meanK": 95,
    "StddevMultThresh": 1.1065722411021122
  },
  "counting": {
    "general": {
      "voxel_res": 0.006573002664949335,
      "seed_res": 0.021923418238371364
    },
    "lccp1": {
      "color": 0.1376474842082714,
      "space": 0.7703141898559078,
      "normal": 0.468457967244015,
      "ct": 110.20356354459422,
      "st": 0.3088608527093951
    },
    "lccp2": {
      "color": 0.1758682821220889,
      "space": 0.6342951319352639,
      "normal": 0.47619008672126006,
      "ct": 167.4541331870835,
      "st": 0.6100171435824479
    },
    "global_weights": {
      "w_length": 0.2765878704185216,
      "w_cross": 0.4934687401048903,
      "w_volume": 0.7434942146638386
    },
    "ideals": {
      "length": [
        0.006895222207156056,
        0.023274074178784153
      ],
      "cross": [
        0.6282899658171657,
        1.4050575367122695
      ],
      "volume": [
        1.0910817501520101e-07,
        1.5501833045848623e-06
      ],
      "k_iter": 1
    }
  }
}