{
  "color_space": {
    "rgb": {
      "r": 51,
      "g": 143,
      "b": 163
    },
    "hsv": {
      "h_lower": 15,
      "h_upper": 176,
      "s": 96,
      "v": 91
    },
    "lab": {
      "l": [
        51,
        195
      ],
      "a": 114,
      "b": 107
    }
  },
  "sor": {
    "meanK": 84,
    "StddevMultThresh": 1.9394761412319057
  },
  "counting": {
    "general": {
      "voxel_res": 0.00634070139793464,
      "seed_res": 0.011404511431434387
    },
    "lccp1": {
      "color": 0.15831375318345012,
      "space": 0.3675755152390584,
      "normal": 0.6835973423505559,
      "ct": 118.52873615179391,
      "st": 0.16079562250523693
    },
    "lccp2": {
      "color": 0.23013284527227076,
      "space": 0.36213530624524143,
      "normal": 0.38020792180742546,
      "ct": 81.47665093480245,
      "st": 0.4377820788151848
    },
    "global_weights": {
      "w_length": 0.8085362391570201,
      "w_cross": 0.20841396251470784,
      "w_volume": 0.1845950977252881
    },
    "ideals": {
      "length": [
        0.007855402070012571,
        0.022721886993339588
      ],
      "cross": [
        0.629789021944438,
        1.35844273635864
      ],
      "volume": [
        1.0173289270564616e-07,
        1.308443734219625e-06
      ],
      "k_iter": 4
    }
  }
}