{
  "color_space": {
    "rgb": {
      "r": 75,
      "g": 63,
      "b": 101
    },
    "hsv": {
      "h_lower": 36,
      "h_upper": 163,
      "s": 86,
      "v": 138
    },
    "lab": {
      "l": [
        57,
        250
      ],
      "a": 157,
      "b": 45
    }
  },
  "sor": {
    "meanK": 81,
    "StddevMultThresh": 2.119900324599478
  },
  "counting": {
    "general": {
      "voxel_res": 0.006446120961223056,
      "seed_res": 0.018239554988401345
    },
    "lccp1": {
      "color": 0.00020013823451034974,
      "space": 0.7306804532327447,
      "normal": 0.5977697202033736,
      "ct": 13.683534642992132,
      "st": 0.4245093221605005
    },
    "lccp2": {
      "color": 0.27852845310864405,
      "space": 0.34374862813117646,
      "normal": 0.3543729156460989,
      "ct": 141.34444802463298,
      "st": 0.4946387324168716
    },
    "global_weights": {
      "w_length": 0.8647129077354149,
      "w_cross": 0.5757927692242453,
      "w_volume": 0.5131653597586044
    },
    "ideals": {
      "length": [
        0.009465540188327069,
        0.024712157393093133
      ],
      "cross": [
        0.7593509260351964,
        1.361410623004834
      ],
      "volume": [
        1.8895744264768234e-07,
        9.84165728544161e-07
      ],
      "k_iter": 1
    }
  }
}