{
  "color_space": {
    "rgb": {
      "r": 92,
      "g": 93,
      "b": 75
    },
    "hsv": {
      "h_lower": 65,
      "h_upper": 121,
      "s": 124,
      "v": 54
    },
    "lab": {
      "l": [
        86,
        161
      ],
      "a": 33,
      "b": 48
    }
  },
  "sor": {
    "meanK": 95,
    "StddevMultThresh": 2.3149322068320877
  },
  "counting": {
    "general": {
      "voxel_res": 0.005221474233265472,
      "seed_res": 0.012809836488306818
    },
    "lccp1": {
      "color": 0.1383563475881402,
      "space": 0.6030449046577682,
      "normal": 0.672033903949594,
      "ct": 160.34107529131546,
      "st": 0.0038997052591280834
    },
    "lccp2": {
      "color": 0.05163582512494896,
      "space": 0.5775159898829436,
      "normal": 0.24407313246469034,
      "ct": 26.755997807033065,
      "st": 0.4148496109571711
    },
    "global_weights": {
      "w_length": 0.5214513077011326,
      "w_cross": 0.8772454821128706,
      "w_volume": 0.41157179464300575
    },
    "ideals": {
      "length": [
        0.005478443481800304,
        0.023586483407758162
      ],
      "cross": [
        0.4536499927559261,
        1.5732076310742573
      ],
      "volume": [
        5.873122146578587e-08,
        9.495045336896184e-07
      ],
      "k_iter": 1
    }
  }
}