{
  "color_space": {
    "rgb": {
      "r": 166,
      "g": 196,
      "b": 137
    },
    "hsv": {
      "h_lower": 16,
      "h_upper": 104,
      "s": 128,
      "v": 88
    },
    "lab": {
      "l": [
        41,
        197
      ],
      "a": 118,
      "b": 114
    }
  },
  "sor": {
    "meanK": 52,
    "StddevMultThresh": 2.179879297907755
  },
  "counting": {
    "general": {
      "voxel_res": 0.006771146963241759,
      "seed_res": 0.02510369271423549
    },
    "lccp1": {
      "color": 0.1512269086544958,
      "space": 0.4566203650233526,
      "normal": 0.5402804971566268,
      "ct": 62.920726792074824,
      "st": 0.5339073412440147
    },
    "lccp2": {
      "color": 0.21363463006276676,
      "space": 0.4879901083333099,
      "normal": 0.5941199936027513,
      "ct": 62.96790576776557,
      "st": 0.36713904729846286
    },
    "global_weights": {
      "w_length": 0.49983526227141084,
      "w_cross": 0.6842189335336094,
      "w_volume": 0.4738891566936824
    },
    "ideals": {
      "length": [
        0.021316766416036394,
        0.035600662198800336
      ],
      "cross": [
        0.6063308386584831,
        1.456041642203334
      ],
      "volume": [
        1.3929549220274468e-07,
        1.0985601607981355e-06
      ],
      "k_iter": 2
    }
  }
}