{
  "color_space": {
    "rgb": {
      "r": 117,
      "g": 128,
      "b": 71
    },
    "hsv": {
      "h_lower": 22,
      "h_upper": 166,
      "s": 98,
      "v": 93
    },
    "lab": {
      "l": [
        46,
        200
      ],
      "a": 127,
      "b": 113
    }
  },
  "sor": {
    "meanK": 52,
    "StddevMultThresh": 2.469888273869725
  },
  "counting": {
    "general": {
      "voxel_res": 0.0055827809476083935,
      "seed_res": 0.01911020967520377
    },
    "lccp1": {
      "color": 0.017337020582620166,
      "space": 0.7742002412809348,
      "normal": 0.5930101537870156,
      "ct": 22.57721790407137,
      "st": 0.43955066329113013
    },
    "lccp2": {
      "color": 0.23368536568358333,
      "space": 0.2883073605532867,
      "normal": 0.3112992051675709,
      "ct": 45.28910782250659,
      "st": 0.7694619683784085
    },
    "global_weights": {
      "w_length": 0.8685569086740539,
      "w_cross": 0.5111568794231088,
      "w_volume": 0.31374746838606793
    },
    "ideals": {
      "length": [
        0.0086239743543361,
        0.024640866832791573
      ],
      "cross": [
        0.5249109150405669,
        1.472870354238129
      ],
      "volume": [
        1.6756621811659176e-07,
        1.099269527239549e-06
      ],
      "k_iter": 1
    }
  }
}