{
  "color_space": {
    "rgb": {
      "r": 69,
      "g": 101,
      "b": 142
    },
    "hsv": {
      "h_lower": 42,
      "h_upper": 116,
      "s": 93,
      "v": 110
    },
    "lab": {
      "l": [
        52,
        208
      ],
      "a": 122,
      "b": 115
    }
  },
  "sor": {
    "meanK": 55,
    "StddevMultThresh": 1.9080163694352674
  },
  "counting": {
    "general": {
      "voxel_res": 0.00608753834474838,
      "seed_res": 0.022648002169096616
    },
    "lccp1": {
      "color": 0.1001180630665503,
      "space": 0.4673542317871179,
      "normal": 0.5207487520608716,
      "ct": 63.441377151658145,
      "st": 0.5801256462277227
    },
    "lccp2": {
      "color": 0.25736644673989917,
      "space": 0.46136869292231103,
      "normal": 0.6128445810562679,
      "ct": 50.67430549046207,
      "st": 0.4412023026802592
    },
    "global_weights": {
      "w_length": 0.4758436076286713,
      "w_cross": 0.707380891665321,
      "w_volume": 0.5503244811785059
    },
    "ideals": {
      "length": [
        0.009972689092826783,
        0.02149464695735194
      ],
      "cross": [
        0.6121893883430851,
        1.4806894895029585
      ],
      "volume": [
        1.2649614650037023e-07,
        1.0517508883355572e-06
      ],
      "k_iter": 3
    }
  }
}