{
  "color_space": {
    "rgb": {
      "r": 123,
      "g": 164,
      "b": 53
    },
    "hsv": {
      "h_lower": 8,
      "h_upper": 168,
      "s": 97,
      "v": 90
    },
    "lab": {
      "l": [
        44,
        206
      ],
      "a": 116,
      "b": 108
    }
  },
  "sor": {
    "meanK": 79,
    "StddevMultThresh": 2.4672079407481284
  },
  "counting": {
    "general": {
      "voxel_res": 0.007644599011859592,
      "seed_res": 0.03193632558859926
    },
    "lccp1": {
      "color": 0.19161640372710936,
      "space": 0.6225193578565396,
      "normal": 0.6109334608268463,
      "ct": 85.63958080232842,
      "st": 0.8899704705005014
    },
    "lccp2": {
      "color": 0.3718736506574325,
      "space": 0.6762755022124967,
      "normal": 0.5167948442217678,
      "ct": 140.719119345507,
      "st": 0.5586262682882435
    },
    "global_weights": {
      "w_length": 0.6976630538364789,
      "w_cross": 0.7652314690653453,
      "w_volume": 0.9039618847465285
    },
    "ideals": {
      "length": [
        0.006059810137560841,
        0.023025178516679748
      ],
      "cross": [
        0.6609307929638761,
        1.2871969447746088
      ],
      "volume": [
        1.6156895913095393e-07,
        1.1087533064043097e-06
      ],
      "k_iter": 2
    }
  }
}