{
  "color_space": {
    "rgb": {
      "r": 163,
      "g": 163,
      "b": 125
    },
    "hsv": {
      "h_lower": 10,
      "h_upper": 103,
      "s": 104,
      "v": 69
    },
    "lab": {
      "l": [
        51,
        200
      ],
      "a": 139,
      "b": 119
    }
  },
  "sor": {
    "meanK": 52,
    "StddevMultThresh": 2.171617321202592
  },
  "counting": {
    "general": {
      "voxel_res": 0.006751646516346918,
      "seed_res": 0.029454282789249518
    },
    "lccp1": {
      "color": 0.17209209064915693,
      "space": 0.4414101399394995,
      "normal": 0.5147520867600828,
      "ct": 66.1827049241536,
      "st": 0.549372290308308
    },
    "lccp2": {
      "color": 0.25634770251975253,
      "space": 0.45780905561676594,
      "normal": 0.6151343496950735,
      "ct": 61.508236383576836,
      "st": 0.43032529722036406
    },
    "global_weights": {
      "w_length": 0.46410873066080277,
      "w_cross": 0.7096736829516979,
      "w_volume": 0.5175651081210213
    },
    "ideals": {
      "length": [
        0.020507240189291356,
        0.041703985706068335
      ],
      "cross": [
        0.6353659964840054,
        1.3749363960806165
      ],
      "volume": [
        1.4036233822680216e-07,
        1.1770739338273571e-06
      ],
      "k_iter": 2
    }
  }
}