{
  "color_space": {
    "rgb": {
      "r": 50,
      "g": 191,
      "b": 193
    },
    "hsv": {
      "h_lower": 11,
      "h_upper": 122,
      "s": 87,
      "v": 78
    },
    "lab": {
      "l": [
        46,
        196
      ],
      "a": 115,
      "b": 116
    }
  },
  "sor": {
    "meanK": 53,
    "StddevMultThresh": 1.9053270386540517
  },
  "counting": {
    "general": {
      "voxel_res": 0.006251738895539861,
      "seed_res": 0.026792971752443873
    },
    "lccp1": {
      "color": 0.19771431920790244,
      "space": 0.4045188164445238,
      "normal": 0.5133430906013895,
      "ct": 61.27484983592686,
      "st": 0.5775125265043362
    },
    "lccp2": {
      "color": 0.26752733819192337,
      "space": 0.45726220308676047,
      "normal": 0.5840778616003667,
      "ct": 62.0067436393342,
      "st": 0.38411998156505955
    },
    "global_weights": {
      "w_length": 0.5669899521669695,
      "w_cross": 0.7298303168555969,
      "w_volume": 0.5699714313348215
    },
    "ideals": {
      "length": [
        0.023590730244492708,
        0.02945346730726381
      ],
      "cross": [
        0.6410717204156476,
        1.4179379074984908
      ],
      "volume": [
        1.2056169469060935e-07,
        1.1635812211792497e-06
      ],
      "k_iter": 3
    }
  }
}