{
  "color_space": {
    "rgb": {
      "r": 135,
      "g": 126,
      "b": 91
    },
    "hsv": {
      "h_lower": 1,
      "h_upper": 177,
      "s": 86,
      "v": 90
    },
    "lab": {
      "l": [
        53,
        194
      ],
      "a": 111,
      "b": 115
    }
  },
  "sor": {
    "meanK": 84,
    "StddevMultThresh": 1.5243100383667574
  },
  "counting": {
    "general": {
      "voxel_res": 0.007968027163848378,
      "seed_res": 0.03231738605901244
    },
    "lccp1": {
      "color": 0.2538592773176727,
      "space": 0.5877518737379785,
      "normal": 0.5624394631800063,
      "ct": 153.4452799984963,
      "st": 0.8680709674560397
    },
    "lccp2": {
      "color": 0.37161640577217137,
      "space": 0.6715345559842252,
      "normal": 0.5661551602741717,
      "ct": 147.2522393139884,
      "st": 0.5208909345049615
    },
    "global_weights": {
      "w_length": 0.4023716150923301,
      "w_cross": 0.29117205311967737,
      "w_volume": 0.11859672913842996
    },
    "ideals": {
      "length": [
        0.0067619563837249316,
        0.024681730310869083
      ],
      "cross": [
        0.4783693230204613,
        1.5781272124531118
      ],
      "volume": [
        5.4815769274635e-08,
        8.759682240790075e-07
      ],
      "k_iter": 1
    }
  }
}