{
  "color_space": {
    "rgb": {
      "r": 136,
      "g": 63,
      "b": 185
    },
    "hsv": {
      "h_lower": 42,
      "h_upper": 156,
      "s": 87,
      "v": 113
    },
    "lab": {
      "l": [
        49,
        196
      ],
      "a": 106,
      "b": 117
    }
  },
  "sor": {
    "meanK": 50,
    "StddevMultThresh": 2.120429049922483
  },
  "counting": {
    "general": {
      "voxel_res": 0.0061134395944354245,
      "seed_res": 0.02741972041931299
    },
    "lccp1": {
      "color": 0.16177582667480692,
      "space": 0.4914710183517971,
      "normal": 0.5078511610650626,
      "ct": 73.2558794643594,
      "st": 0.5103747538782382
    },
    "lccp2": {
      "color": 0.24813794989444515,
      "space": 0.41342990640864313,
      "normal": 0.5500047826733487,
      "ct": 62.89685450658678,
      "st": 0.4685515513412249
    },
    "global_weights": {
      "w_length": 0.5484299308066297,
      "w_cross": 0.5783215957432734,
      "w_volume": 0.5496110713052944
    },
    "ideals": {
      "length": [
        0.02446627700499973,
        0.054683543438551876
      ],
      "cross": [
        0.6032708027064269,
        1.4494604121752177
      ],
      "volume": [
        1.113327469772005e-07,
        1.1566685150314466e-06
      ],
      "k_iter": 3
    }
  }
}