{
  "color_space": {
    "rgb": {
      "r": 176,
      "g": 112,
      "b": 96
    },
    "hsv": {
      "h_lower": 18,
      "h_upper": 109,
      "s": 68,
      "v": 120
    },
    "lab": {
      "l": [
        77,
        240
      ],
      "a": 160,
      "b": 110
    }
  },
  "sor": {
    "meanK": 40,
    "StddevMultThresh": 2.6706965561435974
  },
  "counting": {
    "general": {
      "voxel_res": 0.0077772087594456096,
      "seed_res": 0.02935677319590016
    },
    "lccp1": {
      "color": 0.3064640925107579,
      "space": 0.7791910709186258,
      "normal": 0.7713619760740154,
      "ct": 96.65377238787295,
      "st": 0.6227924455324113
    },
    "lccp2": {
      "color": 0.14836798070543034,
      "space": 0.43300552123958497,
      "normal": 0.333312328474052,
      "ct": 162.47178957321262,
      "st": 0.546345237936689
    },
    "global_weights": {
      "w_length": 0.7307310007272501,
      "w_cross": 0.18072650705804014,
      "w_volume": 0.21108555560850284
    },
    "ideals": {
      "length": [
        0.00892276546595617,
        0.02429200725777168
      ],
      "cross": [
        0.44621924840135424,
        1.268021727057207
      ],
      "volume": [
        7.607398826842338e-08,
        1.4926445537792744e-06
      ],
      "k_iter": 4
    }
  }
}