{
  "color_space": {
    "rgb": {
      "r": 55,
      "g": 101,
      "b": 197
    },
    "hsv": {
      "h_lower": 9,
      "h_upper": 142,
      "s": 98,
      "v": 97
    },
    "lab": {
      "l": [
        26,
        162
      ],
      "a": 120,
      "b": 170
    }
  },
  "sor": {
    "meanK": 33,
    "StddevMultThresh": 2.3977805840628665
  },
  "counting": {
    "general": {
      "voxel_res": 0.007103221495309764,
      "seed_res": 0.015878606276160175
    },
    "lccp1": {
      "color": 0.08430266523700447,
      "space": 0.5405192033143023,
      "normal": 0.32200183768721624,
      "ct": 104.188317290947,
      "st": 0.42589276013252286
    },
    "lccp2": {
      "color": 0.35213156827472586,
      "space": 0.43899616062154123,
      "normal": 0.7407334167571009,
      "ct": 148.2912999119775,
      "st": 0.03165526815540809
    },
    "global_weights": {
      "w_length": 0.6485499337921341,
      "w_cross": 0.27933596394188964,
      "w_volume": 0.48713735384490053
    },
    "ideals": {
      "length": [
        0.00551080440601283,
        0.020502389293740996
      ],
      "cross": [
        0.40330753056248386,
        1.4528217820565401
      ],
      "volume": [
        1.6786264754952265e-07,
        1.2719106329922841e-06
      ],
      "k_iter": 2
    }
  }
}