{
  "color_space": {
    "rgb": {
      "r": 168,
      "g": 167,
      "b": 120
    },
    "hsv": {
      "h_lower": 19,
      "h_upper": 155,
      "s": 54,
      "v": 63
    },
    "lab": {
      "l": [
        40,
        210
      ],
      "a": 67,
      "b": 63
    }
  },
  "sor": {
    "meanK": 59,
    "StddevMultThresh": 1.3876908323557327
  },
  "counting": {
    "general": {
      "voxel_res": 0.007770317910612568,
      "seed_res": 0.03201351426466635
    },
    "lccp1": {
      "color": 0.33074039124338966,
      "space": 0.6426347423279899,
      "normal": 0.6919401612509273,
      "ct": 134.7356628743749,
      "st": 0.9394306530402551
    },
    "lccp2": {
      "color": 0.15336547755088903,
      "space": 0.45356126365799826,
      "normal": 0.3891632802156221,
      "ct": 160.7370105456572,
      "st": 0.6185570478999893
    },
    "global_weights": {
      "w_length": 0.47398960266456613,
      "w_cross": 0.6092008117675953,
      "w_volume": 0.9192691669174902
    },
    "ideals": {
      "length": [
        0.008056956128211858,
        0.020225552316326816
      ],
      "cross": [
        0.7819463950583493,
        1.4593143607671548
      ],
      "volume": [
        1.4827374635542196e-07,
        9.613318004119394e-07
      ],
      "k_iter": 1
    }
  }
}