{
  "color_space": {
    "rgb": {
      "r": 100,
      "g": 81,
      "b": 154
    },
    "hsv": {
      "h_lower": 44,
      "h_upper": 103,
      "s": 74,
      "v": 113
    },
    "lab": {
      "l": [
        64,
        210
      ],
      "a": 91,
      "b": 84
    }
  },
  "sor": {
    "meanK": 99,
    "StddevMultThresh": 2.4816809644121607
  },
  "counting": {
    "general": {
      "voxel_res": 0.006826857938602392,
      "seed_res": 0.015236987199724586
    },
    "lccp1": {
      "color": 0.3553227918119162,
      "space": 0.7073279523664358,
      "normal": 0.36759598464260723,
      "ct": 87.52476709980687,
      "st": 0.3637066195449624
    },
    "lccp2": {
      "color": 0.2336596893529082,
      "space": 0.3562024233721536,
      "normal": 0.7911075225055006,
      "ct": 50.07673168151651,
      "st": 0.7864221686809857
    },
    "global_weights": {
      "w_length": 0.9486101595992996,
      "w_cross": 0.652414030714086,
      "w_volume": 0.13171628498671148
    },
    "ideals": {
      "length": [
        0.0059936130198241025,
        0.02363768945829049
      ],
      "cross": [
        0.4699962864597195,
        1.5756333577905512
      ],
      "volume": [
        9.135255497418832e-08,
        8.787033513256837e-07
      ],
      "k_iter": 3
    }
  }
}