{
  "color_space": {
    "rgb": {
      "r": 130,
      "g": 187,
      "b": 61
    },
    "hsv": {
      "h_lower": 57,
      "h_upper": 114,
      "s": 52,
      "v": 71
    },
    "lab": {
      "l": [
        30,
        201
      ],
      "a": 94,
      "b": 55
    }
  },
  "sor": {
    "meanK": 55,
    "StddevMultThresh": 2.7653633125338057
  },
  "counting": {
    "general": {
      "voxel_res": 0.007354732574247181,
      "seed_res": 0.028400455619588927
    },
    "lccp1": {
      "color": 0.11917828353281101,
      "space": 0.6059774103583272,
      "normal": 0.5097181381650525,
      "ct": 74.29856965562337,
      "st": 0.7539706256549531
    },
    "lccp2": {
      "color": 0.07774093943364693,
      "space": 0.37763325887972365,
      "normal": 0.7388096650433498,
      "ct": 120.9025528997335,
      "st": 0.956509525922503
    },
    "global_weights": {
      "w_length": 0.4656094736108717,
      "w_cross": 0.4159103287753638,
      "w_volume": 0.18116184577089645
    },
    "ideals": {
      "length": [
        0.007374411204112601,
        0.020181412995247974
      ],
      "cross": [
        0.5107038761515431,
        1.5750472335950794
      ],
      "volume": [
        1.8886167837526734e-07,
        1.5803921231505998e-06
      ],
      "k_iter": 3
    }
  }
}