{
  "color_space": {
    "rgb": {
      "r": 89,
      "g": 104,
      "b": 113
    },
    "hsv": {
      "h_lower": 43,
      "h_upper": 158,
      "s": 54,
      "v": 69
    },
    "lab": {
      "l": [
        56,
        208
      ],
      "a": 88,
      "b": 28
    }
  },
  "sor": {
    "meanK": 56,
    "StddevMultThresh": 1.8917805367078124
  },
  "counting": {
    "general": {
      "voxel_res": 0.007297645903014649,
      "seed_res": 0.03719125940160486
    },
    "lccp1": {
      "color": 0.05216347825749428,
      "space": 0.6663565930305546,
      "normal": 0.3465536894065392,
      "ct": 147.85713200080744,
      "st": 0.31043382998321023
    },
    "lccp2": {
      "color": 0.22568660803439392,
      "space": 0.6248495450286486,
      "normal": 0.7828480289670716,
      "ct": 12.150719050755399,
      "st": 0.6172797827780551
    },
    "global_weights": {
      "w_length": 0.2222281740164837,
      "w_cross": 0.6409485370660626,
      "w_volume": 0.5688890218992558
    },
    "ideals": {
      "length": [
        0.008323665131200045,
        0.023421948763691275
      ],
      "cross": [
        0.4669432941239766,
        1.2602678535958813
      ],
      "volume": [
        6.992289664597826e-08,
        1.5765553507954176e-06
      ],
      "k_iter": 3
    }
  }
}