{
  "color_space": {
    "rgb": {
      "r": 119,
      "g": 196,
      "b": 101
    },
    "hsv": {
      "h_lower": 46,
      "h_upper": 170,
      "s": 112,
      "v": 109
    },
    "lab": {
      "l": [
        93,
        192
      ],
      "a": 158,
      "b": 81
    }
  },
  "sor": {
    "meanK": 53,
    "StddevMultThresh": 1.484832217308989
  },
  "counting": {
    "general": {
      "voxel_res": 0.0059493536669096535,
      "seed_res": 0.027294661403943196
    },
    "lccp1": {
      "color": 0.18329131794664102,
      "space": 0.422880789044812,
      "normal": 0.44698782035068246,
      "ct": 67.2720432267686,
      "st": 0.654226217923982
    },
    "lccp2": {
      "color": 0.34144611236191724,
      "space": 0.35882718922839785,
      "normal": 0.5836170432235872,
      "ct": 91.55859929118762,
      "st": 0.32170847254098134
    },
    "global_weights": {
      "w_length": 0.29837719235651294,
      "w_cross": 0.2953326640569367,
      "w_volume": 0.23377099209121524
    },
    "ideals": {
      "length": [
        0.00819476306875055,
        0.023633176114512124
      ],
      "cross": [
        0.6815393886162369,
        1.381569046659208
      ],
      "volume": [
        6.934331955920454e-08,
        9.815515465931956e-07
      ],
      "k_iter": 2
    }
  }
}