{
  "color_space": {
    "rgb": {
      "r": 66,
      "g": 132,
      "b": 77
    },
    "hsv": {
      "h_lower": 65,
      "h_upper": 149,
      "s": 127,
      "v": 83
    },
    "lab": {
      "l": [
        90,
        229
      ],
      "a": 133,
      "b": 78
    }
  },
  "sor": {
    "meanK": 66,
    "StddevMultThresh": 1.6647769174158926
  },
  "counting": {
    "general": {
      "voxel_res": 0.007070332097607032,
      "seed_res": 0.02115002989836982
    },
    "lccp1": {
      "color": 0.026760962154503166,
      "space": 0.5351964818730314,
      "normal": 0.3266619985159839,
      "ct": 39.83091496729321,
      "st": 0.4209474271546112
    },
    "lccp2": {
      "color": 0.3459097838864016,
      "space": 0.7761121370798443,
      "normal": 0.6794761457204286,
      "ct": 81.14288853384197,
      "st": 0.377064484854989
    },
    "global_weights": {
      "w_length": 0.16700701192655368,
      "w_cross": 0.31340435395055694,
      "w_volume": 0.14217204241282277
    },
    "ideals": {
      "length": [
        0.007909899157416255,
        0.023876929051793824
      ],
      "cross": [
        0.7418819870153684,
        1.3063171307580708
      ],
      "volume": [
        2.4121593652872846e-07,
        1.474025511103955e-06
      ],
      "k_iter": 2
    }
  }
}