{
  "color_space": {
    "rgb": {
      "r": 172,
      "g": 77,
      "b": 86
    },
    "hsv": {
      "h_lower": 71,
      "h_upper": 148,
      "s": 95,
      "v": 55
    },
    "lab": {
      "l": [
        53,
        201
      ],
      "a": 127,
      "b": 102
    }
  },
  "sor": {
    "meanK": 56,
    "StddevMultThresh": 2.213849049712523
  },
  "counting": {
    "general": {
      "voxel_res": 0.006850563832534727,
      "seed_res": 0.02467243338659378
    },
    "lccp1": {
      "color": 0.1442889612899998,
      "space": 0.42934997075606285,
      "normal": 0.5857589387555643,
      "ct": 66.1108253565323,
      "st": 0.5021749204108982
    },
    "lccp2": {
      "color": 0.26918784274350205,
      "space": 0.4918026891967958,
      "normal": 0.500851125794364,
      "ct": 56.85763801981766,
      "st": 0.4779172688593771
    },
    "global_weights": {
      "w_length": 0.4975589300476805,
      "w_cross": 0.5621996890459995,
      "w_volume": 0.5651519797000114
    },
    "ideals": {
      "length": [
        0.02259723636623433,
        0.02533314492298045
      ],
      "cross": [
        0.6403260024480734,
        1.3014532059598518
      ],
      "volume": [
        9.829302580567622e-08,
        1.003349701755133e-06
      ],
      "k_iter": 2
    }
  }
}