{
  "color_space": {
    "rgb": {
      "r": 163,
      "g": 107,
      "b": 86
    },
    "hsv": {
      "h_lower": 54,
      "h_upper": 165,
      "s": 137,
      "v": 94
    },
    "lab": {
      "l": [
        33,
        238
      ],
      "a": 170,
      "b": 40
    }
  },
  "sor": {
    "meanK": 51,
    "StddevMultThresh": 2.7542031864250305
  },
  "counting": {
    "general": {
      "voxel_res": 0.005677390589118937,
      "seed_res": 0.03217137921552633
    },
    "lccp1": {
      "color": 0.2228697541080643,
      "space": 0.23269519553461535,
      "normal": 0.22386557208886876,
      "ct": 38.97072028656767,
      "st": 0.9512584433305085
    },
    "lccp2": {
      "color": 0.11375394484833762,
      "space": 0.7193004550564193,
      "normal": 0.5866492645304568,
      "ct": 76.0849700140031,
      "st": 0.48214326338095626
    },
    "global_weights": {
      "w_length": 0.45486729289227523,
      "w_cross": 0.3614710033209515,
      "w_volume": 0.35569144824034016
    },
    "ideals": {
      "length": [
        0.008056920674457197,
        0.02290471848756724
      ],
      "cross": [
        0.4131267980762836,
        1.390495932548899
      ],
      "volume": [
        1.3234185457541937e-07,
        1.2680059058451258e-06
      ],
      "k_iter": 2
    }
  }
}