{
  "color_space": {
    "rgb": {
      "r": 75,
      "g": 123,
      "b": 56
    },
    "hsv": {
      "h_lower": 20,
      "h_upper": 173,
      "s": 80,
      "v": 108
    },
    "lab": {
      "l": [
        44,
        208
      ],
      "a": 117,
      "b": 113
    }
  },
  "sor": {
    "meanK": 87,
    "StddevMultThresh": 2.462958830780625
  },
  "counting": {
    "general": {
      "voxel_res": 0.0056153973935201785,
      "seed_res": 0.03638574396830904
    },
    "lccp1": {
      "color": 0.17017891542920272,
      "space": 0.6828099115496475,
      "normal": 0.7921446164482324,
      "ct": 74.6270699312181,
      "st": 0.4095980801293645
    },
    "lccp2": {
      "color": 0.08548542552022656,
      "space": 0.7577807420681992,
      "normal": 0.34590283561828666,
      "ct": 43.52724961188283,
      "st": 0.14518818291904623
    },
    "global_weights": {
      "w_length": 0.974883799692263,
      "w_cross": 0.19794749473127465,
      "w_volume": 0.10897261032413257
    },
    "ideals": {
      "length": [
        0.007404712062257086,
        0.02012847366194762
      ],
      "cross": [
        0.6905885791896613,
        1.2602764019176422
      ],
      "volume": [
        1.716401643605688e-07,
        7.201759345545898e-07
      ],
      "k_iter": 4
    }
  }
}