{
  "color_space": {
    "rgb": {
      "r": 194,
      "g": 155,
      "b": 80
    },
    "hsv": {
      "h_lower": 7,
      "h_upper": 140,
      "s": 134,
      "v": 115
    },
    "lab": {
      "l": [
        21,
        249
      ],
      "a": 95,
      "b": 78
    }
  },
  "sor": {
    "meanK": 40,
    "StddevMultThresh": 2.7522575556405506
  },
  "counting": {
    "general": {
      "voxel_res": 0.007357105996486873,
      "seed_res": 0.011363383299925083
    },
    "lccp1": {
      "color": 0.08375381690547697,
      "space": 0.3707214546274747,
      "normal": 0.5931909560399877,
      "ct": 48.1063694369346,
      "st": 0.10062714802940753
    },
    "lccp2": {
      "color": 0.11610200217381227,
      "space": 0.22779118459260103,
      "normal": 0.5495689479239538,
      "ct": 125.28312460445528,
      "st": 0.14904609992228623
    },
    "global_weights": {
      "w_length": 0.2869283479525303,
      "w_cross": 0.9197521085330157,
      "w_volume": 0.12448743916773014
    },
    "ideals": {
      "length": [
        0.006879803091466005,
        0.024577071137750976
      ],
      "cross": [
        0.46003366449614663,
        1.3622706281723316
      ],
      "volume": [
        1.8505061943211426e-07,
        9.701947963842135e-07
      ],
      "k_iter": 3
    }
  }
}