{
  "color_space": {
    "rgb": {
      "r": 151,
      "g": 151,
      "b": 105
    },
    "hsv": {
      "h_lower": 65,
      "h_upper": 144,
      "s": 76,
      "v": 66
    },
    "lab": {
      "l": [
        23,
        187
      ],
      "a": 18,
      "b": 25
    }
  },
  "sor": {
    "meanK": 87,
    "StddevMultThresh": 2.851439425382773
  },
  "counting": {
    "general": {
      "voxel_res": 0.005670620622910652,
      "seed_res": 0.020372494296127856
    },
    "lccp1": {
      "color": 0.13613089750759763,
      "space": 0.526216693876336,
      "normal": 0.4496984758269993,
      "ct": 119.99540124478266,
      "st": 0.9654528586433271
    },
    "lccp2": {
      "color": 0.35676519627818976,
      "space": 0.5223078850104691,
      "normal": 0.5404524104392343,
      "ct": 155.22086498899714,
      "st": 0.3371739603491649
    },
    "global_weights": {
      "w_length": 0.8989929179741398,
      "w_cross": 0.3864845733224521,
      "w_volume": 0.9333182309248221
    },
    "ideals": {
      "length": [
        0.006612653616956028,
        0.024867219502020026
      ],
      "cross": [
        0.5955580655482218,
        1.3361314227056897
      ],
      "volume": [
        1.6769673870182008e-07,
        1.166348243160115e-06
      ],
      "k_iter": 4
    }
  }
}