{
  "color_space": {
    "rgb": {
      "r": 199,
      "g": 159,
      "b": 125
    },
    "hsv": {
      "h_lower": 25,
      "h_upper": 115,
      "s": 53,
      "v": 82
    },
    "lab": {
      "l": [
        39,
        160
      ],
      "a": 84,
      "b": 10
    }
  },
  "sor": {
    "meanK": 81,
    "StddevMultThresh": 2.0545204570388966
  },
  "counting": {
    "general": {
      "voxel_res": 0.006457588689688104,
      "seed_res": 0.013589815701979306
    },
    "lccp1": {
      "color": 0.3881407593379495,
      "space": 0.45755853030482174,
      "normal": 0.5561145545833057,
      "ct": 62.766807590657336,
      "st": 0.14070987782124356
    },
    "lccp2": {
      "color": 0.28578711401409906,
      "space": 0.7294286183382617,
      "normal": 0.3993267710557613,
      "ct": 77.17518948444348,
      "st": 0.9382443099525285
    },
    "global_weights": {
      "w_length": 0.9392045964835014,
      "w_cross": 0.298926877983336,
      "w_volume": 0.5257744704670368
    },
    "ideals": {
      "length": [
        0.0060161073688872625,
        0.0229025256314595
      ],
      "cross": [
        0.641109257981259,
        1.3894524312978118
      ],
      "volume": [
        6.425722169315424e-08,
        1.4155753347758546e-06
      ],
      "k_iter": 3
    }
  }
}