{
  "color_space": {
    "rgb": {
      "r": 168,
      "g": 125,
      "b": 155
    },
    "hsv": {
      "h_lower": 41,
      "h_upper": 165,
      "s": 64,
      "v": 108
    },
    "lab": {
      "l": [
        86,
        189
      ],
      "a": 12,
      "b": 77
    }
  },
  "sor": {
    "meanK": 71,
    "StddevMultThresh": 1.4902124914907935
  },
  "counting": {
    "general": {
      "voxel_res": 0.007270151806553901,
      "seed_res": 0.010339222455273607
    },
    "lccp1": {
      "color": 0.11714995919487592,
      "space": 0.3634691341159195,
      "normal": 0.48710245164794075,
      "ct": 33.784109768522974,
      "st": 0.026796640634516256
    },
    "lccp2": {
      "color": 0.2937349600537848,
      "space": 0.37973584723625486,
      "normal": 0.6726280269670895,
      "ct": 132.57740054065903,
      "st": 0.9940700713952411
    },
    "global_weights": {
      "w_length": 0.5697241680571454,
      "w_cross": 0.6930916662427732,
      "w_volume": 0.1995720462433441
    },
    "ideals": {
      "length": [
        0.00515131169940779,
        0.023161591231215188
      ],
      "cross": [
        0.5436653020395541,
        1.3462669056108483
      ],
      "volume": [
        2.273225641896139e-07,
        7.835516383952121e-07
      ],
      "k_iter": 3
    }
  }
}