{
  "color_space": {
    "rgb": {
      "r": 118,
      "g": 178,
      "b": 123
    },
    "hsv": {
      "h_lower": 61,
      "h_upper": 115,
      "s": 125,
      "v": 113
    },
    "lab": {
      "l": [
        84,
        157
      ],
      "a": 50,
      "b": 78
    }
  },
  "sor": {
    "meanK": 64,
    "StddevMultThresh": 2.2726215744917067
  },
  "counting": {
    "general": {
      "voxel_res": 0.0077757818620444955,
      "seed_res": 0.02907398145298582
    },
    "lccp1": {
      "color": 0.3582302874909339,
      "space": 0.6585940379765193,
      "normal": 0.40720222076132273,
      "ct": 24.418288264102035,
      "st": 0.4554480854154028
    },
    "lccp2": {
      "color": 0.20242296722418618,
      "space": 0.23508065589912483,
      "normal": 0.21999958700376873,
      "ct": 61.935473793797954,
      "st": 0.16976515169238193
    },
    "global_weights": {
      "w_length": 0.41879503064678014,
      "w_cross": 0.907564550211032,
      "w_volume": 0.34547320502950574
    },
    "ideals": {
      "length": [
        0.008714876805365866,
        0.022415124161866338
      ],
      "cross": [
        0.4095808234776765,
        1.3353975996524627
      ],
      "volume": [
        1.2819209926606629e-07,
        1.4500642699938352e-06
      ],
      "k_iter": 1
    }
  }
}