{
  "color_space": {
    "rgb": {
      "r": 87,
      "g": 85,
      "b": 180
    },
    "hsv": {
      "h_lower": 12,
      "h_upper": 173,
      "s": 86,
      "v": 93
    },
    "lab": {
      "l": [
        45,
        192
      ],
      "a": 127,
      "b": 119
    }
  },
  "sor": {
    "meanK": 78,
    "StddevMultThresh": 1.837291607390129
  },
  "counting": {
    "general": {
      "voxel_res": 0.00594052347909392,
      "seed_res": 0.03430726558892504
    },
    "lccp1": {
      "color": 0.32839692795569553,
      "space": 0.775225179235906,
      "normal": 0.7499602730083259,
      "ct": 14.177907023340204,
      "st": 0.009618358997290355
    },
    "lccp2": {
      "color": 0.348080771160889,
      "space": 0.5496581690758535,
      "normal": 0.5451524671136279,
      "ct": 127.38870982104567,
      "st": 0.09936120472282972
    },
    "global_weights": {
      "w_length": 0.7002253107751706,
      "w_cross": 0.14416053855414973,
      "w_volume": 0.1096738595573899
    },
    "ideals": {
      "length": [
        0.007385527146399212,
        0.024836456654401092
      ],
      "cross": [
        0.47316057894354563,
        1.4712218247341533
      ],
      "volume": [
        8.994064086674371e-08,
        7.4089071541333e-07
      ],
      "k_iter": 3
    }
  }
}