{
  "color_space": {
    "rgb": {
      "r": 176,
      "g": 198,
      "b": 61
    },
    "hsv": {
      "h_lower": 15,
      "h_upper": 109,
      "s": 77,
      "v": 103
    },
    "lab": {
      "l": [
        11,
        223
      ],
      "a": 166,
      "b": 168
    }
  },
  "sor": {
    "meanK": 55,
    "StddevMultThresh": 2.976214722348967
  },
  "counting": {
    "general": {
      "voxel_res": 0.0077678878041581734,
      "seed_res": 0.014644195351748233
    },
    "lccp1": {
      "color": 0.01501750178012089,
      "space": 0.4896608505820724,
      "normal": 0.5012711819019873,
      "ct": 164.5957860117241,
      "st": 0.9575384156497183
    },
    "lccp2": {
      "color": 0.29721710273088986,
      "space": 0.7299499806305001,
      "normal": 0.23837701126151,
      "ct": 36.102714338286376,
      "st": 0.9120712253507763
    },
    "global_weights": {
      "w_length": 0.3956031722880541,
      "w_cross": 0.9762320406608681,
      "w_volume": 0.4053624734238108
    },
    "ideals": {
      "length": [
        0.00849736095937971,
        0.02335804685735673
      ],
      "cross": [
        0.6074797779282738,
        1.34734731631211
      ],
      "volume": [
        1.3192527784411538e-07,
        1.4215049689882756e-06
      ],
      "k_iter": 1
    }
  }
}