{
  "color_space": {
    "rgb": {
      "r": 86,
      "g": 178,
      "b": 59
    },
    "hsv": {
      "h_lower": 14,
      "h_upper": 149,
      "s": 51,
      "v": 132
    },
    "lab": {
      "l": [
        76,
        231
      ],
      "a": 71,
      "b": 158
    }
  },
  "sor": {
    "meanK": 83,
    "StddevMultThresh": 1.083141864037166
  },
  "counting": {
    "general": {
      "voxel_res": 0.006008459382977778,
      "seed_res": 0.02043398241071062
    },
    "lccp1": {
      "color": 0.22499250765168274,
      "space": 0.2294761205325167,
      "normal": 0.7493962729211727,
      "ct": 68.58603972178832,
      "st": 0.08353199305216441
    },
    "lccp2": {
      "color": 0.21378930663410314,
      "space": 0.41930139611507716,
      "normal": 0.6047526516803318,
      "ct": 68.01129834150713,
      "st": 0.7426047273792437
    },
    "global_weights": {
      "w_length": 0.286455554669209,
      "w_cross": 0.14056810348930643,
      "w_volume": 0.20754704188020812
    },
    "ideals": {
      "length": [
        0.007132107273729772,
        0.023831123762242515
      ],
      "cross": [
        0.4830393971968739,
        1.5249436360111024
      ],
      "volume": [
        3.9996221039500254e-08,
        1.410682258016547e-06
      ],
      "k_iter": 4
    }
  }
}