{
  "color_space": {
    "rgb": {
      "r": 74,
      "g": 52,
      "b": 181
    },
    "hsv": {
      "h_lower": 22,
      "h_upper": 120,
      "s": 121,
      "v": 58
    },
    "lab": {
      "l": [
        37,
        205
      ],
      "a": 9,
      "b": 66
    }
  },
  "sor": {
    "meanK": 77,
    "StddevMultThresh": 1.7244299025659955
  },
  "counting": {
    "general": {
      "voxel_res": 0.007028759692679062,
      "seed_res": 0.02760540311873523
    },
    "lccp1": {
      "color": 0.39781098526636965,
      "space": 0.45950542948112016,
      "normal": 0.6028853455515838,
      "ct": 67.66701935569088,
      "st": 0.5857692588452005
    },
    "lccp2": {
      "color": 0.3961373573347322,
      "space": 0.5329594726666015,
      "normal": 0.5186269950964846,
      "ct": 48.17009462860039,
      "st": 0.6836825935645207
    },
    "global_weights": {
      "w_length": 0.7763982173091715,
      "w_cross": 0.24210994431452343,
      "w_volume": 0.260244479806605
    },
    "ideals": {
      "length": [
        0.008793762658407289,
        0.022310903349298635
      ],
      "cross": [
        0.5027323143786634,
        1.4752500890012616
      ],
      "volume": [
        1.1772346765026712e-07,
        1.3514079131308794e-06
      ],
      "k_iter": 2
    }
  }
}