{
  "color_space": {
    "rgb": {
      "r": 151,
      "g": 165,
      "b": 161
    },
    "hsv": {
      "h_lower": 25,
      "h_upper": 148,
      "s": 87,
      "v": 98
    },
    "lab": {
      "l": [
        40,
        196
      ],
      "a": 105,
      "b": 116
    }
  },
  "sor": {
    "meanK": 57,
    "StddevMultThresh": 2.2850958574625944
  },
  "counting": {
    "general": {
      "voxel_res": 0.006934164231519416,
      "seed_res": 0.027051781532525285
    },
    "lccp1": {
      "color": 0.11273084411047916,
      "space": 0.48923518017938833,
      "normal": 0.5586796896417786,
      "ct": 70.79520523996263,
      "st": 0.5720184515932587
    },
    "lccp2": {
      "color": 0.2236206644074302,
      "space": 0.5191011756744197,
      "normal": 0.6139205070519955,
      "ct": 52.67985766818318,
      "st": 0.3795735830540547
    },
    "global_weights": {
      "w_length": 0.5178927404123587,
      "w_cross": 0.6780396772713169,
      "w_volume": 0.48507076019410716
    },
    "ideals": {
      "length": [
        0.02157846199481402,
        0.07786682288765404
      ],
      "cross": [
        0.566219256273575,
        1.3663253578081607
      ],
      "volume": [
        1.1372896682386998e-07,
        1.014612666340541e-06
      ],
      "k_iter": 3
    }
  }
}