{
  "color_space": {
    "rgb": {
      "r": 196,
      "g": 90,
      "b": 193
    },
    "hsv": {
      "h_lower": 17,
      "h_upper": 121,
      "s": 70,
      "v": 145
    },
    "lab": {
      "l": [
        39,
        212
      ],
      "a": 164,
      "b": 53
    }
  },
  "sor": {
    "meanK": 60,
    "StddevMultThresh": 2.279804981644941
  },
  "counting": {
    "general": {
      "voxel_res": 0.007058085473146465,
      "seed_res": 0.013553803609986377
    },
    "lccp1": {
      "color": 0.2122589098582528,
      "space": 0.5131681246675913,
      "normal": 0.6374389441619916,
      "ct": 61.89125571658225,
      "st": 0.1686019488840922
    },
    "lccp2": {
      "color": 0.21822478524186747,
      "space": 0.7373244808575401,
      "normal": 0.7805772976368051,
      "ct": 49.896845159078666,
      "st": 0.506916471016787
    },
    "global_weights": {
      "w_length": 0.4284525847829489,
      "w_cross": 0.5761115211158557,
      "w_volume": 0.28802534748376346
    },
    "ideals": {
      "length": [
        0.006035524812510049,
        0.02244417393782093
      ],
      "cross": [
        0.5072500613670581,
        1.4991200535206861
      ],
      "volume": [
        1.586615561987695e-07,
        9.655733341519375e-07
      ],
      "k_iter": 2
    }
  }
}