{
  "color_space": {
    "rgb": {
      "r": 184,
      "g": 102,
      "b": 109
    },
    "hsv": {
      "h_lower": 17,
      "h_upper": 156,
      "s": 85,
      "v": 73
    },
    "lab": {
      "l": [
        48,
        209
      ],
      "a": 135,
      "b": 106
    }
  },
  "sor": {
    "meanK": 60,
    "StddevMultThresh": 2.2909425484712056
  },
  "counting": {
    "general": {
      "voxel_res": 0.00690670885889421,
      "seed_res": 0.026786225931011414
    },
    "lccp1": {
      "color": 0.16256227679035518,
      "space": 0.4228437607625321,
      "normal": 0.5811732685306061,
      "ct": 67.98219488648304,
      "st": 0.4204399139981622
    },
    "lccp2": {
      "color": 0.27482639372007756,
      "space": 0.4893527004071285,
      "normal": 0.5393179791027879,
      "ct": 54.586051362174985,
      "st": 0.4181365594216292
    },
    "global_weights": {
      "w_length": 0.4857864695406032,
      "w_cross": 0.627951749218708,
      "w_volume": 0.5615420034289916
    },
    "ideals": {
      "length": [
        0.023098880869616558,
        0.042729305360800246
      ],
      "cross": [
        0.5633532314744051,
        1.4176668177612988
      ],
      "volume": [
        1.1509408515788708e-07,
        1.1794611048710817e-06
      ],
      "k_iter": 2
    }
  }
}