{
  "color_space": {
    "rgb": {
      "r": 176,
      "g": 157,
      "b": 96
    },
    "hsv": {
      "h_lower": 40,
      "h_upper": 159,
      "s": 119,
      "v": 131
    },
    "lab": {
      "l": [
        17,
        221
      ],
      "a": 135,
      "b": 21
    }
  },
  "sor": {
    "meanK": 33,
    "StddevMultThresh": 1.2197261240616464
  },
  "counting": {
    "general": {
      "voxel_res": 0.007054783962035564,
      "seed_res": 0.034512577231559885
    },
    "lccp1": {
      "color": 0.012597748124420605,
      "space": 0.28541984042979396,
      "normal": 0.5308302812529738,
      "ct": 94.72943107411972,
      "st": 0.16029798575750343
    },
    "lccp2": {
      "color": 0.2015715054834408,
      "space": 0.29348220042995904,
      "normal": 0.677195102348404,
      "ct": 106.88484890650969,
      "st": 0.31343480746288643
    },
    "global_weights": {
      "w_length": 0.2792737726672429,
      "w_cross": 0.2831831270740656,
      "w_volume": 0.14095143241523633
    },
    "ideals": {
      "length": [
        0.00933163791196194,
        0.021615662528646343
      ],
      "cross": [
        0.514004419173697,
        1.2738773382488784
      ],
      "volume": [
        8.938809760420264e-08,
        1.2683739820079435e-06
      ],
      "k_iter": 1
    }
  }
}