{
  "color_space": {
    "rgb": {
      "r": 169,
      "g": 151,
      "b": 155
    },
    "hsv": {
      "h_lower": 9,
      "h_upper": 177,
      "s": 88,
      "v": 92
    },
    "lab": {
      "l": [
        52,
        190
      ],
      "a": 104,
      "b": 117
    }
  },
  "sor": {
    "meanK": 87,
    "StddevMultThresh": 2.929072243179296
  },
  "counting": {
    "general": {
      "voxel_res": 0.005058366502624418,
      "seed_res": 0.03235716507512812
    },
    "lccp1": {
      "color": 0.011643632264932214,
      "space": 0.6947308442233893,
      "normal": 0.4870546026595114,
      "ct": 80.86873726731598,
      "st": 0.14838368377320144
    },
    "lccp2": {
      "color": 0.37881947583824865,
      "space": 0.27166161309106024,
      "normal": 0.2708731947200046,
      "ct": 52.209357913548274,
      "st": 0.6967492105088138
    },
    "global_weights": {
      "w_length": 0.49446126612861285,
      "w_cross": 0.7873396152011057,
      "w_volume": 0.598920841500198
    },
    "ideals": {
      "length": [
        0.005196728728076766,
        0.024231144240139776
      ],
      "cross": [
        0.7395746477616567,
        1.3498963831907815
      ],
      "volume": [
        6.628840710126582e-08,
        1.3678958788933086e-06
      ],
      "k_iter": 2
    }
  }
}