{
  "color_space": {
    "rgb": {
      "r": 70,
      "g": 138,
      "b": 75
    },
    "hsv": {
      "h_lower": 41,
      "h_upper": 162,
      "s": 127,
      "v": 74
    },
    "lab": {
      "l": [
        21,
        191
      ],
      "a": 139,
      "b": 140
    }
  },
  "sor": {
    "meanK": 98,
    "StddevMultThresh": 1.7499205600379077
  },
  "counting": {
    "general": {
      "voxel_res": 0.005025122255645336,
      "seed_res": 0.016477130477482758
    },
    "lccp1": {
      "color": 0.15508464576003522,
      "space": 0.20257526445236618,
      "normal": 0.5472412290803244,
      "ct": 140.53278877327605,
      "st": 0.3636503611431834
    },
    "lccp2": {
      "color": 0.2579121949214495,
      "space": 0.4195354536792889,
      "normal": 0.47272546030874196,
      "ct": 29.43033082608208,
      "st": 0.24692160025554877
    },
    "global_weights": {
      "w_length": 0.20937146024582234,
      "w_cross": 0.2232514060972685,
      "w_volume": 0.7355159207910444
    },
    "ideals": {
      "length": [
        0.007769235638443514,
        0.022527673889856742
      ],
      "cross": [
        0.4631421895463788,
        1.4544362297105435
      ],
      "volume": [
        2.2491183812057473e-07,
        7.382724583219369e-07
      ],
      "k_iter": 2
    }
  }
}