{
  "color_space": {
    "rgb": {
      "r": 116,
      "g": 68,
      "b": 134
    },
    "hsv": {
      "h_lower": 46,
      "h_upper": 151,
      "s": 57,
      "v": 62
    },
    "lab": {
      "l": [
        100,
        254
      ],
      "a": 170,
      "b": 65
    }
  },
  "sor": {
    "meanK": 31,
    "StddevMultThresh": 1.9286582550255185
  },
  "counting": {
    "general": {
      "voxel_res": 0.0069975560360568435,
      "seed_res": 0.034739731325737794
    },
    "lccp1": {
      "color": 0.16195026519074,
      "space": 0.5673850721565967,
      "normal": 0.6926734688194347,
      "ct": 125.04488596197442,
      "st": 0.016176694943388026
    },
    "lccp2": {
      "color": 0.09073730988591695,
      "space": 0.6537198991965012,
      "normal": 0.3446944505482115,
      "ct": 22.180617842619217,
      "st": 0.178297333665842
    },
    "global_weights": {
      "w_length": 0.243773731000952,
      "w_cross": 0.9233327393252064,
      "w_volume": 0.21992156919865796
    },
    "ideals": {
      "length": [
        0.006032406145964201,
        0.02386794109538371
      ],
      "cross": [
        0.688923469742829,
        1.2232360615238782
      ],
      "volume": [
        1.0044965693225809e-07,
        1.5957709135505927e-06
      ],
      "k_iter": 1
    }
  }
}