{
  "color_space": {
    "rgb": {
      "r": 165,
      "g": 142,
      "b": 68
    },
    "hsv": {
      "h_lower": 63,
      "h_upper": 145,
      "s": 83,
      "v": 90
    },
    "lab": {
      "l": [
        84,
        237
      ],
      "a": 61,
      "b": 76
    }
  },
  "sor": {
    "meanK": 88,
    "StddevMultThresh": 2.3718189323248753
  },
  "counting": {
    "general": {
      "voxel_res": 0.006205187337977579,
      "seed_res": 0.01271968740409371
    },
    "lccp1": {
      "color": 0.33703965738899383,
      "space": 0.47265377316341545,
      "normal": 0.557071836935613,
      "ct": 62.8832537281304,
      "st": 0.5614554169252658
    },
    "lccp2": {
      "color": 0.13496142189828678,
      "space": 0.37390621278845976,
      "normal": 0.4235119209310878,
      "ct": 12.663628969966112,
      "st": 0.5800185575983043
    },
    "global_weights": {
      "w_length": 0.9726411033649588,
      "w_cross": 0.7327846706035452,
      "w_volume": 0.8046698131016896
    },
    "ideals": {
      "length": [
        0.009803181354752055,
        0.024235938942581463
      ],
      "cross": [
        0.7567634382272888,
        1.3411032477453513
      ],
      "volume": [
        2.488406640772797e-07,
        1.0620228897578026e-06
      ],
      "k_iter": 3
    }
  }
}