{
  "color_space": {
    "rgb": {
      "r": 96,
      "g": 98,
      "b": 94
    },
    "hsv": {
      "h_lower": 18,
      "h_upper": 127,
      "s": 134,
      "v": 116
    },
    "lab": {
      "l": [
        55,
        200
      ],
      "a": 144,
      "b": 105
    }
  },
  "sor": {
    "meanK": 56,
    "StddevMultThresh": 2.266949718119194
  },
  "counting": {
    "general": {
      "voxel_res": 0.0065465357739033486,
      "seed_res": 0.02496630338105875
    },
    "lccp1": {
      "color": 0.1905691915024685,
      "space": 0.42580480887843203,
      "normal": 0.5068172142838306,
      "ct": 62.35627954819831,
      "st": 0.5642514797870384
    },
    "lccp2": {
      "color": 0.28703081120964774,
      "space": 0.4660453771234664,
      "normal": 0.5666541663020872,
      "ct": 50.34332153074779,
      "st": 0.3503201350289395
    },
    "global_weights": {
      "w_length": 0.48457537910698756,
      "w_cross": 0.7179075123405572,
      "w_volume": 0.5239305424601619
    },
    "ideals": {
      "length": [
        0.022442895569679763,
        0.03641591636750965
      ],
      "cross": [
        0.573097173722543,
        1.4986318716850897
      ],
      "volume": [
        1.1609308057736612e-07,
        1.1210725475610816e-06
      ],
      "k_iter": 3
    }
  }
}