{
  "color_space": {
    "rgb": {
      "r": 190,
      "g": 120,
      "b": 171
    },
    "hsv": {
      "h_lower": 78,
      "h_upper": 159,
      "s": 103,
      "v": 90
    },
    "lab": {
      "l": [
        44,
        204
      ],
      "a": 144,
      "b": 109
    }
  },
  "sor": {
    "meanK": 56,
    "StddevMultThresh": 2.2327149776127313
  },
  "counting": {
    "general": {
      "voxel_res": 0.006949576590892701,
      "seed_res": 0.02718602206172137
    },
    "lccp1": {
      "color": 0.16116697059988902,
      "space": 0.4172663653126679,
      "normal": 0.5519162485185611,
      "ct": 69.85482672436677,
      "st": 0.5126653772215622
    },
    "lccp2": {
      "color": 0.29246469215879795,
      "space": 0.4721076493268319,
      "normal": 0.5542562644409348,
      "ct": 53.63017434754089,
      "st": 0.42189857061998465
    },
    "global_weights": {
      "w_length": 0.5450730218302232,
      "w_cross": 0.6386331447761264,
      "w_volume": 0.5701427175886193
    },
    "ideals": {
      "length": [
        0.020029566241849785,
        0.052496234477665105
      ],
      "cross": [
        0.5672185891658588,
        1.4814617772975616
      ],
      "volume": [
        1.2838443089728314e-07,
        1.1956450560538372e-06
      ],
      "k_iter": 3
    }
  }
}