{
  "color_space": {
    "rgb": {
      "r": 181,
      "g": 102,
      "b": 80
    },
    "hsv": {
      "h_lower": 9,
      "h_upper": 104,
      "s": 54,
      "v": 59
    },
    "lab": {
      "l": [
        72,
        241
      ],
      "a": 152,
      "b": 100
    }
  },
  "sor": {
    "meanK": 94,
    "StddevMultThresh": 2.8149268309472455
  },
  "counting": {
    "general": {
      "voxel_res": 0.007985133099100955,
      "seed_res": 0.021821172064129448
    },
    "lccp1": {
      "color": 0.28367359026145494,
      "space": 0.29735638007146925,
      "normal": 0.6291892085271428,
      "ct": 27.511398556461586,
      "st": 0.843589958512095
    },
    "lccp2": {
      "color": 0.3456179658303755,
      "space": 0.6565832422992433,
      "normal": 0.6087515368627455,
      "ct": 52.88918588170361,
      "st": 0.42098581462695106
    },
    "global_weights": {
      "w_length": 0.43599034009977666,
      "w_cross": 0.6214503292542535,
      "w_volume": 0.7788623081243105
    },
    "ideals": {
      "length": [
        0.007584722235108337,
        0.02406872707087513
      ],
      "cross": [
        0.6947604647998653,
        1.2597652886837465
      ],
      "volume": [
        2.3560567602590556e-07,
        1.0885235866312024e-06
      ],
      "k_iter": 1
    }
  }
}