{
  "color_space": {
    "rgb": {
      "r": 175,
      "g": 177,
      "b": 58
    },
    "hsv": {
      "h_lower": 23,
      "h_upper": 177,
      "s": 93,
      "v": 96
    },
    "lab": {
      "l": [
        49,
        191
      ],
      "a": 140,
      "b": 102
    }
  },
  "sor": {
    "meanK": 30,
    "StddevMultThresh": 2.879871059519431
  },
  "counting": {
    "general": {
      "voxel_res": 0.0057151808975787165,
      "seed_res": 0.03873183369378328
    },
    "lccp1": {
      "color": 0.027016271889344926,
      "space": 0.21833748950719442,
      "normal": 0.3393695056990601,
      "ct": 16.338843451439313,
      "st": 0.41861118263626196
    },
    "lccp2": {
      "color": 0.24209530808110397,
      "space": 0.5367275223451812,
      "normal": 0.375803969778965,
      "ct": 148.49624472764194,
      "st": 0.43683695878731
    },
    "global_weights": {
      "w_length": 0.53581816453564,
      "w_cross": 0.21828758787146174,
      "w_volume": 0.43521627777031535
    },
    "ideals": {
      "length": [
        0.006678669378493521,
        0.022627216998432082
      ],
      "cross": [
        0.6026493469246872,
        1.4421452217912853
      ],
      "volume": [
        1.927004682134335e-07,
        1.2615214541893947e-06
      ],
      "k_iter": 2
    }
  }
}