{
  "color_space": {
    "rgb": {
      "r": 140,
      "g": 135,
      "b": 162
    },
    "hsv": {
      "h_lower": 5,
      "h_upper": 168,
      "s": 121,
      "v": 147
    },
    "lab": {
      "l": [
        80,
        150
      ],
      "a": 90,
      "b": 4
    }
  },
  "sor": {
    "meanK": 36,
    "StddevMultThresh": 2.03373651060173
  },
  "counting": {
    "general": {
      "voxel_res": 0.006607277088564251,
      "seed_res": 0.030377974063862563
    },
    "lccp1": {
      "color": 0.29378107953165333,
      "space": 0.5560797242631037,
      "normal": 0.7029296243696244,
      "ct": 129.56377207558643,
      "st": 0.05701280649289886
    },
    "lccp2": {
      "color": 0.1037630637552403,
      "space": 0.7171469015905301,
      "normal": 0.5810713142134416,
      "ct": 112.59747484545468,
      "st": 0.726022200959669
    },
    "global_weights": {
      "w_length": 0.4415493328840221,
      "w_cross": 0.5757943019608807,
      "w_volume": 0.3150108966674612
    },
    "ideals": {
      "length": [
        0.009142503280648077,
        0.024438139621741295
      ],
      "cross": [
        0.7426168520228343,
        1.375820541249102
      ],
      "volume": [
        5.761522843067905e-08,
        8.148906850842281e-07
      ],
      "k_iter": 4
    }
  }
}