{
  "color_space": {
    "rgb": {
      "r": 174,
      "g": 57,
      "b": 165
    },
    "hsv": {
      "h_lower": 26,
      "h_upper": 118,
      "s": 114,
      "v": 122
    },
    "lab": {
      "l": [
        65,
        247
      ],
      "a": 94,
      "b": 111
    }
  },
  "sor": {
    "meanK": 55,
    "StddevMultThresh": 2.898665956134283
  },
  "counting": {
    "general": {
      "voxel_res": 0.0056819037505578705,
      "seed_res": 0.025527565739369443
    },
    "lccp1": {
      "color": 0.12414216953192408,
      "space": 0.3760800585430002,
      "normal": 0.235435040292175,
      "ct": 146.1801482822227,
      "st": 0.3481979853690782
    },
    "lccp2": {
      "color": 0.31621326569896946,
      "space": 0.41753599312277206,
      "normal": 0.3252614592680084,
      "ct": 126.00670290511202,
      "st": 0.630664563988415
    },
    "global_weights": {
      "w_length": 0.20817464348397474,
      "w_cross": 0.2621052209173402,
      "w_volume": 0.9496726751519641
    },
    "ideals": {
      "length": [
        0.007719380007767942,
        0.023852457801098736
      ],
      "cross": [
        0.7138478731723996,
        1.2324793506480742
      ],
      "volume": [
        7.348033747543256e-08,
        1.47031796377466e-06
      ],
      "k_iter": 3
    }
  }
}