{
  "color_space": {
    "rgb": {
      "r": 106,
      "g": 93,
      "b": 134
    },
    "hsv": {
      "h_lower": 24,
      "h_upper": 135,
      "s": 125,
      "v": 82
    },
    "lab": {
      "l": [
        22,
        211
      ],
      "a": 120,
      "b": 53
    }
  },
  "sor": {
    "meanK": 86,
    "StddevMultThresh": 1.9373999009202978
  },
  "counting": {
    "general": {
      "voxel_res": 0.00534365973038552,
      "seed_res": 0.019371628399680513
    },
    "lccp1": {
      "color": 0.06965023239851402,
      "space": 0.3471595296408614,
      "normal": 0.3449562922071774,
      "ct": 55.695896837400355,
      "st": 0.548873455978224
    },
    "lccp2": {
      "color": 0.33275924472409896,
      "space": 0.5824279018460229,
      "normal": 0.5494130114965351,
      "ct": 124.99836398694542,
      "st": 0.488093335492331
    },
    "global_weights": {
      "w_length": 0.8003139880695627,
      "w_cross": 0.5717360021178751,
      "w_volume": 0.38838238433672867
    },
    "ideals": {
      "length": [
        0.0069015398431069,
        0.024799399291069606
      ],
      "cross": [
        0.4674589143269433,
        1.497690112650716
      ],
      "volume": [
        1.7116989980922878e-07,
        9.155145047901241e-07
      ],
      "k_iter": 4
    }
  }
}