{
  "color_space": {
    "rgb": {
      "r": 83,
      "g": 128,
      "b": 184
    },
    "hsv": {
      "h_lower": 8,
      "h_upper": 172,
      "s": 92,
      "v": 98
    },
    "lab": {
      "l": [
        50,
        197
      ],
      "a": 106,
      "b": 118
    }
  },
  "sor": {
    "meanK": 65,
    "StddevMultThresh": 1.568710662889239
  },
  "counting": {
    "general": {
      "voxel_res": 0.007169163379876208,
      "seed_res": 0.037162835331127464
    },
    "lccp1": {
      "color": 0.1765420459310726,
      "space": 0.2957499144597584,
      "normal": 0.4371323208646693,
      "ct": 14.459900076540801,
      "st": 0.05095832159281399
    },
    "lccp2": {
      "color": 0.11843120143839975,
      "space": 0.22197491433285652,
      "normal": 0.7107963355779987,
      "ct": 28.137307413214483,
      "st": 0.19011834252069082
    },
    "global_weights": {
      "w_length": 0.5996976006179924,
      "w_cross": 0.2846195707647936,
      "w_volume": 0.7233615028132081
    },
    "ideals": {
      "length": [
        0.005212677198809956,
        0.024676130324453125
      ],
      "cross": [
        0.6991572359956675,
        1.247578328581389
      ],
      "volume": [
        1.2457334693969348e-07,
        1.476669622780384e-06
      ],
      "k_iter": 1
    }
  }
}