{
  "color_space": {
    "rgb": {
      "r": 180,
      "g": 151,
      "b": 87
    },
    "hsv": {
      "h_lower": 66,
      "h_upper": 117,
      "s": 88,
      "v": 55
    },
    "lab": {
      "l": [
        26,
        211
      ],
      "a": 32,
      "b": 47
    }
  },
  "sor": {
    "meanK": 96,
    "StddevMultThresh": 1.8351275025546294
  },
  "counting": {
    "general": {
      "voxel_res": 0.007298569822678349,
      "seed_res": 0.026745910755376218
    },
    "lccp1": {
      "color": 0.35938153839488834,
      "space": 0.47421088119768745,
      "normal": 0.6196665822360963,
      "ct": 23.48376944895108,
      "st": 0.1055870724177933
    },
    "lccp2": {
      "color": 0.08954700217144076,
      "space": 0.7790490004258224,
      "normal": 0.7625644804540994,
      "ct": 39.257996172094835,
      "st": 0.9697842754376812
    },
    "global_weights": {
      "w_length": 0.2002690640449133,
      "w_cross": 0.32777576518707063,
      "w_volume": 0.31613786543098066
    },
    "ideals": {
      "length": [
        0.005360783066260694,
        0.024643731193217777
      ],
      "cross": [
        0.7252934846141164,
        1.5243016525454793
      ],
      "volume": [
        8.247922718426951e-08,
        1.3427828814503358e-06
      ],
      "k_iter": 1
    }
  }
}