{
  "color_space": {
    "rgb": {
      "r": 142,
      "g": 125,
      "b": 151
    },
    "hsv": {
      "h_lower": 31,
      "h_upper": 166,
      "s": 131,
      "v": 142
    },
    "lab": {
      "l": [
        40,
        201
      ],
      "a": 140,
      "b": 104
    }
  },
  "sor": {
    "meanK": 57,
    "StddevMultThresh": 2.0360297768859486
  },
  "counting": {
    "general": {
      "voxel_res": 0.006427282186892632,
      "seed_res": 0.029949537234578095
    },
    "lccp1": {
      "color": 0.11055199249044548,
      "space": 0.4199094312994681,
      "normal": 0.5809064564177209,
      "ct": 71.47495620597446,
      "st": 0.5211755062147323
    },
    "lccp2": {
      "color": 0.22863919403096702,
      "space": 0.43934311538437576,
      "normal": 0.6425447422076337,
      "ct": 64.02820401695797,
      "st": 0.44554450790827993
    },
    "global_weights": {
      "w_length": 0.5124084333505668,
      "w_cross": 0.633802986368266,
      "w_volume": 0.4675395353618608
    },
    "ideals": {
      "length": [
        0.021666093986529408,
        0.05063508113344278
      ],
      "cross": [
        0.5570386816872508,
        1.4529464904018798
      ],
      "volume": [
        1.4006520572514822e-07,
        1.166802866812491e-06
      ],
      "k_iter": 3
    }
  }
}