{
  "color_space": {
    "rgb": {
      "r": 109,
      "g": 75,
      "b": 196
    },
    "hsv": {
      "h_lower": 27,
      "h_upper": 130,
      "s": 51,
      "v": 71
    },
    "lab": {
      "l": [
        34,
        220
      ],
      "a": 132,
      "b": 123
    }
  },
  "sor": {
    "meanK": 83,
    "StddevMultThresh": 1.357181530994783
  },
  "counting": {
    "general": {
      "voxel_res": 0.007037039091335991,
      "seed_res": 0.03270763995427564
    },
    "lccp1": {
      "color": 0.01839962803860624,
      "space": 0.5262851578689081,
      "normal": 0.2694664117324965,
      "ct": 151.5394693966484,
      "st": 0.8237747797889092
    },
    "lccp2": {
      "color": 0.12824053150528222,
      "space": 0.31455842782923643,
      "normal": 0.3453443852200952,
      "ct": 64.43815085040734,
      "st": 0.6615873014675338
    },
    "global_weights": {
      "w_length": 0.7656146064395545,
      "w_cross": 0.11469820224072613,
      "w_volume": 0.909694867148179
    },
    "ideals": {
      "length": [
        0.00794559763311871,
        0.022873780474829384
      ],
      "cross": [
        0.48728787885721236,
        1.4764255804456514
      ],
      "volume": [
        2.2102338764611018e-07,
        1.5671277320210344e-06
      ],
      "k_iter": 3
    }
  }
}