{
  "color_space": {
    "rgb": {
      "r": 112,
      "g": 69,
      "b": 69
    },
    "hsv": {
      "h_lower": 60,
      "h_upper": 118,
      "s": 86,
      "v": 106
    },
    "lab": {
      "l": [
        61,
        208
      ],
      "a": 112,
      "b": 18
    }
  },
  "sor": {
    "meanK": 100,
    "StddevMultThresh": 1.5134147735384784
  },
  "counting": {
    "general": {
      "voxel_res": 0.005799493211970844,
      "seed_res": 0.013431154079493452
    },
    "lccp1": {
      "color": 0.17665493667417134,
      "space": 0.4873145878201564,
      "normal": 0.37567566380432926,
      "ct": 127.27511844565376,
      "st": 0.9866674007002721
    },
    "lccp2": {
      "color": 0.1438311672799249,
      "space": 0.3605593637236685,
      "normal": 0.47254209528362895,
      "ct": 149.99717662382147,
      "st": 0.29468753175152607
    },
    "global_weights": {
      "w_length": 0.1852048119995964,
      "w_cross": 0.7506342548586378,
      "w_volume": 0.6810114234000139
    },
    "ideals": {
      "length": [
        0.00502033122806514,
        0.02187197259681366
      ],
      "cross": [
        0.42002604308412245,
        1.2493847473869328
      ],
      "volume": [
        5.8111518935209934e-08,
        7.430029885087845e-07
      ],
      "k_iter": 3
    }
  }
}