{
  "color_space": {
    "rgb": {
      "r": 61,
      "g": 141,
      "b": 186
    },
    "hsv": {
      "h_lower": 24,
      "h_upper": 172,
      "s": 98,
      "v": 102
    },
    "lab": {
      "l": [
        49,
        201
      ],
      "a": 105,
      "b": 101
    }
  },
  "sor": {
    "meanK": 88,
    "StddevMultThresh": 1.0389466300443175
  },
  "counting": {
    "general": {
      "voxel_res": 0.007318205370948631,
      "seed_res": 0.03385787961731948
    },
    "lccp1": {
      "color": 0.13451847871362885,
      "space": 0.21915414630039545,
      "normal": 0.7230744523321553,
      "ct": 41.86363459991638,
      "st": 0.14611730446912097
    },
    "lccp2": {
      "color": 0.398435658032508,
      "space": 0.2131734050369387,
      "normal": 0.4792271277474916,
      "ct": 59.88872541720853,
      "st": 0.9122180851604591
    },
    "global_weights": {
      "w_length": 0.5335857502933016,
      "w_cross": 0.733765548201096,
      "w_volume": 0.8725287729036052
    },
    "ideals": {
      "length": [
        0.005305601702716773,
        0.02119407453731724
      ],
      "cross": [
        0.4018393304471344,
        1.4106647121623492
      ],
      "volume": [
        7.289226045897495e-08,
        8.325691181941335e-07
      ],
      "k_iter": 3
    }
  }
}