{
  "color_space": {
    "rgb": {
      "r": 169,
      "g": 116,
      "b": 181
    },
    "hsv": {
      "h_lower": 73,
      "h_upper": 164,
      "s": 108,
      "v": 113
    },
    "lab": {
      "l": [
        21,
        212
      ],
      "a": 49,
      "b": 30
    }
  },
  "sor": {
    "meanK": 70,
    "StddevMultThresh": 2.737169149307637
  },
  "counting": {
    "general": {
      "voxel_res": 0.007083910094394497,
      "seed_res": 0.03807014808308642
    },
    "lccp1": {
      "color": 0.04333262889840697,
      "space": 0.27979575548192614,
      "normal": 0.6248726883248543,
      "ct": 94.11631554144827,
      "st": 0.15141999122113659
    },
    "lccp2": {
      "color": 0.18192233507173167,
      "space": 0.2165711488386049,
      "normal": 0.25559357354953166,
      "ct": 78.04484684474167,
      "st": 0.16632158924070084
    },
    "global_weights": {
      "w_length": 0.21442761121403772,
      "w_cross": 0.9987121721299265,
      "w_volume": 0.5959953287911034
    },
    "ideals": {
      "length": [
        0.008775712813484495,
        0.024930128083517626
      ],
      "cross": [
        0.5737725326012745,
        1.4202194300025301
      ],
      "volume": [
        3.819248085319373e-08,
        8.086409281917081e-07
      ],
      "k_iter": 4
    }
  }
}