{
  "color_space": {
    "rgb": {
      "r": 113,
      "g": 52,
      "b": 59
    },
    "hsv": {
      "h_lower": 28,
      "h_upper": 170,
      "s": 75,
      "v": 64
    },
    "lab": {
      "l": [
        22,
        211
      ],
      "a": 113,
      "b": 126
    }
  },
  "sor": {
    "meanK": 96,
    "StddevMultThresh": 1.0814589243700308
  },
  "counting": {
    "general": {
      "voxel_res": 0.006729233186262437,
      "seed_res": 0.015422377683760716
    },
    "lccp1": {
      "color": 0.041572900969493266,
      "space": 0.554989879569965,
      "normal": 0.2973598330059508,
      "ct": 53.72860874530949,
      "st": 0.06079627591392589
    },
    "lccp2": {
      "color": 0.3893932383036677,
      "space": 0.2777802618921495,
      "normal": 0.5543800123551108,
      "ct": 40.443045055876254,
      "st": 0.28989400772773843
    },
    "global_weights": {
      "w_length": 0.3991023949059602,
      "w_cross": 0.4863567741712981,
      "w_volume": 0.5492026232359205
    },
    "ideals": {
      "length": [
        0.007594159689617706,
        0.0216057662430379
      ],
      "cross": [
        0.7064211309249504,
        1.3867086991971236
      ],
      "volume": [
        1.2453131477654217e-07,
        7.324458096487397e-07
      ],
      "k_iter": 2
    }
  }
}