{
  "color_space": {
    "rgb": {
      "r": 75,
      "g": 152,
      "b": 111
    },
    "hsv": {
      "h_lower": 35,
      "h_upper": 101,
      "s": 92,
      "v": 71
    },
    "lab": {
      "l": [
        51,
        205
      ],
      "a": 114,
      "b": 109
    }
  },
  "sor": {
    "meanK": 51,
    "StddevMultThresh": 2.0018208538100084
  },
  "counting": {
    "general": {
      "voxel_res": 0.006112242433928642,
      "seed_res": 0.02527391064174043
    },
    "lccp1": {
      "color": 0.15417440609949956,
      "space": 0.43434314593812984,
      "normal": 0.5931983268666048,
      "ct": 69.78311454377288,
      "st": 0.4690577922572535
    },
    "lccp2": {
      "color": 0.2914267370598558,
      "space": 0.4581911264332009,
      "normal": 0.6216664786338307,
      "ct": 61.406847395843464,
      "st": 0.42759657128352035
    },
    "global_weights": {
      "w_length": 0.5743036067828342,
      "w_cross": 0.5726384690282906,
      "w_volume": 0.5531323522726279
    },
    "ideals": {
      "length": [
        0.023460523268438678,
        0.058942085342414054
      ],
      "cross": [
        0.6306480181825116,
        1.3515193229654925
      ],
      "volume": [
        1.1850094685458515e-07,
        1.031688142486621e-06
      ],
      "k_iter": 3
    }
  }
}