{
  "color_space": {
    "rgb": {
      "r": 197,
      "g": 149,
      "b": 142
    },
    "hsv": {
      "h_lower": 74,
      "h_upper": 120,
      "s": 73,
      "v": 142
    },
    "lab": {
      "l": [
        75,
        165
      ],
      "a": 43,
      "b": 150
    }
  },
  "sor": {
    "meanK": 62,
    "StddevMultThresh": 1.0072498081021521
  },
  "counting": {
    "general": {
      "voxel_res": 0.005038454296145284,
      "seed_res": 0.016516598551560648
    },
    "lccp1": {
      "color": 0.07247680723380615,
      "space": 0.41872871144310997,
      "normal": 0.2555965628462392,
      "ct": 130.82153608419026,
      "st": 0.8231077184122452
    },
    "lccp2": {
      "color": 0.29342415563563673,
      "space": 0.4522974097294936,
      "normal": 0.7769811637144437,
      "ct": 75.8416138484914,
      "st": 0.6605777894982959
    },
    "global_weights": {
      "w_length": 0.30041307259314654,
      "w_cross": 0.8662259488665793,
      "w_volume": 0.3991813137558503
    },
    "ideals": {
      "length": [
        0.007338426272839723,
        0.02363483113477023
      ],
      "cross": [
        0.5066523527946539,
        1.5678490676613759
      ],
      "volume": [
        1.4348838612140837e-07,
        1.223824541782492e-06
      ],
      "k_iter": 2
    }
  }
}