{
  "color_space": {
    "rgb": {
      "r": 167,
      "g": 138,
      "b": 58
    },
    "hsv": {
      "h_lower": 33,
      "h_upper": 119,
      "s": 126,
      "v": 63
    },
    "lab": {
      "l": [
        36,
        193
      ],
      "a": 36,
      "b": 14
    }
  },
  "sor": {
    "meanK": 60,
    "StddevMultThresh": 2.8488828815658938
  },
  "counting": {
    "general": {
      "voxel_res": 0.0055616358590674765,
      "seed_res": 0.039269653334860245
    },
    "lccp1": {
      "color": 0.24394235350527507,
      "space": 0.2838823475042576,
      "normal": 0.5421806539522154,
      "ct": 72.22114312953435,
      "st": 0.16370157557372067
    },
    "lccp2": {
      "color": 0.23355876855412117,
      "space": 0.7954757841351756,
      "normal": 0.21275761192109785,
      "ct": 115.65163846010299,
      "st": 0.5065194975284508
    },
    "global_weights": {
      "w_length": 0.5793574380096528,
      "w_cross": 0.5430180587029297,
      "w_volume": 0.8609253655499246
    },
    "ideals": {
      "length": [
        0.0075793486116603505,
        0.022023255627358733
      ],
      "cross": [
        0.5590556100578994,
        1.5729513559054618
      ],
      "volume": [
        4.407718693203977e-08,
        1.1298813221692403e-06
      ],
      "k_iter": 4
    }
  }
}