{
  "color_space": {
    "rgb": {
      "r": 65,
      "g": 129,
      "b": 90
    },
    "hsv": {
      "h_lower": 16,
      "h_upper": 150,
      "s": 96,
      "v": 57
    },
    "lab": {
      "l": [
        50,
        203
      ],
      "a": 142,
      "b": 111
    }
  },
  "sor": {
    "meanK": 59,
    "StddevMultThresh": 2.2191071359608134
  },
  "counting": {
    "general": {
      "voxel_res": 0.006872789859162377,
      "seed_res": 0.022065344160124737
    },
    "lccp1": {
      "color": 0.15135382600298541,
      "space": 0.401594946891048,
      "normal": 0.5750325331090629,
      "ct": 65.86902698857472,
      "st": 0.5642068805899848
    },
    "lccp2": {
      "color": 0.25721033317769726,
      "space": 0.4918501458046944,
      "normal": 0.5371801663946795,
      "ct": 62.66198026496944,
      "st": 0.48950216753563536
    },
    "global_weights": {
      "w_length": 0.4740190476238909,
      "w_cross": 0.609623059416473,
      "w_volume": 0.5518897950759265
    },
    "ideals": {
      "length": [
        0.0223647315823886,
        0.07562445721333835
      ],
      "cross": [
        0.607500813917687,
        1.4957391770202686
      ],
      "volume": [
        1.0001774799339563e-07,
        9.912094456296347e-07
      ],
      "k_iter": 3
    }
  }
}