{
  "color_space": {
    "rgb": {
      "r": 173,
      "g": 57,
      "b": 105
    },
    "hsv": {
      "h_lower": 43,
      "h_upper": 107,
      "s": 71,
      "v": 80
    },
    "lab": {
      "l": [
        17,
        187
      ],
      "a": 62,
      "b": 164
    }
  },
  "sor": {
    "meanK": 40,
    "StddevMultThresh": 1.4139507494123167
  },
  "counting": {
    "general": {
      "voxel_res": 0.006437510646058803,
      "seed_res": 0.01868600743825789
    },
    "lccp1": {
      "color": 0.01093009301441441,
      "space": 0.5449707604501615,
      "normal": 0.2918543513444362,
      "ct": 33.64901080381587,
      "st": 0.47842234874294887
    },
    "lccp2": {
      "color": 0.30525374738004873,
      "space": 0.258655672713876,
      "normal": 0.2003035572606537,
      "ct": 150.76191866308852,
      "st": 0.2867722732092304
    },
    "global_weights": {
      "w_length": 0.26455852227627435,
      "w_cross": 0.38192124768782587,
      "w_volume": 0.34357920035491607
    },
    "ideals": {
      "length": [
        0.006197322980153784,
        0.024720289077621294
      ],
      "cross": [
        0.5194398408300712,
        1.2032856822587117
      ],
      "volume": [
        1.327813591614174e-07,
        1.3968509903056374e-06
      ],
      "k_iter": 2
    }
  }
}