{
  "color_space": {
    "rgb": {
      "r": 159,
      "g": 173,
      "b": 111
    },
    "hsv": {
      "h_lower": 45,
      "h_upper": 165,
      "s": 113,
      "v": 66
    },
    "lab": {
      "l": [
        55,
        205
      ],
      "a": 145,
      "b": 119
    }
  },
  "sor": {
    "meanK": 59,
    "StddevMultThresh": 1.9715495936988443
  },
  "counting": {
    "general": {
      "voxel_res": 0.006469587419201953,
      "seed_res": 0.029967129231193913
    },
    "lccp1": {
      "color": 0.16646956351326064,
      "space": 0.44964793805736286,
      "normal": 0.5990582785651187,
      "ct": 60.75400939223923,
      "st": 0.5259084905198574
    },
    "lccp2": {
      "color": 0.20058608445287412,
      "space": 0.4480449645503339,
      "normal": 0.6363348171761093,
      "ct": 50.71711547202867,
      "st": 0.44504045411810056
    },
    "global_weights": {
      "w_length": 0.5226251145179632,
      "w_cross": 0.691083364739593,
      "w_volume": 0.5733363298804266
    },
    "ideals": {
      "length": [
        0.02063478710379897,
        0.022975007272709472
      ],
      "cross": [
        0.5531173059467599,
        1.4619430072371122
      ],
      "volume": [
        1.4870029480550396e-07,
        1.128874538515741e-06
      ],
      "k_iter": 2
    }
  }
}