{
  "color_space": {
    "rgb": {
      "r": 174,
      "g": 181,
      "b": 116
    },
    "hsv": {
      "h_lower": 7,
      "h_upper": 179,
      "s": 91,
      "v": 103
    },
    "lab": {
      "l": [
        51,
        206
      ],
      "a": 105,
      "b": 117
    }
  },
  "sor": {
    "meanK": 81,
    "StddevMultThresh": 2.842956159833826
  },
  "counting": {
    "general": {
      "voxel_res": 0.007526090615666569,
      "seed_res": 0.024886503674150462
    },
    "lccp1": {
      "color": 0.2314857958102161,
      "space": 0.618095636033936,
      "normal": 0.46372146587067703,
      "ct": 143.09310897913852,
      "st": 0.8192844981828181
    },
    "lccp2": {
      "color": 0.3168128326118434,
      "space": 0.5539955786934734,
      "normal": 0.4351009942488894,
      "ct": 130.0164664956779,
      "st": 0.8900326047217109
    },
    "global_weights": {
      "w_length": 0.9430127224944339,
      "w_cross": 0.5968146512526502,
      "w_volume": 0.9956590104393116
    },
    "ideals": {
      "length": [
        0.00837270661974402,
        0.020493408313362802
      ],
      "cross": [
        0.5830319269493209,
        1.5220423148139826
      ],
      "volume": [
        1.686322807293826e-07,
        7.435095512021622e-07
      ],
      "k_iter": 4
    }
  }
}