{
  "color_space": {
    "rgb": {
      "r": 50,
      "g": 148,
      "b": 85
    },
    "hsv": {
      "h_lower": 45,
      "h_upper": 160,
      "s": 78,
      "v": 142
    },
    "lab": {
      "l": [
        10,
        210
      ],
      "a": 163,
      "b": 73
    }
  },
  "sor": {
    "meanK": 100,
    "StddevMultThresh": 1.408270856987555
  },
  "counting": {
    "general": {
      "voxel_res": 0.007050695108607674,
      "seed_res": 0.03404104489694238
    },
    "lccp1": {
      "color": 0.33697295071197453,
      "space": 0.5342806286956767,
      "normal": 0.4801618086200403,
      "ct": 93.96741659547322,
      "st": 0.6975126992052075
    },
    "lccp2": {
      "color": 0.08333076657597266,
      "space": 0.2034260230887629,
      "normal": 0.47929643390819177,
      "ct": 10.07456680677878,
      "st": 0.8422211561473437
    },
    "global_weights": {
      "w_length": 0.3707335426902979,
      "w_cross": 0.2164992254161058,
      "w_volume": 0.6053401781286333
    },
    "ideals": {
      "length": [
        0.009511290285242849,
        0.02167031100725618
      ],
      "cross": [
        0.4963167116359926,
        1.2977413173690224
      ],
      "volume": [
        6.666318172879203e-08,
        1.1276481295380116e-06
      ],
      "k_iter": 1
    }
  }
}