{
  "color_space": {
    "rgb": {
      "r": 135,
      "g": 75,
      "b": 144
    },
    "hsv": {
      "h_lower": 56,
      "h_upper": 122,
      "s": 71,
      "v": 72
    },
    "lab": {
      "l": [
        59,
        158
      ],
      "a": 123,
      "b": 155
    }
  },
  "sor": {
    "meanK": 67,
    "StddevMultThresh": 1.6294584093176032
  },
  "counting": {
    "general": {
      "voxel_res": 0.005968422408243991,
      "seed_res": 0.032760867493964785
    },
    "lccp1": {
      "color": 0.11510970768569871,
      "space": 0.5374692941010232,
      "normal": 0.757333425399672,
      "ct": 123.51145469924127,
      "st": 0.16847636560164692
    },
    "lccp2": {
      "color": 0.24658311392265211,
      "space": 0.4549229495348598,
      "normal": 0.24263882130914893,
      "ct": 116.02751334548924,
      "st": 0.618214126956293
    },
    "global_weights": {
      "w_length": 0.15118060723146798,
      "w_cross": 0.4859940076888185,
      "w_volume": 0.7790514979378005
    },
    "ideals": {
      "length": [
        0.008758735754491785,
        0.023390237976306936
      ],
      "cross": [
        0.5698000469731309,
        1.3252971372146305
      ],
      "volume": [
        1.5196676621425553e-07,
        1.0053033139595966e-06
      ],
      "k_iter": 4
    }
  }
}