{
  "color_space": {
    "rgb": {
      "r": 82,
      "g": 140,
      "b": 70
    },
    "hsv": {
      "h_lower": 53,
      "h_upper": 136,
      "s": 85,
      "v": 106
    },
    "lab": {
      "l": [
        46,
        209
      ],
      "a": 129,
      "b": 113
    }
  },
  "sor": {
    "meanK": 55,
    "StddevMultThresh": 2.0444105180336503
  },
  "counting": {
    "general": {
      "voxel_res": 0.00615978034042495,
      "seed_res": 0.026602248233169784
    },
    "lccp1": {
      "color": 0.1762957696499236,
      "space": 0.4415482806040239,
      "normal": 0.578649764539358,
      "ct": 66.22132105183624,
      "st": 0.5715749903231016
    },
    "lccp2": {
      "color": 0.2921969577311684,
      "space": 0.5049930312237904,
      "normal": 0.6319835645251348,
      "ct": 61.0655835139369,
      "st": 0.47583624856391116
    },
    "global_weights": {
      "w_length": 0.5114068579770353,
      "w_cross": 0.7483424594571424,
      "w_volume": 0.45504381036126207
    },
    "ideals": {
      "length": [
        0.02237553645266585,
        0.05671662629633953
      ],
      "cross": [
        0.6194863888673349,
        1.3858596636583904
      ],
      "volume": [
        1.3785820328033626e-07,
        1.1484705616469756e-06
      ],
      "k_iter": 2
    }
  }
}