{
  "color_space": {
    "rgb": {
      "r": 148,
      "g": 193,
      "b": 186
    },
    "hsv": {
      "h_lower": 38,
      "h_upper": 149,
      "s": 122,
      "v": 107
    },
    "lab": {
      "l": [
        44,
        154
      ],
      "a": 53,
      "b": 55
    }
  },
  "sor": {
    "meanK": 43,
    "StddevMultThresh": 1.215941907854325
  },
  "counting": {
    "general": {
      "voxel_res": 0.005378833352182018,
      "seed_res": 0.037676476049140165
    },
    "lccp1": {
      "color": 0.370274282701035,
      "space": 0.7340098659232941,
      "normal": 0.651060763929842,
      "ct": 69.50859222644097,
      "st": 0.8743215800325804
    },
    "lccp2": {
      "color": 0.32094753533474757,
      "space": 0.5267279687491548,
      "normal": 0.40196812975080565,
      "ct": 155.952729245431,
      "st": 0.4496283630479212
    },
    "global_weights": {
      "w_length": 0.18650477781340455,
      "w_cross": 0.3050605842110787,
      "w_volume": 0.14108385040279925
    },
    "ideals": {
      "length": [
        0.0058139600410393065,
        0.024154388953222014
      ],
      "cross": [
        0.7810323128543059,
        1.4921911736040654
      ],
      "volume": [
        2.2089597932970704e-07,
        1.4863030191514077e-06
      ],
      "k_iter": 1
    }
  }
}