{
  "color_space": {
    "rgb": {
      "r": 182,
      "g": 165,
      "b": 192
    },
    "hsv": {
      "h_lower": 7,
      "h_upper": 172,
      "s": 97,
      "v": 99
    },
    "lab": {
      "l": [
        43,
        202
      ],
      "a": 102,
      "b": 112
    }
  },
  "sor": {
    "meanK": 84,
    "StddevMultThresh": 2.754820820322644
  },
  "counting": {
    "general": {
      "voxel_res": 0.005692217982932622,
      "seed_res": 0.029920938856874198
    },
    "lccp1": {
      "color": 0.1816239367663145,
      "space": 0.5445538274556507,
      "normal": 0.7364795677777585,
      "ct": 62.889437292518764,
      "st": 0.11153983077771634
    },
    "lccp2": {
      "color": 0.09597251742743573,
      "space": 0.24068859043521418,
      "normal": 0.2507268219597582,
      "ct": 105.50859434507535,
      "st": 0.7630813847312872
    },
    "global_weights": {
      "w_length": 0.9585208519590346,
      "w_cross": 0.14126691015488033,
      "w_volume": 0.9415020036782524
    },
    "ideals": {
      "length": [
        0.008212905825998788,
        0.024126304256804065
      ],
      "cross": [
        0.6467190069495038,
        1.3925997296155643
      ],
      "volume": [
        1.2716028637662003e-07,
        1.5400114189944821e-06
      ],
      "k_iter": 3
    }
  }
}