{
  "color_space": {
    "rgb": {
      "r": 178,
      "g": 104,
      "b": 95
    },
    "hsv": {
      "h_lower": 33,
      "h_upper": 131,
      "s": 132,
      "v": 80
    },
    "lab": {
      "l": [
        47,
        194
      ],
      "a": 134,
      "b": 113
    }
  },
  "sor": {
    "meanK": 56,
    "StddevMultThresh": 2.1103942910303712
  },
  "counting": {
    "general": {
      "voxel_res": 0.0062102615333827224,
      "seed_res": 0.025023808167913414
    },
    "lccp1": {
      "color": 0.15396416234250182,
      "space": 0.44322520192684445,
      "normal": 0.5814588872560744,
      "ct": 72.5539122379142,
      "st": 0.4083159651868725
    },
    "lccp2": {
      "color": 0.2605640250621631,
      "space": 0.43075956583626146,
      "normal": 0.5894235703347286,
      "ct": 57.11454692243503,
      "st": 0.474048683952387
    },
    "global_weights": {
      "w_length": 0.5797738633417209,
      "w_cross": 0.56065361938887,
      "w_volume": 0.4602838988723313
    },
    "ideals": {
      "length": [
        0.021925180362245642,
        0.032128865721657365
      ],
      "cross": [
        0.643880577976392,
        1.3092222776608866
      ],
      "volume": [
        1.2115036492018106e-07,
        1.0628512374665365e-06
      ],
      "k_iter": 3
    }
  }
}