{
  "color_space": {
    "rgb": {
      "r": 88,
      "g": 81,
      "b": 158
    },
    "hsv": {
      "h_lower": 65,
      "h_upper": 161,
      "s": 72,
      "v": 63
    },
    "lab": {
      "l": [
        51,
        214
      ],
      "a": 120,
      "b": 164
    }
  },
  "sor": {
    "meanK": 42,
    "StddevMultThresh": 2.246992879867501
  },
  "counting": {
    "general": {
      "voxel_res": 0.006538793755744668,
      "seed_res": 0.027603338288131204
    },
    "lccp1": {
      "color": 0.134180111219362,
      "space": 0.4373337493764902,
      "normal": 0.5199685465008246,
      "ct": 124.58976417859114,
      "st": 0.8964784678359936
    },
    "lccp2": {
      "color": 0.38226197720196486,
      "space": 0.6655496928848894,
      "normal": 0.7152099298506736,
      "ct": 68.17944714700087,
      "st": 0.5706670600753012
    },
    "global_weights": {
      "w_length": 0.8908839648230819,
      "w_cross": 0.6347809880672768,
      "w_volume": 0.9390177777329974
    },
    "ideals": {
      "length": [
        0.007384084411169706,
        0.020637953345553076
      ],
      "cross": [
        0.6574455163790034,
        1.3322424855795343
      ],
      "volume": [
        8.115090132164014e-08,
        1.3120868382220116e-06
      ],
      "k_iter": 2
    }
  }
}