{
  "color_space": {
    "rgb": {
      "r": 163,
      "g": 152,
      "b": 174
    },
    "hsv": {
      "h_lower": 40,
      "h_upper": 113,
      "s": 85,
      "v": 95
    },
    "lab": {
      "l": [
        46,
        192
      ],
      "a": 106,
      "b": 102
    }
  },
  "sor": {
    "meanK": 60,
    "StddevMultThresh": 2.0694199289733013
  },
  "counting": {
    "general": {
      "voxel_res": 0.006894153567065484,
      "seed_res": 0.027608269001891794
    },
    "lccp1": {
      "color": 0.1711175038825712,
      "space": 0.40362609430100993,
      "normal": 0.5535333753507018,
      "ct": 69.95546218491171,
      "st": 0.5222170100784953
    },
    "lccp2": {
      "color": 0.27576736351481507,
      "space": 0.4061420743064442,
      "normal": 0.5404167772762974,
      "ct": 50.18599206879294,
      "st": 0.46020780862886895
    },
    "global_weights": {
      "w_length": 0.4809984890626047,
      "w_cross": 0.5444659449464836,
      "w_volume": 0.46890004754671544
    },
    "ideals": {
      "length": [
        0.02342911532817216,
        0.04279326185173845
      ],
      "cross": [
        0.6448991271030111,
        1.336384930399259
      ],
      "volume": [
        1.3578545446545773e-07,
        1.0059039560425972e-06
      ],
      "k_iter": 2
    }
  }
}