{
  "color_space": {
    "rgb": {
      "r": 169,
      "g": 71,
      "b": 157
    },
    "hsv": {
      "h_lower": 24,
      "h_upper": 178,
      "s": 86,
      "v": 98
    },
    "lab": {
      "l": [
        44,
        195
      ],
      "a": 106,
      "b": 117
    }
  },
  "sor": {
    "meanK": 99,
    "StddevMultThresh": 2.7593756312984548
  },
  "counting": {
    "general": {
      "voxel_res": 0.00518793546397187,
      "seed_res": 0.025511030767851453
    },
    "lccp1": {
      "color": 0.28810304719243524,
      "space": 0.33981623525511806,
      "normal": 0.4321127023427568,
      "ct": 168.7835881557725,
      "st": 0.9142737529607098
    },
    "lccp2": {
      "color": 0.014271487770129898,
      "space": 0.4487753708312912,
      "normal": 0.2091177674351738,
      "ct": 163.99849232485948,
      "st": 0.40361052606471215
    },
    "global_weights": {
      "w_length": 0.8999530261888353,
      "w_cross": 0.7090486216857467,
      "w_volume": 0.2130359135984501
    },
    "ideals": {
      "length": [
        0.005720288615281432,
        0.020668501828169577
      ],
      "cross": [
        0.7342525634899366,
        1.376313083578406
      ],
      "volume": [
        1.5089659103897985e-07,
        1.2484243232070028e-06
      ],
      "k_iter": 2
    }
  }
}