{
  "color_space": {
    "rgb": {
      "r": 130,
      "g": 97,
      "b": 147
    },
    "hsv": {
      "h_lower": 23,
      "h_upper": 178,
      "s": 88,
      "v": 93
    },
    "lab": {
      "l": [
        46,
        200
      ],
      "a": 111,
      "b": 116
    }
  },
  "sor": {
    "meanK": 71,
    "StddevMultThresh": 1.3313832829797747
  },
  "counting": {
    "general": {
      "voxel_res": 0.007134225862518636,
      "seed_res": 0.0241990970419233
    },
    "lccp1": {
      "color": 0.010162204515879347,
      "space": 0.5760038671025385,
      "normal": 0.6746921950959812,
      "ct": 137.11685082536016,
      "st": 0.037333435945767324
    },
    "lccp2": {
      "color": 0.07861135115165459,
      "space": 0.2891389815360641,
      "normal": 0.2583654753529733,
      "ct": 139.51048238915877,
      "st": 0.3505461617785208
    },
    "global_weights": {
      "w_length": 0.11937239331211559,
      "w_cross": 0.5436433557516361,
      "w_volume": 0.39707590382328783
    },
    "ideals": {
      "length": [
        0.0064800666551759105,
        0.0235129238238809
      ],
      "cross": [
        0.6976052427482886,
        1.5049147185569205
      ],
      "volume": [
        2.484974354516134e-07,
        1.5496231327105147e-06
      ],
      "k_iter": 2
    }
  }
}