{
  "color_space": {
    "rgb": {
      "r": 182,
      "g": 89,
      "b": 149
    },
    "hsv": {
      "h_lower": 55,
      "h_upper": 103,
      "s": 140,
      "v": 66
    },
    "lab": {
      "l": [
        47,
        204
      ],
      "a": 102,
      "b": 100
    }
  },
  "sor": {
    "meanK": 60,
    "StddevMultThresh": 2.036122097255683
  },
  "counting": {
    "general": {
      "voxel_res": 0.0065533392537298575,
      "seed_res": 0.023099420545340126
    },
    "lccp1": {
      "color": 0.11929792020717653,
      "space": 0.45291163099828863,
      "normal": 0.5651488493131029,
      "ct": 73.6234127064601,
      "st": 0.5271959831417354
    },
    "lccp2": {
      "color": 0.21741177809086806,
      "space": 0.40536616665946956,
      "normal": 0.5664524386078988,
      "ct": 53.664272268082684,
      "st": 0.4714348261478022
    },
    "global_weights": {
      "w_length": 0.4671376090846586,
      "w_cross": 0.6483188043375762,
      "w_volume": 0.5641796484707845
    },
    "ideals": {
      "length": [
        0.02392616924464468,
        0.028081605096739327
      ],
      "cross": [
        0.5937476205635077,
        1.319026054133492
      ],
      "volume": [
        1.0403267728389888e-07,
        1.0621927583299502e-06
      ],
      "k_iter": 2
    }
  }
}