{
  "color_space": {
    "rgb": {
      "r": 160,
      "g": 156,
      "b": 125
    },
    "hsv": {
      "h_lower": 17,
      "h_upper": 112,
      "s": 141,
      "v": 90
    },
    "lab": {
      "l": [
        45,
        199
      ],
      "a": 107,
      "b": 101
    }
  },
  "sor": {
    "meanK": 52,
    "StddevMultThresh": 2.028165506204147
  },
  "counting": {
    "general": {
      "voxel_res": 0.006323003494003686,
      "seed_res": 0.021406618772587337
    },
    "lccp1": {
      "color": 0.1819003779041083,
      "space": 0.40585214728907354,
      "normal": 0.5204478649674028,
      "ct": 66.73377324453793,
      "st": 0.4059432222543718
    },
    "lccp2": {
      "color": 0.24869156122086078,
      "space": 0.47822593752568193,
      "normal": 0.5974740266432548,
      "ct": 59.08846266946622,
      "st": 0.4825690572397725
    },
    "global_weights": {
      "w_length": 0.596099069819783,
      "w_cross": 0.7475053000788392,
      "w_volume": 0.48448660454196146
    },
    "ideals": {
      "length": [
        0.020771124914232657,
        0.06641528919578954
      ],
      "cross": [
        0.6197158959153887,
        1.3396449157432717
      ],
      "volume": [
        9.996991232428656e-08,
        1.0537438492888352e-06
      ],
      "k_iter": 2
    }
  }
}