{
  "color_space": {
    "rgb": {
      "r": 183,
      "g": 184,
      "b": 176
    },
    "hsv": {
      "h_lower": 39,
      "h_upper": 126,
      "s": 91,
      "v": 98
    },
    "lab": {
      "l": [
        68,
        161
      ],
      "a": 24,
      "b": 27
    }
  },
  "sor": {
    "meanK": 54,
    "StddevMultThresh": 2.3549717944617994
  },
  "counting": {
    "general": {
      "voxel_res": 0.005657441783326245,
      "seed_res": 0.021568591344689705
    },
    "lccp1": {
      "color": 0.11164685257391493,
      "space": 0.7030535937222382,
      "normal": 0.5409417282126923,
      "ct": 64.0193462023233,
      "st": 0.08343055486778816
    },
    "lccp2": {
      "color": 0.07775713712867471,
      "space": 0.7911436555381639,
      "normal": 0.7203988827611374,
      "ct": 79.86138371093014,
      "st": 0.5443734728272626
    },
    "global_weights": {
      "w_length": 0.5828448730418436,
      "w_cross": 0.1796901422437188,
      "w_volume": 0.9335025840303905
    },
    "ideals": {
      "length": [
        0.007261411420464884,
        0.021811435182493767
      ],
      "cross": [
        0.40856294000845067,
        1.4848026135130954
      ],
      "volume": [
        1.6752096956347213e-07,
        1.4025997689336104e-06
      ],
      "k_iter": 1
    }
  }
}