{
  "color_space": {
    "rgb": {
      "r": 138,
      "g": 174,
      "b": 156
    },
    "hsv": {
      "h_lower": 51,
      "h_upper": 162,
      "s": 113,
      "v": 117
    },
    "lab": {
      "l": [
        57,
        246
      ],
      "a": 76,
      "b": 123
    }
  },
  "sor": {
    "meanK": 87,
    "StddevMultThresh": 1.3523587881121597
  },
  "counting": {
    "general": {
      "voxel_res": 0.007761282440924584,
      "seed_res": 0.022723446185564697
    },
    "lccp1": {
      "color": 0.07097961804890165,
      "space": 0.7473685308880356,
      "normal": 0.5034709025543145,
      "ct": 11.452165481038517,
      "st": 0.8593696561669241
    },
    "lccp2": {
      "color": 0.2266766765661628,
      "space": 0.6427004274305859,
      "normal": 0.42631741506911436,
      "ct": 165.52600131605053,
      "st": 0.6956959240907353
    },
    "global_weights": {
      "w_length": 0.6603150001078335,
      "w_cross": 0.49972669253942437,
      "w_volume": 0.687224120026122
    },
    "ideals": {
      "length": [
        0.005034480384287148,
        0.022910303574521788
      ],
      "cross": [
        0.530319556496349,
        1.2912943328900233
      ],
      "volume": [
        1.4741548614358264e-07,
        1.5639848907564519e-06
      ],
      "k_iter": 1
    }
  }
}