{
  "color_space": {
    "rgb": {
      "r": 121,
      "g": 179,
      "b": 62
    },
    "hsv": {
      "h_lower": 28,
      "h_upper": 140,
      "s": 132,
      "v": 83
    },
    "lab": {
      "l": [
        52,
        206
      ],
      "a": 129,
      "b": 101
    }
  },
  "sor": {
    "meanK": 57,
    "StddevMultThresh": 2.2742621539377366
  },
  "counting": {
    "general": {
      "voxel_res": 0.0067691495149685855,
      "seed_res": 0.025593160498380896
    },
    "lccp1": {
      "color": 0.12015872965007204,
      "space": 0.48344188156925,
      "normal": 0.5649132911895649,
      "ct": 61.62812840886419,
      "st": 0.5368586724013595
    },
    "lccp2": {
      "color": 0.29948543794204324,
      "space": 0.5426176085591412,
      "normal": 0.5421914463704767,
      "ct": 59.61766239676234,
      "st": 0.4069555241208097
    },
    "global_weights": {
      "w_length": 0.5153788553644033,
      "w_cross": 0.6682715327522777,
      "w_volume": 0.5756927009561503
    },
    "ideals": {
      "length": [
        0.020929959742472547,
        0.02900209764804839
      ],
      "cross": [
        0.5820399617259355,
        1.35635839721451
      ],
      "volume": [
        1.3492079295356686e-07,
        1.1215630492024094e-06
      ],
      "k_iter": 3
    }
  }
}