{
  "color_space": {
    "rgb": {
      "r": 80,
      "g": 70,
      "b": 52
    },
    "hsv": {
      "h_lower": 13,
      "h_upper": 163,
      "s": 103,
      "v": 79
    },
    "lab": {
      "l": [
        61,
        221
      ],
      "a": 28,
      "b": 47
    }
  },
  "sor": {
    "meanK": 71,
    "StddevMultThresh": 1.487516248715328
  },
  "counting": {
    "general": {
      "voxel_res": 0.0052240409833391056,
      "seed_res": 0.015510833227757124
    },
    "lccp1": {
      "color": 0.25241063472971004,
      "space": 0.36906503543542624,
      "normal": 0.6732157463245395,
      "ct": 13.71416219153696,
      "st": 0.49032442778295793
    },
    "lccp2": {
      "color": 0.16420973524767565,
      "space": 0.476707753133551,
      "normal": 0.6871997831617547,
      "ct": 46.59258899853904,
      "st": 0.2860288062059979
    },
    "global_weights": {
      "w_length": 0.7583084747162173,
      "w_cross": 0.8711966220648715,
      "w_volume": 0.1967876155906958
    },
    "ideals": {
      "length": [
        0.007440771456689175,
        0.022773593245934264
      ],
      "cross": [
        0.6410303877928035,
        1.3093834319409958
      ],
      "volume": [
        5.493526844470644e-08,
        9.84680315125823e-07
      ],
      "k_iter": 2
    }
  }
}