{
  "color_space": {
    "rgb": {
      "r": 198,
      "g": 51,
      "b": 186
    },
    "hsv": {
      "h_lower": 66,
      "h_upper": 108,
      "s": 94,
      "v": 59
    },
    "lab": {
      "l": [
        51,
        191
      ],
      "a": 117,
      "b": 104
    }
  },
  "sor": {
    "meanK": 54,
    "StddevMultThresh": 1.9698987065537805
  },
  "counting": {
    "general": {
      "voxel_res": 0.006737747633840672,
      "seed_res": 0.02542897146626206
    },
    "lccp1": {
      "color": 0.1003044884788907,
      "space": 0.469883402553428,
      "normal": 0.5359101879110696,
      "ct": 60.019618072420364,
      "st": 0.44998693115362104
    },
    "lccp2": {
      "color": 0.2742802996996894,
      "space": 0.4396585675803008,
      "normal": 0.5518229173879757,
      "ct": 57.73712388136523,
      "st": 0.42836193837284653
    },
    "global_weights": {
      "w_length": 0.5618957184463718,
      "w_cross": 0.5490144196181665,
      "w_volume": 0.45413788117674786
    },
    "ideals": {
      "length": [
        0.021312644369652755,
        0.05792401180619434
      ],
      "cross": [
        0.5955770812206511,
        1.4162526179926735
      ],
      "volume": [
        1.4649341834347892e-07,
        9.829686088248413e-07
      ],
      "k_iter": 2
    }
  }
}