{
  "color_space": {
    "rgb": {
      "r": 98,
      "g": 173,
      "b": 116
    },
    "hsv": {
      "h_lower": 11,
      "h_upper": 176,
      "s": 80,
      "v": 104
    },
    "lab": {
      "l": [
        42,
        200
      ],
      "a": 118,
      "b": 107
    }
  },
  "sor": {
    "meanK": 62,
    "StddevMultThresh": 1.6677452081341906
  },
  "counting": {
    "general": {
      "voxel_res": 0.006248694063530723,
      "seed_res": 0.018692770913207847
    },
    "lccp1": {
      "color": 0.2202913625582427,
      "space": 0.4092527792969001,
      "normal": 0.6391688934849895,
      "ct": 88.61773369742814,
      "st": 0.9317509380989392
    },
    "lccp2": {
      "color": 0.32161844601749445,
      "space": 0.40548331305152574,
      "normal": 0.5701968673349107,
      "ct": 17.400457205126898,
      "st": 0.5919783672914122
    },
    "global_weights": {
      "w_length": 0.48167035458573737,
      "w_cross": 0.4978038016558022,
      "w_volume": 0.860120422429002
    },
    "ideals": {
      "length": [
        0.006588745151445656,
        0.024447787828981726
      ],
      "cross": [
        0.47930673191521866,
        1.248619973824828
      ],
      "volume": [
        1.9187448788761052e-07,
        1.318102903643915e-06
      ],
      "k_iter": 1
    }
  }
}