{
  "color_space": {
    "rgb": {
      "r": 110,
      "g": 91,
      "b": 127
    },
    "hsv": {
      "h_lower": 47,
      "h_upper": 103,
      "s": 76,
      "v": 115
    },
    "lab": {
      "l": [
        95,
        150
      ],
      "a": 156,
      "b": 8
    }
  },
  "sor": {
    "meanK": 81,
    "StddevMultThresh": 1.805161950619319
  },
  "counting": {
    "general": {
      "voxel_res": 0.0053150611022136415,
      "seed_res": 0.028110837993072763
    },
    "lccp1": {
      "color": 0.1640704515085677,
      "space": 0.7154690091694593,
      "normal": 0.34525118638914865,
      "ct": 96.2776045552587,
      "st": 0.7576885730360366
    },
    "lccp2": {
      "color": 0.15272611599852476,
      "space": 0.7001039714811335,
      "normal": 0.2750161837621977,
      "ct": 29.71326172195452,
      "st": 0.7685650781390425
    },
    "global_weights": {
      "w_length": 0.8922801587305557,
      "w_cross": 0.6167624852692315,
      "w_volume": 0.1965851995476311
    },
    "ideals": {
      "length": [
        0.008792788100018042,
        0.02461429613217926
      ],
      "cross": [
        0.5489060240671313,
        1.5913610540403946
      ],
      "volume": [
        7.215326941079947e-08,
        1.4115812618879818e-06
      ],
      "k_iter": 2
    }
  }
}