{
  "color_space": {
    "rgb": {
      "r": 174,
      "g": 53,
      "b": 165
    },
    "hsv": {
      "h_lower": 70,
      "h_upper": 133,
      "s": 82,
      "v": 136
    },
    "lab": {
      "l": [
        52,
        196
      ],
      "a": 116,
      "b": 113
    }
  },
  "sor": {
    "meanK": 56,
    "StddevMultThresh": 2.1217331066606624
  },
  "counting": {
    "general": {
      "voxel_res": 0.006210216055687561,
      "seed_res": 0.026918500679930554
    },
    "lccp1": {
      "color": 0.1519712448846261,
      "space": 0.4123620239844198,
      "normal": 0.5319164600793194,
      "ct": 73.93524144590397,
      "st": 0.551114718870017
    },
    "lccp2": {
      "color": 0.2166953903705837,
      "space": 0.4651883316410212,
      "normal": 0.5609381627371877,
      "ct": 52.28010620874535,
      "st": 0.394724598170828
    },
    "global_weights": {
      "w_length": 0.5979909728743137,
      "w_cross": 0.5483459219700668,
      "w_volume": 0.45496040762274653
    },
    "ideals": {
      "length": [
        0.02008346222787076,
        0.043703591844894744
      ],
      "cross": [
        0.6331252647215109,
        1.355969875916222
      ],
      "volume": [
        1.0298038445724579e-07,
        1.194571138021787e-06
      ],
      "k_iter": 3
    }
  }
}