{
  "color_space": {
    "rgb": {
      "r": 123,
      "g": 168,
      "b": 181
    },
    "hsv": {
      "h_lower": 30,
      "h_upper": 133,
      "s": 83,
      "v": 144
    },
    "lab": {
      "l": [
        70,
        171
      ],
      "a": 101,
      "b": 9
    }
  },
  "sor": {
    "meanK": 96,
    "StddevMultThresh": 2.1953049753714384
  },
  "counting": {
    "general": {
      "voxel_res": 0.005842784844110261,
      "seed_res": 0.03736326263673528
    },
    "lccp1": {
      "color": 0.0582816778826353,
      "space": 0.2083306901637703,
      "normal": 0.406883231525136,
      "ct": 61.70461287595495,
      "st": 0.9356403134948044
    },
    "lccp2": {
      "color": 0.1980995012309763,
      "space": 0.3439004263958122,
      "normal": 0.45465603425943063,
      "ct": 141.3206184295287,
      "st": 0.09414064838768843
    },
    "global_weights": {
      "w_length": 0.35108123509545364,
      "w_cross": 0.3425508643091722,
      "w_volume": 0.386514662416816
    },
    "ideals": {
      "length": [
        0.006807271211061831,
        0.02241083196496186
      ],
      "cross": [
        0.5417934344112356,
        1.3574538542425234
      ],
      "volume": [
        6.738827640687875e-08,
        1.3649088106921657e-06
      ],
      "k_iter": 3
    }
  }
}