{
  "color_space": {
    "rgb": {
      "r": 75,
      "g": 69,
      "b": 90
    },
    "hsv": {
      "h_lower": 55,
      "h_upper": 132,
      "s": 111,
      "v": 121
    },
    "lab": {
      "l": [
        53,
        196
      ],
      "a": 124,
      "b": 117
    }
  },
  "sor": {
    "meanK": 58,
    "StddevMultThresh": 2.0175746126661824
  },
  "counting": {
    "general": {
      "voxel_res": 0.006250595661076979,
      "seed_res": 0.025820313873975365
    },
    "lccp1": {
      "color": 0.11687333202298317,
      "space": 0.4233401631878373,
      "normal": 0.5736021594043361,
      "ct": 62.340609164306365,
      "st": 0.41273704288445984
    },
    "lccp2": {
      "color": 0.29245624914569585,
      "space": 0.4775819100837506,
      "normal": 0.5655671976058938,
      "ct": 58.09696256635158,
      "st": 0.47732498284058306
    },
    "global_weights": {
      "w_length": 0.5231687278980539,
      "w_cross": 0.5472113382065332,
      "w_volume": 0.5425124173414051
    },
    "ideals": {
      "length": [
        0.007695138531142349,
        0.023823868986551432
      ],
      "cross": [
        0.5747664412802411,
        1.3379999346821347
      ],
      "volume": [
        1.4920077863452112e-07,
        1.1200215972142739e-06
      ],
      "k_iter": 2
    }
  }
}