{
  "color_space": {
    "rgb": {
      "r": 160,
      "g": 130,
      "b": 152
    },
    "hsv": {
      "h_lower": 6,
      "h_upper": 179,
      "s": 96,
      "v": 100
    },
    "lab": {
      "l": [
        55,
        208
      ],
      "a": 106,
      "b": 108
    }
  },
  "sor": {
    "meanK": 82,
    "StddevMultThresh": 2.8571513083739086
  },
  "counting": {
    "general": {
      "voxel_res": 0.005393579199368191,
      "seed_res": 0.011825838539113884
    },
    "lccp1": {
      "color": 0.3654216360404483,
      "space": 0.743221969675889,
      "normal": 0.23861596241942148,
      "ct": 15.79233336994621,
      "st": 0.7946469778237396
    },
    "lccp2": {
      "color": 0.1582491248485329,
      "space": 0.5492680264312926,
      "normal": 0.5259840554512447,
      "ct": 25.666929306121755,
      "st": 0.7924346537085689
    },
    "global_weights": {
      "w_length": 0.9623777195055306,
      "w_cross": 0.8245705761591076,
      "w_volume": 0.29446279960993527
    },
    "ideals": {
      "length": [
        0.008644844850954968,
        0.021735468242834646
      ],
      "cross": [
        0.4614574625604696,
        1.4553784324393642
      ],
      "volume": [
        1.3324337741253767e-07,
        1.1530238435014568e-06
      ],
      "k_iter": 4
    }
  }
}