{
  "color_space": {
    "rgb": {
      "r": 75,
      "g": 145,
      "b": 140
    },
    "hsv": {
      "h_lower": 79,
      "h_upper": 147,
      "s": 110,
      "v": 101
    },
    "lab": {
      "l": [
        15,
        226
      ],
      "a": 160,
      "b": 89
    }
  },
  "sor": {
    "meanK": 94,
    "StddevMultThresh": 2.3305973953416492
  },
  "counting": {
    "general": {
      "voxel_res": 0.007747644310147435,
      "seed_res": 0.03655832906856431
    },
    "lccp1": {
      "color": 0.08442015103593109,
      "space": 0.7591262275631274,
      "normal": 0.5470846293404841,
      "ct": 64.93259293782116,
      "st": 0.5619816701154449
    },
    "lccp2": {
      "color": 0.3677043618475184,
      "space": 0.2262456157121886,
      "normal": 0.7836360951078727,
      "ct": 151.32875857883877,
      "st": 0.0476661743661807
    },
    "global_weights": {
      "w_length": 0.9346177318434802,
      "w_cross": 0.9452362679036327,
      "w_volume": 0.5327610454379876
    },
    "ideals": {
      "length": [
        0.009526805169651341,
        0.024286356290709958
      ],
      "cross": [
        0.6278484721730989,
        1.2251910223077858
      ],
      "volume": [
        1.8849824198127036e-07,
        1.0866540155186318e-06
      ],
      "k_iter": 4
    }
  }
}