{
  "color_space": {
    "rgb": {
      "r": 173,
      "g": 95,
      "b": 122
    },
    "hsv": {
      "h_lower": 5,
      "h_upper": 135,
      "s": 86,
      "v": 66
    },
    "lab": {
      "l": [
        22,
        208
      ],
      "a": 53,
      "b": 13
    }
  },
  "sor": {
    "meanK": 41,
    "StddevMultThresh": 1.5493524532407483
  },
  "counting": {
    "general": {
      "voxel_res": 0.006066609967389224,
      "seed_res": 0.03318906172075215
    },
    "lccp1": {
      "color": 0.385252240465777,
      "space": 0.24625838934648883,
      "normal": 0.4851382878079681,
      "ct": 40.354349317550096,
      "st": 0.22486861715696793
    },
    "lccp2": {
      "color": 0.11912369779605872,
      "space": 0.2032214842576661,
      "normal": 0.6271341404994639,
      "ct": 59.278230146860494,
      "st": 0.6405645666863266
    },
    "global_weights": {
      "w_length": 0.2744627463420036,
      "w_cross": 0.5489229900158455,
      "w_volume": 0.9574661884938475
    },
    "ideals": {
      "length": [
        0.009554316336577379,
        0.021138406381054853
      ],
      "cross": [
        0.43687150985300943,
        1.4398238006874138
      ],
      "volume": [
        1.887156772260653e-07,
        1.0306244947916648e-06
      ],
      "k_iter": 4
    }
  }
}