{
  "color_space": {
    "rgb": {
      "r": 65,
      "g": 143,
      "b": 159
    },
    "hsv": {
      "h_lower": 56,
      "h_upper": 140,
      "s": 136,
      "v": 56
    },
    "lab": {
      "l": [
        89,
        234
      ],
      "a": 139,
      "b": 160
    }
  },
  "sor": {
    "meanK": 72,
    "StddevMultThresh": 1.036054200494657
  },
  "counting": {
    "general": {
      "voxel_res": 0.0057750245207080836,
      "seed_res": 0.03348099706942936
    },
    "lccp1": {
      "color": 0.31452602813179675,
      "space": 0.3468144148649056,
      "normal": 0.36136773901245106,
      "ct": 156.2890697268424,
      "st": 0.46160134063473257
    },
    "lccp2": {
      "color": 0.03289945914825925,
      "space": 0.2690655077170222,
      "normal": 0.47573443358811746,
      "ct": 81.98168012604268,
      "st": 0.7146796225979447
    },
    "global_weights": {
      "w_length": 0.5585161510781143,
      "w_cross": 0.6088282229515166,
      "w_volume": 0.7144924501705435
    },
    "ideals": {
      "length": [
        0.005316449170989913,
        0.022217648235061633
      ],
      "cross": [
        0.5239602462318218,
        1.3341605043458051
      ],
      "volume": [
        8.712365740607933e-08,
        9.82701591044456e-07
      ],
      "k_iter": 1
    }
  }
}