{
  "color_space": {
    "rgb": {
      "r": 78,
      "g": 54,
      "b": 164
    },
    "hsv": {
      "h_lower": 38,
      "h_upper": 132,
      "s": 103,
      "v": 99
    },
    "lab": {
      "l": [
        35,
        167
      ],
      "a": 116,
      "b": 120
    }
  },
  "sor": {
    "meanK": 38,
    "StddevMultThresh": 2.911592765331641
  },
  "counting": {
    "general": {
      "voxel_res": 0.007435146220036178,
      "seed_res": 0.020866104606158568
    },
    "lccp1": {
      "color": 0.08322807281638167,
      "space": 0.3377502320311795,
      "normal": 0.6253066304013011,
      "ct": 45.92175636183653,
      "st": 0.12658711354623042
    },
    "lccp2": {
      "color": 0.39700377048180496,
      "space": 0.4214971890401668,
      "normal": 0.44460680554780097,
      "ct": 135.3287737644446,
      "st": 0.0583569194670307
    },
    "global_weights": {
      "w_length": 0.28762283635134855,
      "w_cross": 0.7865128747481313,
      "w_volume": 0.6265427249366924
    },
    "ideals": {
      "length": [
        0.00977914402404864,
        0.022532949182444986
      ],
      "cross": [
        0.7109272500506674,
        1.3605181181781494
      ],
      "volume": [
        1.7630048749919802e-07,
        1.5621611102804166e-06
      ],
      "k_iter": 2
    }
  }
}