{
  "color_space": {
    "rgb": {
      "r": 56,
      "g": 167,
      "b": 87
    },
    "hsv": {
      "h_lower": 43,
      "h_upper": 161,
      "s": 61,
      "v": 102
    },
    "lab": {
      "l": [
        47,
        191
      ],
      "a": 140,
      "b": 111
    }
  },
  "sor": {
    "meanK": 60,
    "StddevMultThresh": 1.9486395229566675
  },
  "counting": {
    "general": {
      "voxel_res": 0.006292587622683539,
      "seed_res": 0.02957287767511796
    },
    "lccp1": {
      "color": 0.16397431842511406,
      "space": 0.49239555625351394,
      "normal": 0.530638981292333,
      "ct": 63.565661507735676,
      "st": 0.58730263470473
    },
    "lccp2": {
      "color": 0.21082746564717525,
      "space": 0.5365295549382512,
      "normal": 0.6018964264802333,
      "ct": 60.15729465172457,
      "st": 0.36666014608745867
    },
    "global_weights": {
      "w_length": 0.5501209800209759,
      "w_cross": 0.5254708853984205,
      "w_volume": 0.5494048538349265
    },
    "ideals": {
      "length": [
        0.023476434336767642,
        0.0469118336517941
      ],
      "cross": [
        0.6295978120489121,
        1.438974060252046
      ],
      "volume": [
        1.2078766313221544e-07,
        1.0718853758085826e-06
      ],
      "k_iter": 2
    }
  }
}