{
  "color_space": {
    "rgb": {
      "r": 145,
      "g": 62,
      "b": 72
    },
    "hsv": {
      "h_lower": 29,
      "h_upper": 143,
      "s": 143,
      "v": 149
    },
    "lab": {
      "l": [
        33,
        242
      ],
      "a": 86,
      "b": 161
    }
  },
  "sor": {
    "meanK": 91,
    "StddevMultThresh": 2.1834181538146753
  },
  "counting": {
    "general": {
      "voxel_res": 0.0071653923467682136,
      "seed_res": 0.038924588857219417
    },
    "lccp1": {
      "color": 0.37149254051705044,
      "space": 0.5285653719919013,
      "normal": 0.32475897580587954,
      "ct": 68.0418530907231,
      "st": 0.9190240016287838
    },
    "lccp2": {
      "color": 0.03886534224320322,
      "space": 0.5042673619321532,
      "normal": 0.6929417125156379,
      "ct": 30.588366508697913,
      "st": 0.15939985062724416
    },
    "global_weights": {
      "w_length": 0.553211670436313,
      "w_cross": 0.9899044041362502,
      "w_volume": 0.37689018346346026
    },
    "ideals": {
      "length": [
        0.008838766059541498,
        0.020980810197320347
      ],
      "cross": [
        0.44126692011996227,
        1.2438608461986287
      ],
      "volume": [
        5.118497366105657e-08,
        1.5368632305925047e-06
      ],
      "k_iter": 2
    }
  }
}