{
  "color_space": {
    "rgb": {
      "r": 154,
      "g": 133,
      "b": 107
    },
    "hsv": {
      "h_lower": 17,
      "h_upper": 166,
      "s": 91,
      "v": 108
    },
    "lab": {
      "l": [
        51,
        202
      ],
      "a": 123,
      "b": 107
    }
  },
  "sor": {
    "meanK": 50,
    "StddevMultThresh": 1.4207696464121022
  },
  "counting": {
    "general": {
      "voxel_res": 0.006784689315498628,
      "seed_res": 0.028574865450171315
    },
    "lccp1": {
      "color": 0.14570194443423623,
      "space": 0.5037462743397484,
      "normal": 0.5100313576444604,
      "ct": 128.180293692623,
      "st": 0.0733257216658102
    },
    "lccp2": {
      "color": 0.3275222599087606,
      "space": 0.539244261545895,
      "normal": 0.700691827317764,
      "ct": 102.46667587215896,
      "st": 0.4003775828572257
    },
    "global_weights": {
      "w_length": 0.6240707560134132,
      "w_cross": 0.3380960441947865,
      "w_volume": 0.18237495709971158
    },
    "ideals": {
      "length": [
        0.005387885703317177,
        0.02165321048302847
      ],
      "cross": [
        0.40503369252596033,
        1.467166695138586
      ],
      "volume": [
        1.3383762555750907e-07,
        1.5961588762163885e-06
      ],
      "k_iter": 1
    }
  }
}