{
  "color_space": {
    "rgb": {
      "r": 67,
      "g": 99,
      "b": 148
    },
    "hsv": {
      "h_lower": 53,
      "h_upper": 101,
      "s": 95,
      "v": 80
    },
    "lab": {
      "l": [
        40,
        208
      ],
      "a": 107,
      "b": 113
    }
  },
  "sor": {
    "meanK": 60,
    "StddevMultThresh": 2.248508664701956
  },
  "counting": {
    "general": {
      "voxel_res": 0.006659086694615954,
      "seed_res": 0.024616172063398462
    },
    "lccp1": {
      "color": 0.12635941201717849,
      "space": 0.41383217044157306,
      "normal": 0.5352771473124028,
      "ct": 68.78854466677284,
      "st": 0.5954045385634144
    },
    "lccp2": {
      "color": 0.2511352702747161,
      "space": 0.45367895088413773,
      "normal": 0.6254602951222825,
      "ct": 51.89226301210069,
      "st": 0.4278804875053047
    },
    "global_weights": {
      "w_length": 0.505815448467626,
      "w_cross": 0.548907249201452,
      "w_volume": 0.4680244788162544
    },
    "ideals": {
      "length": [
        0.02357791277728879,
        0.052309492980478385
      ],
      "cross": [
        0.5640485598666308,
        1.4998812001196462
      ],
      "volume": [
        1.4380368878373543e-07,
        1.0384550038731756e-06
      ],
      "k_iter": 2
    }
  }
}