{
  "color_space": {
    "rgb": {
      "r": 124,
      "g": 122,
      "b": 97
    },
    "hsv": {
      "h_lower": 11,
      "h_upper": 179,
      "s": 92,
      "v": 90
    },
    "lab": {
      "l": [
        51,
        192
      ],
      "a": 126,
      "b": 113
    }
  },
  "sor": {
    "meanK": 57,
    "StddevMultThresh": 2.0485089919880757
  },
  "counting": {
    "general": {
      "voxel_res": 0.005232098018829211,
      "seed_res": 0.01539671952495884
    },
    "lccp1": {
      "color": 0.29155425637608734,
      "space": 0.31896859874026984,
      "normal": 0.37548749846759255,
      "ct": 158.64573371143032,
      "st": 0.5240343011650377
    },
    "lccp2": {
      "color": 0.02023665958862546,
      "space": 0.3905603688197631,
      "normal": 0.2697936903466342,
      "ct": 157.25540277039752,
      "st": 0.4873853667757013
    },
    "global_weights": {
      "w_length": 0.6988001426447077,
      "w_cross": 0.20448806721424934,
      "w_volume": 0.9716217655016888
    },
    "ideals": {
      "length": [
        0.007719047851071933,
        0.02331548484204885
      ],
      "cross": [
        0.665433659702737,
        1.2814955949389004
      ],
      "volume": [
        1.5069662329466563e-07,
        1.0803641872146708e-06
      ],
      "k_iter": 4
    }
  }
}