{
  "color_space": {
    "rgb": {
      "r": 92,
      "g": 200,
      "b": 163
    },
    "hsv": {
      "h_lower": 79,
      "h_upper": 155,
      "s": 120,
      "v": 105
    },
    "lab": {
      "l": [
        69,
        175
      ],
      "a": 155,
      "b": 79
    }
  },
  "sor": {
    "meanK": 85,
    "StddevMultThresh": 2.6549779390699606
  },
  "counting": {
    "general": {
      "voxel_res": 0.005429115304891717,
      "seed_res": 0.02756132815477405
    },
    "lccp1": {
      "color": 0.08649862256263724,
      "space": 0.7396930151953816,
      "normal": 0.34423698518252055,
      "ct": 45.543540141733715,
      "st": 0.70602040037132
    },
    "lccp2": {
      "color": 0.3284552573208565,
      "space": 0.49187900956704794,
      "normal": 0.7062865288909539,
      "ct": 56.043459700444075,
      "st": 0.9318528194238522
    },
    "global_weights": {
      "w_length": 0.7928581954754147,
      "w_cross": 0.38487605529332103,
      "w_volume": 0.20552350157170293
    },
    "ideals": {
      "length": [
        0.005466527696853686,
        0.02154029736550553
      ],
      "cross": [
        0.5948868047234382,
        1.5132352967400442
      ],
      "volume": [
        6.586887428652377e-08,
        1.5850643957856497e-06
      ],
      "k_iter": 2
    }
  }
}