{
  "color_space": {
    "rgb": {
      "r": 145,
      "g": 55,
      "b": 62
    },
    "hsv": {
      "h_lower": 15,
      "h_upper": 179,
      "s": 87,
      "v": 110
    },
    "lab": {
      "l": [
        45,
        204
      ],
      "a": 137,
      "b": 110
    }
  },
  "sor": {
    "meanK": 57,
    "StddevMultThresh": 1.6506755729497309
  },
  "counting": {
    "general": {
      "voxel_res": 0.0078491956887795,
      "seed_res": 0.0167494989554437
    },
    "lccp1": {
      "color": 0.3818788649925926,
      "space": 0.2848393622824518,
      "normal": 0.3365343733628132,
      "ct": 118.12098113290784,
      "st": 0.20626582198502508
    },
    "lccp2": {
      "color": 0.0015532711282681079,
      "space": 0.603664951022391,
      "normal": 0.41839958798971355,
      "ct": 93.86303914446972,
      "st": 0.9453568020932399
    },
    "global_weights": {
      "w_length": 0.5544623215802671,
      "w_cross": 0.4968957827974887,
      "w_volume": 0.29088116298978917
    },
    "ideals": {
      "length": [
        0.009708086096554824,
        0.021402871535181545
      ],
      "cross": [
        0.5692917144045094,
        1.4223643607802796
      ],
      "volume": [
        1.6986857633059987e-07,
        1.3591947558245266e-06
      ],
      "k_iter": 1
    }
  }
}