{
  "color_space": {
    "rgb": {
      "r": 178,
      "g": 187,
      "b": 153
    },
    "hsv": {
      "h_lower": 77,
      "h_upper": 136,
      "s": 141,
      "v": 106
    },
    "lab": {
      "l": [
        69,
        225
      ],
      "a": 112,
      "b": 84
    }
  },
  "sor": {
    "meanK": 82,
    "StddevMultThresh": 1.4977079613167383
  },
  "counting": {
    "general": {
      "voxel_res": 0.00600071213320149,
      "seed_res": 0.03699317469743385
    },
    "lccp1": {
      "color": 0.25030089144917217,
      "space": 0.4399661524534731,
      "normal": 0.26553902200430335,
      "ct": 100.86360070293998,
      "st": 0.49077542085176074
    },
    "lccp2": {
      "color": 0.36321402362761257,
      "space": 0.27407783599386265,
      "normal": 0.7547717815725488,
      "ct": 144.3176601365586,
      "st": 0.6387523315245227
    },
    "global_weights": {
      "w_length": 0.8971854339915353,
      "w_cross": 0.47072000277898685,
      "w_volume": 0.41913650970075544
    },
    "ideals": {
      "length": [
        0.008893213294897537,
        0.02236821228478753
      ],
      "cross": [
        0.5436927184098796,
        1.4573986473024534
      ],
      "volume": [
        2.0882676317038405e-07,
        1.2557570054900243e-06
      ],
      "k_iter": 1
    }
  }
}