{
  "color_space": {
    "rgb": {
      "r": 183,
      "g": 160,
      "b": 164
    },
    "hsv": {
      "h_lower": 14,
      "h_upper": 166,
      "s": 85,
      "v": 107
    },
    "lab": {
      "l": [
        51,
        201
      ],
      "a": 140,
      "b": 100
    }
  },
  "sor": {
    "meanK": 41,
    "StddevMultThresh": 2.999866793325043
  },
  "counting": {
    "general": {
      "voxel_res": 0.005274199464538433,
      "seed_res": 0.021403404514981277
    },
    "lccp1": {
      "color": 0.30740757433534704,
      "space": 0.39113277112432765,
      "normal": 0.6205814612519622,
      "ct": 165.536413706216,
      "st": 0.7739421372857586
    },
    "lccp2": {
      "color": 0.20490892794149215,
      "space": 0.46664163506663087,
      "normal": 0.33820179334090616,
      "ct": 31.963568678778724,
      "st": 0.04452062218793762
    },
    "global_weights": {
      "w_length": 0.24452444033998885,
      "w_cross": 0.6348696871488893,
      "w_volume": 0.9178928779348613
    },
    "ideals": {
      "length": [
        0.007868642486451324,
        0.02100282034673887
      ],
      "cross": [
        0.7365201736714452,
        1.3719418506739114
      ],
      "volume": [
        2.498374764087267e-07,
        9.282958658743834e-07
      ],
      "k_iter": 4
    }
  }
}