{
  "color_space": {
    "rgb": {
      "r": 109,
      "g": 133,
      "b": 84
    },
    "hsv": {
      "h_lower": 80,
      "h_upper": 108,
      "s": 111,
      "v": 143
    },
    "lab": {
      "l": [
        89,
        188
      ],
      "a": 133,
      "b": 15
    }
  },
  "sor": {
    "meanK": 78,
    "StddevMultThresh": 2.989402302325196
  },
  "counting": {
    "general": {
      "voxel_res": 0.007695161701722876,
      "seed_res": 0.03149877413788547
    },
    "lccp1": {
      "color": 0.1996586470098737,
      "space": 0.6612340393071444,
      "normal": 0.4421843605396328,
      "ct": 19.724109060480934,
      "st": 0.6605414076955997
    },
    "lccp2": {
      "color": 0.19223263250841618,
      "space": 0.6278776603555138,
      "normal": 0.554970755114702,
      "ct": 21.559141097475916,
      "st": 0.22289513852744403
    },
    "global_weights": {
      "w_length": 0.4209349452355797,
      "w_cross": 0.9176573825263378,
      "w_volume": 0.4177650033174384
    },
    "ideals": {
      "length": [
        0.005660279031911019,
        0.022156501600312316
      ],
      "cross": [
        0.6924455307744934,
        1.4684899280966996
      ],
      "volume": [
        7.660308536927151e-08,
        1.4346702423475574e-06
      ],
      "k_iter": 2
    }
  }
}