{
  "color_space": {
    "rgb": {
      "r": 122,
      "g": 109,
      "b": 165
    },
    "hsv": {
      "h_lower": 64,
      "h_upper": 145,
      "s": 71,
      "v": 124
    },
    "lab": {
      "l": [
        32,
        212
      ],
      "a": 39,
      "b": 123
    }
  },
  "sor": {
    "meanK": 95,
    "StddevMultThresh": 2.5327921692302224
  },
  "counting": {
    "general": {
      "voxel_res": 0.005642882998348674,
      "seed_res": 0.03418205917859144
    },
    "lccp1": {
      "color": 0.09580463189839646,
      "space": 0.5787762583275753,
      "normal": 0.7798675809574398,
      "ct": 160.99576051879953,
      "st": 0.2747774152749468
    },
    "lccp2": {
      "color": 0.24370062195434514,
      "space": 0.3786562833960524,
      "normal": 0.45169327120560204,
      "ct": 68.64356729680802,
      "st": 0.2401038898794714
    },
    "global_weights": {
      "w_length": 0.5056590950071527,
      "w_cross": 0.6629161770362639,
      "w_volume": 0.6904778519915163
    },
    "ideals": {
      "length": [
        0.006245588438288638,
        0.02151879302945562
      ],
      "cross": [
        0.677281177271678,
        1.2689883549838
      ],
      "volume": [
        1.6889820597313316e-07,
        1.1708116527053167e-06
      ],
      "k_iter": 3
    }
  }
}