{
  "color_space": {
    "rgb": {
      "r": 77,
      "g": 187,
      "b": 156
    },
    "hsv": {
      "h_lower": 21,
      "h_upper": 174,
      "s": 82,
      "v": 109
    },
    "lab": {
      "l": [
        42,
        203
      ],
      "a": 100,
      "b": 104
    }
  },
  "sor": {
    "meanK": 87,
    "StddevMultThresh": 1.1487493770605146
  },
  "counting": {
    "general": {
      "voxel_res": 0.0077973692332663595,
      "seed_res": 0.024867343279553405
    },
    "lccp1": {
      "color": 0.12748231864985962,
      "space": 0.44761005283025346,
      "normal": 0.47644242590147995,
      "ct": 144.522206439518,
      "st": 0.7280656876981129
    },
    "lccp2": {
      "color": 0.1364230911155959,
      "space": 0.7535245868377605,
      "normal": 0.44642966712135035,
      "ct": 156.24955953899655,
      "st": 0.2149239780023935
    },
    "global_weights": {
      "w_length": 0.25722123788210816,
      "w_cross": 0.8861817398904237,
      "w_volume": 0.9215419336552994
    },
    "ideals": {
      "length": [
        0.007029428929449188,
        0.024357871168286922
      ],
      "cross": [
        0.5046969452155914,
        1.3677652609538997
      ],
      "volume": [
        8.683424601737817e-08,
        7.228873426867112e-07
      ],
      "k_iter": 1
    }
  }
}