{
  "color_space": {
    "rgb": {
      "r": 109,
      "g": 77,
      "b": 73
    },
    "hsv": {
      "h_lower": 66,
      "h_upper": 127,
      "s": 81,
      "v": 80
    },
    "lab": {
      "l": [
        47,
        198
      ],
      "a": 115,
      "b": 114
    }
  },
  "sor": {
    "meanK": 60,
    "StddevMultThresh": 1.930290783906742
  },
  "counting": {
    "general": {
      "voxel_res": 0.0063967531229699994,
      "seed_res": 0.026695108981886623
    },
    "lccp1": {
      "color": 0.10831936071525501,
      "space": 0.4692847735901996,
      "normal": 0.5602794269114163,
      "ct": 62.94182290123793,
      "st": 0.452569533037348
    },
    "lccp2": {
      "color": 0.23276831757273217,
      "space": 0.44192945968975883,
      "normal": 0.6277971705695891,
      "ct": 59.849465030542795,
      "st": 0.44883392721821913
    },
    "global_weights": {
      "w_length": 0.5039400428575489,
      "w_cross": 0.7097928886384068,
      "w_volume": 0.5098323776084709
    },
    "ideals": {
      "length": [
        0.020317150932748763,
        0.04134154486685635
      ],
      "cross": [
        0.5800963100894232,
        1.3113796154722144
      ],
      "volume": [
        1.072911188729117e-07,
        1.0210732861830706e-06
      ],
      "k_iter": 2
    }
  }
}