{
  "color_space": {
    "rgb": {
      "r": 154,
      "g": 94,
      "b": 145
    },
    "hsv": {
      "h_lower": 5,
      "h_upper": 170,
      "s": 81,
      "v": 96
    },
    "lab": {
      "l": [
        48,
        197
      ],
      "a": 136,
      "b": 101
    }
  },
  "sor": {
    "meanK": 45,
    "StddevMultThresh": 2.244389054706345
  },
  "counting": {
    "general": {
      "voxel_res": 0.007230684488586761,
      "seed_res": 0.011419890666977345
    },
    "lccp1": {
      "color": 0.18875950630333108,
      "space": 0.4647735204597855,
      "normal": 0.775397947495216,
      "ct": 143.38801075486631,
      "st": 0.9410563174724562
    },
    "lccp2": {
      "color": 0.018298400045603104,
      "space": 0.4511371517327987,
      "normal": 0.5151255324460702,
      "ct": 133.34106898629727,
      "st": 5.3727657767788095e-05
    },
    "global_weights": {
      "w_length": 0.10622580946396748,
      "w_cross": 0.4369037990708635,
      "w_volume": 0.692800444433032
    },
    "ideals": {
      "length": [
        0.006768615159675544,
        0.02459165665826375
      ],
      "cross": [
        0.5917006238760325,
        1.5783953429109563
      ],
      "volume": [
        2.0322391548784222e-07,
        1.2989388321901072e-06
      ],
      "k_iter": 1
    }
  }
}