{
  "color_space": {
    "rgb": {
      "r": 155,
      "g": 173,
      "b": 100
    },
    "hsv": {
      "h_lower": 26,
      "h_upper": 123,
      "s": 148,
      "v": 150
    },
    "lab": {
      "l": [
        69,
        192
      ],
      "a": 134,
      "b": 146
    }
  },
  "sor": {
    "meanK": 45,
    "StddevMultThresh": 2.8392755387915605
  },
  "counting": {
    "general": {
      "voxel_res": 0.007515005648240749,
      "seed_res": 0.022334217511941964
    },
    "lccp1": {
      "color": 0.39760786471749304,
      "space": 0.7187967834062603,
      "normal": 0.7360135483354455,
      "ct": 12.487848609954497,
      "st": 0.6568007805652417
    },
    "lccp2": {
      "color": 0.19116876273202266,
      "space": 0.6031163010613998,
      "normal": 0.5068147893211421,
      "ct": 100.25327619523156,
      "st": 0.7587123580091809
    },
    "global_weights": {
      "w_length": 0.3863625662487663,
      "w_cross": 0.6708390020615388,
      "w_volume": 0.18234745769788502
    },
    "ideals": {
      "length": [
        0.009035875672383382,
        0.02173818453413106
      ],
      "cross": [
        0.4829606619231314,
        1.3727741833634564
      ],
      "volume": [
        2.0547553291178147e-07,
        1.3840184690605503e-06
      ],
      "k_iter": 3
    }
  }
}