{
  "color_space": {
    "rgb": {
      "r": 81,
      "g": 126,
      "b": 88
    },
    "hsv": {
      "h_lower": 9,
      "h_upper": 168,
      "s": 93,
      "v": 92
    },
    "lab": {
      "l": [
        48,
        200
      ],
      "a": 120,
      "b": 111
    }
  },
  "sor": {
    "meanK": 33,
    "StddevMultThresh": 2.306792786323803
  },
  "counting": {
    "general": {
      "voxel_res": 0.006695563513577139,
      "seed_res": 0.03967555885862701
    },
    "lccp1": {
      "color": 0.09483224988559305,
      "space": 0.34954898055942407,
      "normal": 0.509956871234702,
      "ct": 24.45440600208734,
      "st": 0.11942616015017127
    },
    "lccp2": {
      "color": 0.06692005144407913,
      "space": 0.21352963480370704,
      "normal": 0.6283171092112734,
      "ct": 98.8515678187637,
      "st": 0.4483101246364115
    },
    "global_weights": {
      "w_length": 0.9260360366358724,
      "w_cross": 0.39911189583398643,
      "w_volume": 0.37182184863026946
    },
    "ideals": {
      "length": [
        0.0071329392213293355,
        0.02357585675206684
      ],
      "cross": [
        0.5267335808032648,
        1.3683846830277113
      ],
      "volume": [
        8.560812266795179e-08,
        1.2326130553922253e-06
      ],
      "k_iter": 3
    }
  }
}