{
  "color_space": {
    "rgb": {
      "r": 161,
      "g": 166,
      "b": 77
    },
    "hsv": {
      "h_lower": 16,
      "h_upper": 174,
      "s": 96,
      "v": 101
    },
    "lab": {
      "l": [
        52,
        192
      ],
      "a": 108,
      "b": 103
    }
  },
  "sor": {
    "meanK": 91,
    "StddevMultThresh": 2.650367842198523
  },
  "counting": {
    "general": {
      "voxel_res": 0.007535190692252903,
      "seed_res": 0.03088447514632983
    },
    "lccp1": {
      "color": 0.0894909673474353,
      "space": 0.6335582367264319,
      "normal": 0.42297898381903687,
      "ct": 107.90340147382622,
      "st": 0.14453556592128314
    },
    "lccp2": {
      "color": 0.09206497287911129,
      "space": 0.21763454453304962,
      "normal": 0.5763615456407766,
      "ct": 29.002331267620765,
      "st": 0.12078083967155795
    },
    "global_weights": {
      "w_length": 0.9253045072223817,
      "w_cross": 0.2936147255294106,
      "w_volume": 0.1285508485565824
    },
    "ideals": {
      "length": [
        0.007594146100360636,
        0.02215490751048074
      ],
      "cross": [
        0.6711666795758205,
        1.2631303355174786
      ],
      "volume": [
        1.0535628234918517e-07,
        1.2951005519555613e-06
      ],
      "k_iter": 3
    }
  }
}