{
  "color_space": {
    "rgb": {
      "r": 150,
      "g": 179,
      "b": 117
    },
    "hsv": {
      "h_lower": 39,
      "h_upper": 156,
      "s": 107,
      "v": 118
    },
    "lab": {
      "l": [
        43,
        161
      ],
      "a": 96,
      "b": 119
    }
  },
  "sor": {
    "meanK": 44,
    "StddevMultThresh": 2.8134876601937773
  },
  "counting": {
    "general": {
      "voxel_res": 0.007017654343262187,
      "seed_res": 0.03722895156806434
    },
    "lccp1": {
      "color": 0.1022789421168485,
      "space": 0.30334936561609005,
      "normal": 0.7275028108572452,
      "ct": 123.09313291765986,
      "st": 0.585165526298583
    },
    "lccp2": {
      "color": 0.2804786858633559,
      "space": 0.32154155727996075,
      "normal": 0.5045326358007381,
      "ct": 89.1891573936197,
      "st": 0.6173164024662045
    },
    "global_weights": {
      "w_length": 0.28784308366118516,
      "w_cross": 0.6267326193934009,
      "w_volume": 0.8480575881562642
    },
    "ideals": {
      "length": [
        0.009466686338488114,
        0.021676830852796806
      ],
      "cross": [
        0.46908224855768754,
        1.4668950370901381
      ],
      "volume": [
        2.7054203255196145e-08,
        7.770318275089452e-07
      ],
      "k_iter": 2
    }
  }
}