{
  "color_space": {
    "rgb": {
      "r": 102,
      "g": 146,
      "b": 146
    },
    "hsv": {
      "h_lower": 80,
      "h_upper": 139,
      "s": 77,
      "v": 138
    },
    "lab": {
      "l": [
        63,
        249
      ],
      "a": 14,
      "b": 22
    }
  },
  "sor": {
    "meanK": 37,
    "StddevMultThresh": 1.0736630867286876
  },
  "counting": {
    "general": {
      "voxel_res": 0.006639518986605333,
      "seed_res": 0.03309606038449832
    },
    "lccp1": {
      "color": 0.13832195753650198,
      "space": 0.7957222842547662,
      "normal": 0.6184841602377547,
      "ct": 118.77610174513109,
      "st": 0.8608586543181912
    },
    "lccp2": {
      "color": 0.2966006668646684,
      "space": 0.4248063429549862,
      "normal": 0.6226826037422777,
      "ct": 53.55626499176253,
      "st": 0.862888731860604
    },
    "global_weights": {
      "w_length": 0.761854025995295,
      "w_cross": 0.6106012432453316,
      "w_volume": 0.5898306756690159
    },
    "ideals": {
      "length": [
        0.006104524099120317,
        0.023909504455399716
      ],
      "cross": [
        0.780432107540259,
        1.5113768624868305
      ],
      "volume": [
        1.7836237144607893e-07,
        7.912668357956744e-07
      ],
      "k_iter": 4
    }
  }
}