{
  "color_space": {
    "rgb": {
      "r": 151,
      "g": 169,
      "b": 102
    },
    "hsv": {
      "h_lower": 40,
      "h_upper": 143,
      "s": 120,
      "v": 142
    },
    "lab": {
      "l": [
        47,
        208
      ],
      "a": 102,
      "b": 108
    }
  },
  "sor": {
    "meanK": 60,
    "StddevMultThresh": 2.1740443611554188
  },
  "counting": {
    "general": {
      "voxel_res": 0.006409209398273019,
      "seed_res": 0.020726035967370122
    },
    "lccp1": {
      "color": 0.15047681977662922,
      "space": 0.44669768012633504,
      "normal": 0.5939630942769654,
      "ct": 66.41655316014256,
      "st": 0.5560768817457277
    },
    "lccp2": {
      "color": 0.24169741284073643,
      "space": 0.4361439956410002,
      "normal": 0.6055418170030621,
      "ct": 56.28092949497203,
      "st": 0.466778872886368
    },
    "global_weights": {
      "w_length": 0.4957954745149086,
      "w_cross": 0.7286069999670708,
      "w_volume": 0.5311922807013805
    },
    "ideals": {
      "length": [
        0.020739011025291857,
        0.042626129214113066
      ],
      "cross": [
        0.5811592490434855,
        1.3396948917495255
      ],
      "volume": [
        1.1190389587376173e-07,
        1.1375795917120395e-06
      ],
      "k_iter": 2
    }
  }
}