{
  "color_space": {
    "rgb": {
      "r": 103,
      "g": 66,
      "b": 106
    },
    "hsv": {
      "h_lower": 22,
      "h_upper": 172,
      "s": 94,
      "v": 106
    },
    "lab": {
      "l": [
        55,
        194
      ],
      "a": 108,
      "b": 112
    }
  },
  "sor": {
    "meanK": 44,
    "StddevMultThresh": 2.8666238358450142
  },
  "counting": {
    "general": {
      "voxel_res": 0.005097861485162428,
      "seed_res": 0.01224139342408559
    },
    "lccp1": {
      "color": 0.029646090501285638,
      "space": 0.5740557910260795,
      "normal": 0.7932462042111634,
      "ct": 124.79389801635955,
      "st": 0.8156616818177167
    },
    "lccp2": {
      "color": 0.04108166890522927,
      "space": 0.656877057621597,
      "normal": 0.5738356694401302,
      "ct": 76.15540242220249,
      "st": 0.05383524457958233
    },
    "global_weights": {
      "w_length": 0.4938190714458299,
      "w_cross": 0.8605413338453963,
      "w_volume": 0.30420446446567095
    },
    "ideals": {
      "length": [
        0.005319755199786374,
        0.02073617836097729
      ],
      "cross": [
        0.6756769788885459,
        1.205637080118764
      ],
      "volume": [
        1.6776485485093763e-07,
        8.885358557516569e-07
      ],
      "k_iter": 2
    }
  }
}