{
  "color_space": {
    "rgb": {
      "r": 112,
      "g": 72,
      "b": 155
    },
    "hsv": {
      "h_lower": 48,
      "h_upper": 160,
      "s": 65,
      "v": 150
    },
    "lab": {
      "l": [
        53,
        195
      ],
      "a": 128,
      "b": 39
    }
  },
  "sor": {
    "meanK": 74,
    "StddevMultThresh": 2.461070073657454
  },
  "counting": {
    "general": {
      "voxel_res": 0.006191540949080717,
      "seed_res": 0.02521747869408285
    },
    "lccp1": {
      "color": 0.37188991779179686,
      "space": 0.41307164038477845,
      "normal": 0.6278978271789666,
      "ct": 83.69836058237225,
      "st": 0.3167851096860369
    },
    "lccp2": {
      "color": 0.060414524068173096,
      "space": 0.7628336527028861,
      "normal": 0.3778836066486395,
      "ct": 120.59380891815563,
      "st": 0.38582575038657996
    },
    "global_weights": {
      "w_length": 0.30984101702381206,
      "w_cross": 0.5518686544754241,
      "w_volume": 0.5416529818238157
    },
    "ideals": {
      "length": [
        0.005741915529206812,
        0.021019133337681375
      ],
      "cross": [
        0.63866784004783,
        1.3865685392970364
      ],
      "volume": [
        1.5140271687963111e-07,
        1.5693465911512569e-06
      ],
      "k_iter": 3
    }
  }
}