{
  "color_space": {
    "rgb": {
      "r": 88,
      "g": 109,
      "b": 154
    },
    "hsv": {
      "h_lower": 36,
      "h_upper": 116,
      "s": 84,
      "v": 51
    },
    "lab": {
      "l": [
        89,
        211
      ],
      "a": 5,
      "b": 11
    }
  },
  "sor": {
    "meanK": 59,
    "StddevMultThresh": 1.4542456593632007
  },
  "counting": {
    "general": {
      "voxel_res": 0.007282958771932621,
      "seed_res": 0.016094330779090716
    },
    "lccp1": {
      "color": 0.11390437164532724,
      "space": 0.2928292990793523,
      "normal": 0.7953108324441676,
      "ct": 133.92947743446484,
      "st": 0.7325030218459369
    },
    "lccp2": {
      "color": 0.27035706508385354,
      "space": 0.7453075973275609,
      "normal": 0.3924032153912833,
      "ct": 55.786606074850376,
      "st": 0.8272570702839864
    },
    "global_weights": {
      "w_length": 0.10303341141812526,
      "w_cross": 0.43224685778037575,
      "w_volume": 0.6272822020025728
    },
    "ideals": {
      "length": [
        0.007822684023011306,
        0.021339105731929875
      ],
      "cross": [
        0.44752877315432094,
        1.5239554305674
      ],
      "volume": [
        2.4616945706259767e-07,
        1.2814926146320293e-06
      ],
      "k_iter": 2
    }
  }
}