{
  "color_space": {
    "rgb": {
      "r": 91,
      "g": 112,
      "b": 80
    },
    "hsv": {
      "h_lower": 55,
      "h_upper": 159,
      "s": 132,
      "v": 149
    },
    "lab": {
      "l": [
        51,
        205
      ],
      "a": 110,
      "b": 117
    }
  },
  "sor": {
    "meanK": 58,
    "StddevMultThresh": 2.2513027792344436
  },
  "counting": {
    "general": {
      "voxel_res": 0.006778350927622517,
      "seed_res": 0.02154963418232765
    },
    "lccp1": {
      "color": 0.15756503280393117,
      "space": 0.4698447048047244,
      "normal": 0.5701505035529955,
      "ct": 74.68284899385056,
      "st": 0.5702416367782539
    },
    "lccp2": {
      "color": 0.2878026844876731,
      "space": 0.5312720294828396,
      "normal": 0.5014226606401537,
      "ct": 63.081067945182554,
      "st": 0.47816346718091984
    },
    "global_weights": {
      "w_length": 0.5200793017685421,
      "w_cross": 0.6304223959546809,
      "w_volume": 0.5210369164543873
    },
    "ideals": {
      "length": [
        0.011727420072129941,
        0.02133931071858472
      ],
      "cross": [
        0.5529691134941344,
        1.387092442951372
      ],
      "volume": [
        1.1740439394049891e-07,
        9.88838025520232e-07
      ],
      "k_iter": 3
    }
  }
}