{
  "color_space": {
    "rgb": {
      "r": 111,
      "g": 61,
      "b": 118
    },
    "hsv": {
      "h_lower": 53,
      "h_upper": 115,
      "s": 75,
      "v": 126
    },
    "lab": {
      "l": [
        92,
        164
      ],
      "a": 121,
      "b": 79
    }
  },
  "sor": {
    "meanK": 79,
    "StddevMultThresh": 2.0565682172521997
  },
  "counting": {
    "general": {
      "voxel_res": 0.006391502672602294,
      "seed_res": 0.013364214331235063
    },
    "lccp1": {
      "color": 0.06232483022085083,
      "space": 0.7695408138937898,
      "normal": 0.24513850853823455,
      "ct": 132.9586964928285,
      "st": 0.9215467902195807
    },
    "lccp2": {
      "color": 0.38333808204971076,
      "space": 0.28908211573474146,
      "normal": 0.5015123649431532,
      "ct": 105.40231470529324,
      "st": 0.47714296741461826
    },
    "global_weights": {
      "w_length": 0.4410850168053718,
      "w_cross": 0.9305267533177688,
      "w_volume": 0.3169339070031731
    },
    "ideals": {
      "length": [
        0.008953507987408852,
        0.023090332332853486
      ],
      "cross": [
        0.732178544948873,
        1.3966090197863874
      ],
      "volume": [
        1.7288277827036097e-07,
        9.875328574415133e-07
      ],
      "k_iter": 1
    }
  }
}