{
  "color_space": {
    "rgb": {
      "r": 94,
      "g": 136,
      "b": 154
    },
    "hsv": {
      "h_lower": 21,
      "h_upper": 179,
      "s": 84,
      "v": 99
    },
    "lab": {
      "l": [
        46,
        201
      ],
      "a": 121,
      "b": 105
    }
  },
  "sor": {
    "meanK": 71,
    "StddevMultThresh": 1.839749882805105
  },
  "counting": {
    "general": {
      "voxel_res": 0.007431673405196085,
      "seed_res": 0.011540197899007995
    },
    "lccp1": {
      "color": 0.07246306341086654,
      "space": 0.512747897835145,
      "normal": 0.5041793188545385,
      "ct": 103.04582207357704,
      "st": 0.6773907539293706
    },
    "lccp2": {
      "color": 0.32184485106193644,
      "space": 0.31317334512819067,
      "normal": 0.44686077498959165,
      "ct": 19.353482471915964,
      "st": 0.365135319701573
    },
    "global_weights": {
      "w_length": 0.9790009241839951,
      "w_cross": 0.7687196339495881,
      "w_volume": 0.15998287900613767
    },
    "ideals": {
      "length": [
        0.008350776763218734,
        0.02458242343240445
      ],
      "cross": [
        0.7407570911324253,
        1.5613019568334614
      ],
      "volume": [
        1.31390622061988e-07,
        1.0826155873026262e-06
      ],
      "k_iter": 2
    }
  }
}