{
  "color_space": {
    "rgb": {
      "r": 133,
      "g": 120,
      "b": 54
    },
    "hsv": {
      "h_lower": 72,
      "h_upper": 142,
      "s": 140,
      "v": 66
    },
    "lab": {
      "l": [
        40,
        209
      ],
      "a": 103,
      "b": 110
    }
  },
  "sor": {
    "meanK": 51,
    "StddevMultThresh": 2.0466195281550337
  },
  "counting": {
    "general": {
      "voxel_res": 0.006849367911299262,
      "seed_res": 0.02749707922947514
    },
    "lccp1": {
      "color": 0.15229284840157178,
      "space": 0.4508006651796506,
      "normal": 0.53461430571109,
      "ct": 62.0843242246836,
      "st": 0.5365448384168957
    },
    "lccp2": {
      "color": 0.27031203267827686,
      "space": 0.4060874835563153,
      "normal": 0.5025259020532137,
      "ct": 61.512208538117676,
      "st": 0.45397165198129996
    },
    "global_weights": {
      "w_length": 0.5055426391362233,
      "w_cross": 0.6081227735917324,
      "w_volume": 0.5572592921834386
    },
    "ideals": {
      "length": [
        0.01871723081546117,
        0.023829643354682857
      ],
      "cross": [
        0.6349077284948564,
        1.381272848719373
      ],
      "volume": [
        1.2175814817023526e-07,
        1.075806323918804e-06
      ],
      "k_iter": 2
    }
  }
}