{
  "color_space": {
    "rgb": {
      "r": 165,
      "g": 128,
      "b": 102
    },
    "hsv": {
      "h_lower": 16,
      "h_upper": 168,
      "s": 57,
      "v": 53
    },
    "lab": {
      "l": [
        51,
        204
      ],
      "a": 130,
      "b": 111
    }
  },
  "sor": {
    "meanK": 58,
    "StddevMultThresh": 2.1312564798879707
  },
  "counting": {
    "general": {
      "voxel_res": 0.006241366517196411,
      "seed_res": 0.027344310413311115
    },
    "lccp1": {
      "color": 0.16986259275247262,
      "space": 0.45547311947687197,
      "normal": 0.5580489853003469,
      "ct": 70.12040211261137,
      "st": 0.5828392154984583
    },
    "lccp2": {
      "color": 0.25794698621508233,
      "space": 0.41677338879603126,
      "normal": 0.6495253658230811,
      "ct": 51.85159236493273,
      "st": 0.38380339399615865
    },
    "global_weights": {
      "w_length": 0.5708849931176682,
      "w_cross": 0.6125694870263649,
      "w_volume": 0.5342502943606502
    },
    "ideals": {
      "length": [
        0.021297863171515156,
        0.06280461944988389
      ],
      "cross": [
        0.6359684603567636,
        1.4942602052134402
      ],
      "volume": [
        1.1570105457100425e-07,
        1.1211775394272463e-06
      ],
      "k_iter": 3
    }
  }
}