{
  "color_space": {
    "rgb": {
      "r": 85,
      "g": 194,
      "b": 159
    },
    "hsv": {
      "h_lower": 53,
      "h_upper": 165,
      "s": 69,
      "v": 115
    },
    "lab": {
      "l": [
        52,
        191
      ],
      "a": 129,
      "b": 117
    }
  },
  "sor": {
    "meanK": 58,
    "StddevMultThresh": 2.2231238510851385
  },
  "counting": {
    "general": {
      "voxel_res": 0.006258028129313322,
      "seed_res": 0.026849300177538428
    },
    "lccp1": {
      "color": 0.19076531628125207,
      "space": 0.44987415203381986,
      "normal": 0.5615033867872259,
      "ct": 60.03002272980595,
      "st": 0.5580531914338145
    },
    "lccp2": {
      "color": 0.24178488994249833,
      "space": 0.4950080683930734,
      "normal": 0.6454570131093236,
      "ct": 59.91191908040063,
      "st": 0.3613381955579855
    },
    "global_weights": {
      "w_length": 0.5922803779176596,
      "w_cross": 0.7221395196193319,
      "w_volume": 0.5435087021031002
    },
    "ideals": {
      "length": [
        0.022802317486749463,
        0.06728989250521401
      ],
      "cross": [
        0.6453591183560642,
        1.458028448909749
      ],
      "volume": [
        1.0158400563173473e-07,
        1.0089521302413703e-06
      ],
      "k_iter": 3
    }
  }
}