{
  "color_space": {
    "rgb": {
      "r": 198,
      "g": 89,
      "b": 130
    },
    "hsv": {
      "h_lower": 77,
      "h_upper": 137,
      "s": 90,
      "v": 60
    },
    "lab": {
      "l": [
        90,
        240
      ],
      "a": 142,
      "b": 137
    }
  },
  "sor": {
    "meanK": 30,
    "StddevMultThresh": 2.6628017164819084
  },
  "counting": {
    "general": {
      "voxel_res": 0.006726718087870691,
      "seed_res": 0.03372576832623259
    },
    "lccp1": {
      "color": 0.27012645242100897,
      "space": 0.4133509356589311,
      "normal": 0.49617531542943,
      "ct": 139.00493131746848,
      "st": 0.33074940310474665
    },
    "lccp2": {
      "color": 0.2579829898317802,
      "space": 0.747186385876772,
      "normal": 0.7721836849252306,
      "ct": 21.21498364570602,
      "st": 0.9882197315473571
    },
    "global_weights": {
      "w_length": 0.13264095963819242,
      "w_cross": 0.715795785440634,
      "w_volume": 0.10935396970606308
    },
    "ideals": {
      "length": [
        0.0057176705813679965,
        0.024115032371841566
      ],
      "cross": [
        0.5422875920498185,
        1.284312996817448
      ],
      "volume": [
        1.4347302660193543e-07,
        1.020309535378649e-06
      ],
      "k_iter": 4
    }
  }
}