{
  "color_space": {
    "rgb": {
      "r": 80,
      "g": 72,
      "b": 99
    },
    "hsv": {
      "h_lower": 70,
      "h_upper": 159,
      "s": 115,
      "v": 130
    },
    "lab": {
      "l": [
        43,
        190
      ],
      "a": 142,
      "b": 109
    }
  },
  "sor": {
    "meanK": 51,
    "StddevMultThresh": 2.089468387387309
  },
  "counting": {
    "general": {
      "voxel_res": 0.006400995135347298,
      "seed_res": 0.029098110506622688
    },
    "lccp1": {
      "color": 0.1211910196472205,
      "space": 0.4187215502294536,
      "normal": 0.5135376190095142,
      "ct": 66.91877738895603,
      "st": 0.4003156505361124
    },
    "lccp2": {
      "color": 0.21532685594345466,
      "space": 0.4609472191523703,
      "normal": 0.6064245821681489,
      "ct": 53.621950040352104,
      "st": 0.38601337180963036
    },
    "global_weights": {
      "w_length": 0.5107843168080475,
      "w_cross": 0.719465572166307,
      "w_volume": 0.5678159742578575
    },
    "ideals": {
      "length": [
        0.011533102419646751,
        0.020679273693246087
      ],
      "cross": [
        0.5836079352877415,
        1.3997105075056249
      ],
      "volume": [
        1.261880780282796e-07,
        1.0899239538384098e-06
      ],
      "k_iter": 3
    }
  }
}