{
  "color_space": {
    "rgb": {
      "r": 53,
      "g": 147,
      "b": 189
    },
    "hsv": {
      "h_lower": 30,
      "h_upper": 154,
      "s": 110,
      "v": 121
    },
    "lab": {
      "l": [
        55,
        225
      ],
      "a": 90,
      "b": 38
    }
  },
  "sor": {
    "meanK": 64,
    "StddevMultThresh": 1.5227382967723784
  },
  "counting": {
    "general": {
      "voxel_res": 0.005243303896198977,
      "seed_res": 0.028034493667335243
    },
    "lccp1": {
      "color": 0.08174992540267319,
      "space": 0.72242036721863,
      "normal": 0.7335935935809872,
      "ct": 53.92413602893194,
      "st": 0.3246364645918125
    },
    "lccp2": {
      "color": 0.03872955508793563,
      "space": 0.7802687936523629,
      "normal": 0.6979250913882769,
      "ct": 26.22766210566052,
      "st": 0.8753009758329351
    },
    "global_weights": {
      "w_length": 0.8237650768308754,
      "w_cross": 0.5992089718818362,
      "w_volume": 0.25350810797799284
    },
    "ideals": {
      "length": [
        0.007534123838462118,
        0.02045764077531608
      ],
      "cross": [
        0.5178236739055615,
        1.4181413008560122
      ],
      "volume": [
        2.465986231911546e-07,
        1.2000064730464077e-06
      ],
      "k_iter": 3
    }
  }
}