{
  "color_space": {
    "rgb": {
      "r": 74,
      "g": 198,
      "b": 164
    },
    "hsv": {
      "h_lower": 8,
      "h_upper": 114,
      "s": 94,
      "v": 108
    },
    "lab": {
      "l": [
        45,
        194
      ],
      "a": 142,
      "b": 100
    }
  },
  "sor": {
    "meanK": 55,
    "StddevMultThresh": 2.068769866254366
  },
  "counting": {
    "general": {
      "voxel_res": 0.0065113239790566095,
      "seed_res": 0.027811675668108306
    },
    "lccp1": {
      "color": 0.14408948589587878,
      "space": 0.4439497850808697,
      "normal": 0.5193783065289159,
      "ct": 61.19631776450611,
      "st": 0.48949516886323235
    },
    "lccp2": {
      "color": 0.2539250254940477,
      "space": 0.5028175544628167,
      "normal": 0.5868396109890519,
      "ct": 55.0693461597994,
      "st": 0.43875694737204357
    },
    "global_weights": {
      "w_length": 0.50224807566871,
      "w_cross": 0.7352758874334058,
      "w_volume": 0.5055198719052417
    },
    "ideals": {
      "length": [
        0.024330934647690514,
        0.0279877496716305
      ],
      "cross": [
        0.5621415769142111,
        1.3254341499553803
      ],
      "volume": [
        1.4435698157485724e-07,
        1.1988613610914766e-06
      ],
      "k_iter": 3
    }
  }
}