{
  "color_space": {
    "rgb": {
      "r": 121,
      "g": 112,
      "b": 199
    },
    "hsv": {
      "h_lower": 15,
      "h_upper": 168,
      "s": 89,
      "v": 96
    },
    "lab": {
      "l": [
        48,
        199
      ],
      "a": 130,
      "b": 111
    }
  },
  "sor": {
    "meanK": 85,
    "StddevMultThresh": 2.130976891571945
  },
  "counting": {
    "general": {
      "voxel_res": 0.006782470796542095,
      "seed_res": 0.03525348473613262
    },
    "lccp1": {
      "color": 0.13211324040286251,
      "space": 0.7254308562556899,
      "normal": 0.5965447911184741,
      "ct": 21.869935053056864,
      "st": 0.9879245632747513
    },
    "lccp2": {
      "color": 0.09202029458185712,
      "space": 0.31657774213403833,
      "normal": 0.3821277768676545,
      "ct": 168.78983895311444,
      "st": 0.6602561595990342
    },
    "global_weights": {
      "w_length": 0.5466937018942397,
      "w_cross": 0.8110377217123136,
      "w_volume": 0.7405064190560636
    },
    "ideals": {
      "length": [
        0.009419487268157608,
        0.024051863149359167
      ],
      "cross": [
        0.5699381922014605,
        1.3074412997981917
      ],
      "volume": [
        1.6347590711740208e-07,
        9.569840150863942e-07
      ],
      "k_iter": 2
    }
  }
}