{
  "color_space": {
    "rgb": {
      "r": 96,
      "g": 173,
      "b": 160
    },
    "hsv": {
      "h_lower": 51,
      "h_upper": 121,
      "s": 69,
      "v": 93
    },
    "lab": {
      "l": [
        47,
        196
      ],
      "a": 139,
      "b": 101
    }
  },
  "sor": {
    "meanK": 59,
    "StddevMultThresh": 1.9579299080256087
  },
  "counting": {
    "general": {
      "voxel_res": 0.0062612576518142485,
      "seed_res": 0.0296857011764545
    },
    "lccp1": {
      "color": 0.175477844179321,
      "space": 0.4302348961619146,
      "normal": 0.5089061842538342,
      "ct": 68.93735020243436,
      "st": 0.41249497610325836
    },
    "lccp2": {
      "color": 0.2469315645562806,
      "space": 0.5241166086362585,
      "normal": 0.5591948811141298,
      "ct": 64.35651784678586,
      "st": 0.4339718099701773
    },
    "global_weights": {
      "w_length": 0.5198689823079272,
      "w_cross": 0.6831053527411536,
      "w_volume": 0.5521344056065158
    },
    "ideals": {
      "length": [
        0.012457639149093463,
        0.02112567087296244
      ],
      "cross": [
        0.5660586305238343,
        1.3155858273076653
      ],
      "volume": [
        1.0755531826108473e-07,
        1.0755901224963474e-06
      ],
      "k_iter": 2
    }
  }
}