{
  "color_space": {
    "rgb": {
      "r": 121,
      "g": 190,
      "b": 109
    },
    "hsv": {
      "h_lower": 22,
      "h_upper": 169,
      "s": 89,
      "v": 103
    },
    "lab": {
      "l": [
        55,
        192
      ],
      "a": 110,
      "b": 104
    }
  },
  "sor": {
    "meanK": 39,
    "StddevMultThresh": 1.24371223368026
  },
  "counting": {
    "general": {
      "voxel_res": 0.007285523188917468,
      "seed_res": 0.03950658989372207
    },
    "lccp1": {
      "color": 0.38166683616495456,
      "space": 0.37914541882688624,
      "normal": 0.7491100460087015,
      "ct": 41.72938617456197,
      "st": 0.5124944659446489
    },
    "lccp2": {
      "color": 0.21490982917491844,
      "space": 0.20884797685374545,
      "normal": 0.4663746523521492,
      "ct": 159.90930450821193,
      "st": 0.8236640749881081
    },
    "global_weights": {
      "w_length": 0.4563546610383129,
      "w_cross": 0.8458523959243274,
      "w_volume": 0.4332978953747264
    },
    "ideals": {
      "length": [
        0.00893084710608828,
        0.020753149019342734
      ],
      "cross": [
        0.5458531727981282,
        1.5335758982062877
      ],
      "volume": [
        3.807280990824963e-08,
        9.824766818194063e-07
      ],
      "k_iter": 2
    }
  }
}