{
  "color_space": {
    "rgb": {
      "r": 93,
      "g": 156,
      "b": 172
    },
    "hsv": {
      "h_lower": 76,
      "h_upper": 137,
      "s": 67,
      "v": 65
    },
    "lab": {
      "l": [
        46,
        209
      ],
      "a": 126,
      "b": 101
    }
  },
  "sor": {
    "meanK": 50,
    "StddevMultThresh": 2.1276377729546283
  },
  "counting": {
    "general": {
      "voxel_res": 0.006074154311702484,
      "seed_res": 0.029274066875682653
    },
    "lccp1": {
      "color": 0.15956594367957516,
      "space": 0.42690691349262766,
      "normal": 0.5254839133188071,
      "ct": 74.14779957395292,
      "st": 0.49110759410466404
    },
    "lccp2": {
      "color": 0.21139553576558534,
      "space": 0.41409864211093317,
      "normal": 0.63416596668329,
      "ct": 56.17269563484058,
      "st": 0.4483178604461022
    },
    "global_weights": {
      "w_length": 0.5416299829410572,
      "w_cross": 0.6797950442003714,
      "w_volume": 0.4683490278136397
    },
    "ideals": {
      "length": [
        0.021026432024558513,
        0.03720070170880143
      ],
      "cross": [
        0.5942367011771792,
        1.3748018258603993
      ],
      "volume": [
        1.1612010396717985e-07,
        1.1216669850129164e-06
      ],
      "k_iter": 3
    }
  }
}