{
  "color_space": {
    "rgb": {
      "r": 85,
      "g": 182,
      "b": 80
    },
    "hsv": {
      "h_lower": 24,
      "h_upper": 167,
      "s": 83,
      "v": 98
    },
    "lab": {
      "l": [
        53,
        198
      ],
      "a": 123,
      "b": 119
    }
  },
  "sor": {
    "meanK": 79,
    "StddevMultThresh": 2.2426230792204063
  },
  "counting": {
    "general": {
      "voxel_res": 0.006916146671861415,
      "seed_res": 0.025029821446435285
    },
    "lccp1": {
      "color": 0.15447395406107065,
      "space": 0.4991785814342202,
      "normal": 0.40514829372878924,
      "ct": 67.52481120399521,
      "st": 0.06491754350760248
    },
    "lccp2": {
      "color": 0.1352823813957781,
      "space": 0.23485057585763763,
      "normal": 0.21502129351016186,
      "ct": 58.862692933106416,
      "st": 0.3347719297067676
    },
    "global_weights": {
      "w_length": 0.9551336004358337,
      "w_cross": 0.8813327405319782,
      "w_volume": 0.835449377785862
    },
    "ideals": {
      "length": [
        0.006160792992228931,
        0.02041354485261582
      ],
      "cross": [
        0.5649082857393369,
        1.29393085553387
      ],
      "volume": [
        1.2475307509726605e-07,
        1.4212715585983324e-06
      ],
      "k_iter": 2
    }
  }
}