{
  "color_space": {
    "rgb": {
      "r": 159,
      "g": 82,
      "b": 96
    },
    "hsv": {
      "h_lower": 48,
      "h_upper": 116,
      "s": 84,
      "v": 131
    },
    "lab": {
      "l": [
        98,
        196
      ],
      "a": 24,
      "b": 0
    }
  },
  "sor": {
    "meanK": 36,
    "StddevMultThresh": 1.3515912093644895
  },
  "counting": {
    "general": {
      "voxel_res": 0.007982624298534514,
      "seed_res": 0.016681136727484277
    },
    "lccp1": {
      "color": 0.08658838004046726,
      "space": 0.7989864956729362,
      "normal": 0.6628788489641941,
      "ct": 39.68063020378695,
      "st": 0.07852711675672963
    },
    "lccp2": {
      "color": 0.0441466717020242,
      "space": 0.23116770467287595,
      "normal": 0.717656846144396,
      "ct": 28.9495592778775,
      "st": 0.8697093869412253
    },
    "global_weights": {
      "w_length": 0.6994937520531143,
      "w_cross": 0.7198143379344001,
      "w_volume": 0.15444626558075686
    },
    "ideals": {
      "length": [
        0.00617875765778216,
        0.02380823019438752
      ],
      "cross": [
        0.6911917809310312,
        1.2280815554355693
      ],
      "volume": [
        1.0642864621675837e-07,
        1.5193733424329646e-06
      ],
      "k_iter": 2
    }
  }
}