{
  "color_space": {
    "rgb": {
      "r": 146,
      "g": 175,
      "b": 140
    },
    "hsv": {
      "h_lower": 6,
      "h_upper": 111,
      "s": 51,
      "v": 130
    },
    "lab": {
      "l": [
        53,
        198
      ],
      "a": 139,
      "b": 110
    }
  },
  "sor": {
    "meanK": 54,
    "StddevMultThresh": 1.9077657996783737
  },
  "counting": {
    "general": {
      "voxel_res": 0.006397808008071806,
      "seed_res": 0.022714593360733552
    },
    "lccp1": {
      "color": 0.15659434265896166,
      "space": 0.4750245459916095,
      "normal": 0.5666674623382861,
      "ct": 63.979997681673424,
      "st": 0.4232847891378627
    },
    "lccp2": {
      "color": 0.29114177554963605,
      "space": 0.5068285505315112,
      "normal": 0.5738377824916701,
      "ct": 62.26386840415218,
      "st": 0.39365595783725893
    },
    "global_weights": {
      "w_length": 0.5101027330299326,
      "w_cross": 0.5645896694922958,
      "w_volume": 0.5432470078731964
    },
    "ideals": {
      "length": [
        0.022978757081440825,
        0.054564217772518304
      ],
      "cross": [
        0.5506202872490746,
        1.370321164105043
      ],
      "volume": [
        1.4209587855900023e-07,
        1.071538976831538e-06
      ],
      "k_iter": 3
    }
  }
}