{
  "color_space": {
    "rgb": {
      "r": 186,
      "g": 190,
      "b": 120
    },
    "hsv": {
      "h_lower": 68,
      "h_upper": 147,
      "s": 65,
      "v": 69
    },
    "lab": {
      "l": [
        40,
        199
      ],
      "a": 131,
      "b": 100
    }
  },
  "sor": {
    "meanK": 57,
    "StddevMultThresh": 2.294386566459049
  },
  "counting": {
    "general": {
      "voxel_res": 0.006247216842158927,
      "seed_res": 0.023605756027692482
    },
    "lccp1": {
      "color": 0.1982613030327637,
      "space": 0.4122198455222017,
      "normal": 0.5668222540112371,
      "ct": 61.96925605535913,
      "st": 0.42553368078737824
    },
    "lccp2": {
      "color": 0.25063548917809625,
      "space": 0.4418429300955792,
      "normal": 0.625250586896186,
      "ct": 54.25698553158703,
      "st": 0.42663109301683805
    },
    "global_weights": {
      "w_length": 0.5907172761021726,
      "w_cross": 0.5422580616712821,
      "w_volume": 0.5001712809858128
    },
    "ideals": {
      "length": [
        0.023450302557648368,
        0.03626577779208238
      ],
      "cross": [
        0.5758481878857133,
        1.4777456546940348
      ],
      "volume": [
        1.2090226897785808e-07,
        1.0381856945056133e-06
      ],
      "k_iter": 3
    }
  }
}