{
  "color_space": {
    "rgb": {
      "r": 109,
      "g": 85,
      "b": 79
    },
    "hsv": {
      "h_lower": 68,
      "h_upper": 146,
      "s": 126,
      "v": 94
    },
    "lab": {
      "l": [
        51,
        198
      ],
      "a": 109,
      "b": 115
    }
  },
  "sor": {
    "meanK": 53,
    "StddevMultThresh": 2.101367488602794
  },
  "counting": {
    "general": {
      "voxel_res": 0.0060117635125929835,
      "seed_res": 0.02680320247881786
    },
    "lccp1": {
      "color": 0.12230324503352492,
      "space": 0.41712320671215325,
      "normal": 0.569175252055077,
      "ct": 66.8402604119884,
      "st": 0.5644725898499393
    },
    "lccp2": {
      "color": 0.26303196760583375,
      "space": 0.43360305892616374,
      "normal": 0.5602013945091613,
      "ct": 63.16320318867641,
      "st": 0.39993513568413325
    },
    "global_weights": {
      "w_length": 0.548872737423179,
      "w_cross": 0.7026027176103959,
      "w_volume": 0.5347431131345389
    },
    "ideals": {
      "length": [
        0.01651734935290578,
        0.022534134113084057
      ],
      "cross": [
        0.5912484741864434,
        1.3251490712545473
      ],
      "volume": [
        1.0271280849758536e-07,
        1.1063056287061932e-06
      ],
      "k_iter": 2
    }
  }
}