{
  "color_space": {
    "rgb": {
      "r": 190,
      "g": 195,
      "b": 86
    },
    "hsv": {
      "h_lower": 0,
      "h_upper": 176,
      "s": 93,
      "v": 90
    },
    "lab": {
      "l": [
        47,
        205
      ],
      "a": 122,
      "b": 116
    }
  },
  "sor": {
    "meanK": 71,
    "StddevMultThresh": 1.7524171906522052
  },
  "counting": {
    "general": {
      "voxel_res": 0.007011814259187395,
      "seed_res": 0.016384681605531984
    },
    "lccp1": {
      "color": 0.17221467771338542,
      "space": 0.3397835967417643,
      "normal": 0.6771717465314547,
      "ct": 93.23231981649403,
      "st": 0.2243761734275015
    },
    "lccp2": {
      "color": 0.20083706342913188,
      "space": 0.49304436696142695,
      "normal": 0.5610130088246221,
      "ct": 64.85554529190635,
      "st": 0.4144688658151361
    },
    "global_weights": {
      "w_length": 0.6062152660574278,
      "w_cross": 0.9331830478908265,
      "w_volume": 0.6084604865464668
    },
    "ideals": {
      "length": [
        0.00576705087957263,
        0.022927876654237286
      ],
      "cross": [
        0.7261723953761157,
        1.478535757386909
      ],
      "volume": [
        6.943639590389296e-08,
        1.532642809819827e-06
      ],
      "k_iter": 4
    }
  }
}