{
  "color_space": {
    "rgb": {
      "r": 62,
      "g": 104,
      "b": 111
    },
    "hsv": {
      "h_lower": 78,
      "h_upper": 124,
      "s": 117,
      "v": 76
    },
    "lab": {
      "l": [
        53,
        246
      ],
      "a": 73,
      "b": 81
    }
  },
  "sor": {
    "meanK": 48,
    "StddevMultThresh": 2.238694216691923
  },
  "counting": {
    "general": {
      "voxel_res": 0.0054755022991743755,
      "seed_res": 0.019576472607940643
    },
    "lccp1": {
      "color": 0.03968652403523305,
      "space": 0.3852819579515627,
      "normal": 0.3742871795722219,
      "ct": 83.51519447151998,
      "st": 0.474300046741991
    },
    "lccp2": {
      "color": 0.2684053446561098,
      "space": 0.28514421079136343,
      "normal": 0.577248218353612,
      "ct": 136.21384360166604,
      "st": 0.74924011608438
    },
    "global_weights": {
      "w_length": 0.14900586147583877,
      "w_cross": 0.9856964209457822,
      "w_volume": 0.8034026024014846
    },
    "ideals": {
      "length": [
        0.005368172988081529,
        0.020516437367845922
      ],
      "cross": [
        0.4833151886978589,
        1.559401219572473
      ],
      "volume": [
        1.758791662938346e-07,
        1.4211503034713566e-06
      ],
      "k_iter": 4
    }
  }
}