{
  "color_space": {
    "rgb": {
      "r": 83,
      "g": 168,
      "b": 187
    },
    "hsv": {
      "h_lower": 12,
      "h_upper": 109,
      "s": 101,
      "v": 124
    },
    "lab": {
      "l": [
        18,
        212
      ],
      "a": 4,
      "b": 64
    }
  },
  "sor": {
    "meanK": 36,
    "StddevMultThresh": 2.992893972151636
  },
  "counting": {
    "general": {
      "voxel_res": 0.005062614003483955,
      "seed_res": 0.016221653529911957
    },
    "lccp1": {
      "color": 0.09929310665392146,
      "space": 0.5545730125531791,
      "normal": 0.2572525546794334,
      "ct": 34.28737874777211,
      "st": 0.4299361265894823
    },
    "lccp2": {
      "color": 0.19003114793466303,
      "space": 0.5866610677899873,
      "normal": 0.41490541662437186,
      "ct": 50.1909077947235,
      "st": 0.052194624319219396
    },
    "global_weights": {
      "w_length": 0.47871522437238645,
      "w_cross": 0.41689461957002016,
      "w_volume": 0.5714962155838763
    },
    "ideals": {
      "length": [
        0.008807510039910612,
        0.022924380034397555
      ],
      "cross": [
        0.6034787206782036,
        1.2161090245699069
      ],
      "volume": [
        1.1153846284155379e-07,
        1.5148193465939913e-06
      ],
      "k_iter": 2
    }
  }
}