{
  "color_space": {
    "rgb": {
      "r": 188,
      "g": 65,
      "b": 119
    },
    "hsv": {
      "h_lower": 67,
      "h_upper": 147,
      "s": 64,
      "v": 61
    },
    "lab": {
      "l": [
        53,
        195
      ],
      "a": 126,
      "b": 109
    }
  },
  "sor": {
    "meanK": 58,
    "StddevMultThresh": 2.0730629754008043
  },
  "counting": {
    "general": {
      "voxel_res": 0.00607220434070062,
      "seed_res": 0.02225809679637555
    },
    "lccp1": {
      "color": 0.1258688884155742,
      "space": 0.4733753711647772,
      "normal": 0.5380221345727787,
      "ct": 73.94825885014261,
      "st": 0.5372991521227988
    },
    "lccp2": {
      "color": 0.28011587277472627,
      "space": 0.41347501930490554,
      "normal": 0.5148789602278502,
      "ct": 52.180871045892886,
      "st": 0.4855148588723145
    },
    "global_weights": {
      "w_length": 0.4917727544030749,
      "w_cross": 0.7011212589693574,
      "w_volume": 0.49758099825150365
    },
    "ideals": {
      "length": [
        0.022279006376486592,
        0.032114859648403646
      ],
      "cross": [
        0.5587840998330152,
        1.3102486203816142
      ],
      "volume": [
        1.2941699716036757e-07,
        1.0695061325140485e-06
      ],
      "k_iter": 2
    }
  }
}