{
  "color_space": {
    "rgb": {
      "r": 57,
      "g": 167,
      "b": 58
    },
    "hsv": {
      "h_lower": 18,
      "h_upper": 178,
      "s": 83,
      "v": 109
    },
    "lab": {
      "l": [
        42,
        192
      ],
      "a": 125,
      "b": 108
    }
  },
  "sor": {
    "meanK": 32,
    "StddevMultThresh": 2.9279307820918348
  },
  "counting": {
    "general": {
      "voxel_res": 0.006482952538121986,
      "seed_res": 0.03175399551559008
    },
    "lccp1": {
      "color": 0.17803010094715932,
      "space": 0.32573175015246736,
      "normal": 0.29511002504592987,
      "ct": 169.00203735626337,
      "st": 0.8209501546809173
    },
    "lccp2": {
      "color": 0.1683869622186434,
      "space": 0.2986064717973812,
      "normal": 0.65911344073256,
      "ct": 149.8684083266956,
      "st": 0.5645358293275727
    },
    "global_weights": {
      "w_length": 0.9062543562440317,
      "w_cross": 0.9094340496624058,
      "w_volume": 0.24790567553089507
    },
    "ideals": {
      "length": [
        0.008173971716481557,
        0.020384517014484925
      ],
      "cross": [
        0.7016588078894777,
        1.565721321391498
      ],
      "volume": [
        2.376310820533891e-07,
        1.3893354497394408e-06
      ],
      "k_iter": 4
    }
  }
}