{
  "color_space": {
    "rgb": {
      "r": 64,
      "g": 170,
      "b": 178
    },
    "hsv": {
      "h_lower": 65,
      "h_upper": 108,
      "s": 93,
      "v": 92
    },
    "lab": {
      "l": [
        48,
        200
      ],
      "a": 145,
      "b": 118
    }
  },
  "sor": {
    "meanK": 60,
    "StddevMultThresh": 2.066949994921151
  },
  "counting": {
    "general": {
      "voxel_res": 0.006459663805749574,
      "seed_res": 0.027246447965411924
    },
    "lccp1": {
      "color": 0.1680346612643087,
      "space": 0.4378973673966502,
      "normal": 0.5479690233675732,
      "ct": 69.20142326325316,
      "st": 0.5133991125524171
    },
    "lccp2": {
      "color": 0.23385355760050539,
      "space": 0.45922352097521446,
      "normal": 0.5568957915897034,
      "ct": 51.910542186382656,
      "st": 0.384282678328203
    },
    "global_weights": {
      "w_length": 0.5739077790304383,
      "w_cross": 0.5241643515569085,
      "w_volume": 0.493265352675398
    },
    "ideals": {
      "length": [
        0.010834364346054297,
        0.0216934887332509
      ],
      "cross": [
        0.5794701604978286,
        1.422951730812015
      ],
      "volume": [
        1.1890851067828407e-07,
        1.07003155772641e-06
      ],
      "k_iter": 3
    }
  }
}