{
  "color_space": {
    "rgb": {
      "r": 197,
      "g": 163,
      "b": 133
    },
    "hsv": {
      "h_lower": 13,
      "h_upper": 176,
      "s": 85,
      "v": 90
    },
    "lab": {
      "l": [
        40,
        196
      ],
      "a": 106,
      "b": 108
    }
  },
  "sor": {
    "meanK": 84,
    "StddevMultThresh": 2.35821319038155
  },
  "counting": {
    "general": {
      "voxel_res": 0.007574240557774585,
      "seed_res": 0.030022879051676873
    },
    "lccp1": {
      "color": 0.39132355402345687,
      "space": 0.5522310850934401,
      "normal": 0.22777107861831336,
      "ct": 35.15785314786722,
      "st": 0.2631962310832142
    },
    "lccp2": {
      "color": 0.1267513776748908,
      "space": 0.725489865363524,
      "normal": 0.5275887951020357,
      "ct": 123.77066030374598,
      "st": 0.5908440091752141
    },
    "global_weights": {
      "w_length": 0.8987616745481183,
      "w_cross": 0.797173072059233,
      "w_volume": 0.7321531693465291
    },
    "ideals": {
      "length": [
        0.008130247109915927,
        0.02390162763742268
      ],
      "cross": [
        0.4276048754627815,
        1.4385583176222103
      ],
      "volume": [
        1.2224305275513678e-07,
        1.3816716941065206e-06
      ],
      "k_iter": 2
    }
  }
}