{
  "color_space": {
    "rgb": {
      "r": 110,
      "g": 142,
      "b": 172
    },
    "hsv": {
      "h_lower": 57,
      "h_upper": 144,
      "s": 84,
      "v": 58
    },
    "lab": {
      "l": [
        68,
        200
      ],
      "a": 107,
      "b": 50
    }
  },
  "sor": {
    "meanK": 55,
    "StddevMultThresh": 2.8625916213884466
  },
  "counting": {
    "general": {
      "voxel_res": 0.007799429754328045,
      "seed_res": 0.02176127473451226
    },
    "lccp1": {
      "color": 0.159766289870405,
      "space": 0.6919319011561178,
      "normal": 0.27382627238778373,
      "ct": 79.91132732647011,
      "st": 0.4633185817004559
    },
    "lccp2": {
      "color": 0.3060310766025412,
      "space": 0.5710627461673621,
      "normal": 0.5413917541791711,
      "ct": 148.2503125789049,
      "st": 0.48911885375496567
    },
    "global_weights": {
      "w_length": 0.38354798689628355,
      "w_cross": 0.5139405704745368,
      "w_volume": 0.3112129495887844
    },
    "ideals": {
      "length": [
        0.006501211939473668,
        0.0212538258135832
      ],
      "cross": [
        0.7758389969848476,
        1.330670762211947
      ],
      "volume": [
        2.3691114514389308e-07,
        7.75160854352272e-07
      ],
      "k_iter": 3
    }
  }
}