{
  "color_space": {
    "rgb": {
      "r": 192,
      "g": 91,
      "b": 63
    },
    "hsv": {
      "h_lower": 35,
      "h_upper": 147,
      "s": 82,
      "v": 102
    },
    "lab": {
      "l": [
        53,
        200
      ],
      "a": 126,
      "b": 119
    }
  },
  "sor": {
    "meanK": 50,
    "StddevMultThresh": 2.025428337845885
  },
  "counting": {
    "general": {
      "voxel_res": 0.006044874922550209,
      "seed_res": 0.024094549043786086
    },
    "lccp1": {
      "color": 0.17548361130745027,
      "space": 0.46366461530505154,
      "normal": 0.5843467638690045,
      "ct": 68.04473339191807,
      "st": 0.4983056928379787
    },
    "lccp2": {
      "color": 0.24338498741462106,
      "space": 0.46353994440021623,
      "normal": 0.5747104462076422,
      "ct": 50.72179373588579,
      "st": 0.4234995372678104
    },
    "global_weights": {
      "w_length": 0.5781144097442015,
      "w_cross": 0.615843287192581,
      "w_volume": 0.5971725028909932
    },
    "ideals": {
      "length": [
        0.02259791943087554,
        0.033543444494076376
      ],
      "cross": [
        0.6174267028912792,
        1.4535105914995035
      ],
      "volume": [
        1.2194514646154044e-07,
        1.0857286935216258e-06
      ],
      "k_iter": 2
    }
  }
}