{
  "color_space": {
    "rgb": {
      "r": 162,
      "g": 152,
      "b": 64
    },
    "hsv": {
      "h_lower": 44,
      "h_upper": 169,
      "s": 122,
      "v": 128
    },
    "lab": {
      "l": [
        67,
        254
      ],
      "a": 68,
      "b": 100
    }
  },
  "sor": {
    "meanK": 61,
    "StddevMultThresh": 1.1386473769739685
  },
  "counting": {
    "general": {
      "voxel_res": 0.006590248592433788,
      "seed_res": 0.015519946580711232
    },
    "lccp1": {
      "color": 0.1706881610725539,
      "space": 0.7101257395348588,
      "normal": 0.4180059783580354,
      "ct": 88.6559783852369,
      "st": 0.19187818835580073
    },
    "lccp2": {
      "color": 0.0529890306787538,
      "space": 0.6040766202595579,
      "normal": 0.5173697977409213,
      "ct": 91.50638286940844,
      "st": 0.8951420587650588
    },
    "global_weights": {
      "w_length": 0.9842079911861435,
      "w_cross": 0.9917223832111323,
      "w_volume": 0.48149011369970895
    },
    "ideals": {
      "length": [
        0.005293542493654245,
        0.022693258971213114
      ],
      "cross": [
        0.64697454984508,
        1.4050401147910185
      ],
      "volume": [
        1.5140647923593302e-07,
        7.280908012572692e-07
      ],
      "k_iter": 1
    }
  }
}