{
  "color_space": {
    "rgb": {
      "r": 128,
      "g": 140,
      "b": 146
    },
    "hsv": {
      "h_lower": 6,
      "h_upper": 176,
      "s": 82,
      "v": 91
    },
    "lab": {
      "l": [
        40,
        209
      ],
      "a": 138,
      "b": 112
    }
  },
  "sor": {
    "meanK": 47,
    "StddevMultThresh": 1.2739031903075935
  },
  "counting": {
    "general": {
      "voxel_res": 0.005177944857917036,
      "seed_res": 0.018117653566861014
    },
    "lccp1": {
      "color": 0.3864364422246395,
      "space": 0.7476815675494073,
      "normal": 0.5911305844150382,
      "ct": 86.86156364673714,
      "st": 0.50772662089479
    },
    "lccp2": {
      "color": 0.3980287156309497,
      "space": 0.4083757177887894,
      "normal": 0.6306792772953246,
      "ct": 126.60599676312907,
      "st": 0.8271418053889893
    },
    "global_weights": {
      "w_length": 0.36507095745994167,
      "w_cross": 0.1293308687635555,
      "w_volume": 0.3793355846943359
    },
    "ideals": {
      "length": [
        0.005028932855055386,
        0.02181406347925398
      ],
      "cross": [
        0.7826125931089273,
        1.2586966161130666
      ],
      "volume": [
        5.968268885115413e-08,
        9.215175880079753e-07
      ],
      "k_iter": 2
    }
  }
}