{
  "color_space": {
    "rgb": {
      "r": 76,
      "g": 53,
      "b": 97
    },
    "hsv": {
      "h_lower": 34,
      "h_upper": 118,
      "s": 141,
      "v": 96
    },
    "lab": {
      "l": [
        70,
        224
      ],
      "a": 96,
      "b": 54
    }
  },
  "sor": {
    "meanK": 85,
    "StddevMultThresh": 1.8349233623001806
  },
  "counting": {
    "general": {
      "voxel_res": 0.005431726303399706,
      "seed_res": 0.02975909828319393
    },
    "lccp1": {
      "color": 0.10440236706438842,
      "space": 0.42970268603538986,
      "normal": 0.7531185941260281,
      "ct": 128.94240493029997,
      "st": 0.35575570919565935
    },
    "lccp2": {
      "color": 0.1320184949805184,
      "space": 0.7741828562064745,
      "normal": 0.23723242904255815,
      "ct": 148.22297978780534,
      "st": 0.3227965235059024
    },
    "global_weights": {
      "w_length": 0.35497578571449684,
      "w_cross": 0.37534108291538193,
      "w_volume": 0.7319066089492694
    },
    "ideals": {
      "length": [
        0.009928330972599035,
        0.021532488953983124
      ],
      "cross": [
        0.5091705208966595,
        1.2710179423920205
      ],
      "volume": [
        1.7865581302405065e-07,
        1.0045749068979484e-06
      ],
      "k_iter": 1
    }
  }
}