{
  "color_space": {
    "rgb": {
      "r": 182,
      "g": 138,
      "b": 118
    },
    "hsv": {
      "h_lower": 24,
      "h_upper": 173,
      "s": 83,
      "v": 97
    },
    "lab": {
      "l": [
        49,
        192
      ],
      "a": 113,
      "b": 108
    }
  },
  "sor": {
    "meanK": 37,
    "StddevMultThresh": 1.1566287705980798
  },
  "counting": {
    "general": {
      "voxel_res": 0.0064654765210790015,
      "seed_res": 0.01967856011265365
    },
    "lccp1": {
      "color": 0.02160824906520178,
      "space": 0.66257035343867,
      "normal": 0.578773345020611,
      "ct": 134.26804015747624,
      "st": 0.6192528222976929
    },
    "lccp2": {
      "color": 0.3056511133921491,
      "space": 0.3445972440137529,
      "normal": 0.3565632781185375,
      "ct": 117.36945261464274,
      "st": 0.44694523172942435
    },
    "global_weights": {
      "w_length": 0.4148877092070665,
      "w_cross": 0.3197928466050861,
      "w_volume": 0.6396601975643146
    },
    "ideals": {
      "length": [
        0.006120595548756179,
        0.022184875792016605
      ],
      "cross": [
        0.7621574467069474,
        1.2942434281819182
      ],
      "volume": [
        1.5411625469173004e-07,
        9.160490628222325e-07
      ],
      "k_iter": 3
    }
  }
}