{
  "color_space": {
    "rgb": {
      "r": 67,
      "g": 183,
      "b": 138
    },
    "hsv": {
      "h_lower": 17,
      "h_upper": 156,
      "s": 135,
      "v": 118
    },
    "lab": {
      "l": [
        55,
        199
      ],
      "a": 115,
      "b": 117
    }
  },
  "sor": {
    "meanK": 52,
    "StddevMultThresh": 2.0856218068543773
  },
  "counting": {
    "general": {
      "voxel_res": 0.006285763218002891,
      "seed_res": 0.020795803484073803
    },
    "lccp1": {
      "color": 0.17312793168139246,
      "space": 0.42278679373245437,
      "normal": 0.5630554190889763,
      "ct": 61.11874732955305,
      "st": 0.5428191084948011
    },
    "lccp2": {
      "color": 0.2737352089100271,
      "space": 0.49920832525238423,
      "normal": 0.6409568381751631,
      "ct": 56.22555379972471,
      "st": 0.36225904255366354
    },
    "global_weights": {
      "w_length": 0.4981971824833008,
      "w_cross": 0.500026483039981,
      "w_volume": 0.577249251632798
    },
    "ideals": {
      "length": [
        0.018675426749893965,
        0.021257360900111336
      ],
      "cross": [
        0.6431700396662384,
        1.3675869180003009
      ],
      "volume": [
        1.2960426784173414e-07,
        1.1016661567930365e-06
      ],
      "k_iter": 2
    }
  }
}