{
  "color_space": {
    "rgb": {
      "r": 69,
      "g": 193,
      "b": 107
    },
    "hsv": {
      "h_lower": 45,
      "h_upper": 142,
      "s": 147,
      "v": 59
    },
    "lab": {
      "l": [
        57,
        194
      ],
      "a": 70,
      "b": 153
    }
  },
  "sor": {
    "meanK": 51,
    "StddevMultThresh": 1.473056241248041
  },
  "counting": {
    "general": {
      "voxel_res": 0.005790274375282904,
      "seed_res": 0.024336767246299747
    },
    "lccp1": {
      "color": 0.39774723563262604,
      "space": 0.20554930447151112,
      "normal": 0.37867761257913357,
      "ct": 167.15358862301932,
      "st": 0.1053790891057731
    },
    "lccp2": {
      "color": 0.029930838732988185,
      "space": 0.35138182717819477,
      "normal": 0.39238363289268974,
      "ct": 70.07249264368191,
      "st": 0.6498453714593299
    },
    "global_weights": {
      "w_length": 0.3625266960335617,
      "w_cross": 0.3073106707352671,
      "w_volume": 0.22168247949507436
    },
    "ideals": {
      "length": [
        0.009033144091712993,
        0.024361852693862367
      ],
      "cross": [
        0.6456842115525188,
        1.2769766771946243
      ],
      "volume": [
        7.766115901709257e-08,
        1.492005379742061e-06
      ],
      "k_iter": 4
    }
  }
}