{
  "color_space": {
    "rgb": {
      "r": 144,
      "g": 61,
      "b": 102
    },
    "hsv": {
      "h_lower": 17,
      "h_upper": 163,
      "s": 146,
      "v": 135
    },
    "lab": {
      "l": [
        60,
        245
      ],
      "a": 73,
      "b": 27
    }
  },
  "sor": {
    "meanK": 50,
    "StddevMultThresh": 2.5585107164507805
  },
  "counting": {
    "general": {
      "voxel_res": 0.005468815416841138,
      "seed_res": 0.013521414632173268
    },
    "lccp1": {
      "color": 0.1691749711353713,
      "space": 0.3102454398525325,
      "normal": 0.2917774861295045,
      "ct": 101.44532368140885,
      "st": 0.9720089161609985
    },
    "lccp2": {
      "color": 0.30950017867830887,
      "space": 0.7123919591137715,
      "normal": 0.5657328216229711,
      "ct": 16.44848713189095,
      "st": 0.7469990338909756
    },
    "global_weights": {
      "w_length": 0.842754400124818,
      "w_cross": 0.5472504484657994,
      "w_volume": 0.6699559123256823
    },
    "ideals": {
      "length": [
        0.00803809623745824,
        0.02405185247696473
      ],
      "cross": [
        0.6540659144470957,
        1.4139781547881485
      ],
      "volume": [
        1.7030393894542093e-07,
        1.3810753379392746e-06
      ],
      "k_iter": 4
    }
  }
}