{
  "color_space": {
    "rgb": {
      "r": 176,
      "g": 66,
      "b": 140
    },
    "hsv": {
      "h_lower": 24,
      "h_upper": 103,
      "s": 84,
      "v": 105
    },
    "lab": {
      "l": [
        91,
        183
      ],
      "a": 16,
      "b": 100
    }
  },
  "sor": {
    "meanK": 98,
    "StddevMultThresh": 1.8185528270713343
  },
  "counting": {
    "general": {
      "voxel_res": 0.007850026120788334,
      "seed_res": 0.015596604347835358
    },
    "lccp1": {
      "color": 0.029694725681245426,
      "space": 0.7273489781003828,
      "normal": 0.29998370787142625,
      "ct": 116.676609768146,
      "st": 0.6613951680855901
    },
    "lccp2": {
      "color": 0.06368006457671109,
      "space": 0.7126781302372467,
      "normal": 0.5264444048240764,
      "ct": 88.56371932395231,
      "st": 0.4437601059178836
    },
    "global_weights": {
      "w_length": 0.21836989100888204,
      "w_cross": 0.7462632842873052,
      "w_volume": 0.21097375535781887
    },
    "ideals": {
      "length": [
        0.0051463547558820745,
        0.02334384590124299
      ],
      "cross": [
        0.6044436322710296,
        1.2088050000006418
      ],
      "volume": [
        1.1941461621035475e-07,
        1.2290973348547448e-06
      ],
      "k_iter": 2
    }
  }
}