{
  "color_space": {
    "rgb": {
      "r": 107,
      "g": 130,
      "b": 66
    },
    "hsv": {
      "h_lower": 15,
      "h_upper": 113,
      "s": 95,
      "v": 147
    },
    "lab": {
      "l": [
        43,
        193
      ],
      "a": 121,
      "b": 100
    }
  },
  "sor": {
    "meanK": 56,
    "StddevMultThresh": 2.1745757741486704
  },
  "counting": {
    "general": {
      "voxel_res": 0.006175721634955921,
      "seed_res": 0.020523329167747587
    },
    "lccp1": {
      "color": 0.13635900954000796,
      "space": 0.4221434363053544,
      "normal": 0.5594919695892503,
      "ct": 70.8099245283522,
      "st": 0.44992234575330675
    },
    "lccp2": {
      "color": 0.23196115859088412,
      "space": 0.4103113580604073,
      "normal": 0.5160331353893057,
      "ct": 61.76402377005002,
      "st": 0.36105141733138246
    },
    "global_weights": {
      "w_length": 0.46837477274190464,
      "w_cross": 0.6973874186246103,
      "w_volume": 0.5567544799055872
    },
    "ideals": {
      "length": [
        0.022220978572680405,
        0.03882488884434688
      ],
      "cross": [
        0.6263255849604279,
        1.3851977039399663
      ],
      "volume": [
        1.204581358320595e-07,
        1.1106667066443352e-06
      ],
      "k_iter": 3
    }
  }
}