{
  "color_space": {
    "rgb": {
      "r": 172,
      "g": 68,
      "b": 97
    },
    "hsv": {
      "h_lower": 38,
      "h_upper": 134,
      "s": 142,
      "v": 53
    },
    "lab": {
      "l": [
        48,
        204
      ],
      "a": 144,
      "b": 106
    }
  },
  "sor": {
    "meanK": 52,
    "StddevMultThresh": 2.1934158366748413
  },
  "counting": {
    "general": {
      "voxel_res": 0.006575823501561786,
      "seed_res": 0.02355229760246366
    },
    "lccp1": {
      "color": 0.12492499487027325,
      "space": 0.41459210684248726,
      "normal": 0.562333980876212,
      "ct": 68.51761665072101,
      "st": 0.49793422220819544
    },
    "lccp2": {
      "color": 0.27268265584639967,
      "space": 0.5260764988581558,
      "normal": 0.5733108822496207,
      "ct": 64.2081486465191,
      "st": 0.4868015652394829
    },
    "global_weights": {
      "w_length": 0.5185318530728302,
      "w_cross": 0.5765035217011227,
      "w_volume": 0.5184344533145492
    },
    "ideals": {
      "length": [
        0.02353798062062948,
        0.025474126700091575
      ],
      "cross": [
        0.5679882872876355,
        1.391632851292926
      ],
      "volume": [
        1.131153875103353e-07,
        1.0407017421671274e-06
      ],
      "k_iter": 2
    }
  }
}