{
  "color_space": {
    "rgb": {
      "r": 78,
      "g": 157,
      "b": 101
    },
    "hsv": {
      "h_lower": 3,
      "h_upper": 177,
      "s": 98,
      "v": 101
    },
    "lab": {
      "l": [
        49,
        196
      ],
      "a": 111,
      "b": 110
    }
  },
  "sor": {
    "meanK": 72,
    "StddevMultThresh": 1.8048621483290324
  },
  "counting": {
    "general": {
      "voxel_res": 0.006274978474059221,
      "seed_res": 0.019865161903248413
    },
    "lccp1": {
      "color": 0.32534443563834764,
      "space": 0.5805532557346949,
      "normal": 0.32152461356100154,
      "ct": 96.65001194428642,
      "st": 0.4894098645898929
    },
    "lccp2": {
      "color": 0.10042943481704834,
      "space": 0.332267279775439,
      "normal": 0.22932112719863007,
      "ct": 26.97733163718656,
      "st": 0.03029402682761484
    },
    "global_weights": {
      "w_length": 0.8609393972287493,
      "w_cross": 0.3989417521487658,
      "w_volume": 0.2909090611777202
    },
    "ideals": {
      "length": [
        0.005863253424007927,
        0.02175961402192215
      ],
      "cross": [
        0.5767958527739715,
        1.4593551365378676
      ],
      "volume": [
        8.469839270295688e-08,
        8.351838470216088e-07
      ],
      "k_iter": 3
    }
  }
}