{
  "color_space": {
    "rgb": {
      "r": 124,
      "g": 147,
      "b": 155
    },
    "hsv": {
      "h_lower": 41,
      "h_upper": 156,
      "s": 132,
      "v": 53
    },
    "lab": {
      "l": [
        93,
        228
      ],
      "a": 12,
      "b": 12
    }
  },
  "sor": {
    "meanK": 35,
    "StddevMultThresh": 1.9626901937468995
  },
  "counting": {
    "general": {
      "voxel_res": 0.007193848018127171,
      "seed_res": 0.03330357337026628
    },
    "lccp1": {
      "color": 0.36189032246272057,
      "space": 0.3605845658368232,
      "normal": 0.6112566726464401,
      "ct": 166.11852624699466,
      "st": 0.010442745796261699
    },
    "lccp2": {
      "color": 0.007089002463934158,
      "space": 0.48649955100254244,
      "normal": 0.3690588328656931,
      "ct": 121.07612555464453,
      "st": 0.9290039429391774
    },
    "global_weights": {
      "w_length": 0.9664826934264981,
      "w_cross": 0.6210737584021104,
      "w_volume": 0.3694168574659028
    },
    "ideals": {
      "length": [
        0.0067458694446493606,
        0.021930144768932937
      ],
      "cross": [
        0.6812168375392718,
        1.5805806339503867
      ],
      "volume": [
        1.5631592295313448e-07,
        1.2659849388766971e-06
      ],
      "k_iter": 4
    }
  }
}