{
  "color_space": {
    "rgb": {
      "r": 64,
      "g": 169,
      "b": 139
    },
    "hsv": {
      "h_lower": 14,
      "h_upper": 131,
      "s": 100,
      "v": 71
    },
    "lab": {
      "l": [
        77,
        236
      ],
      "a": 149,
      "b": 10
    }
  },
  "sor": {
    "meanK": 57,
    "StddevMultThresh": 1.922198944653292
  },
  "counting": {
    "general": {
      "voxel_res": 0.006621571686927424,
      "seed_res": 0.03368229557352066
    },
    "lccp1": {
      "color": 0.2931986214714947,
      "space": 0.46860058047307984,
      "normal": 0.20305025650991793,
      "ct": 96.65154784497282,
      "st": 0.795829246284163
    },
    "lccp2": {
      "color": 0.15503531406358212,
      "space": 0.21442975839582434,
      "normal": 0.7043951834514395,
      "ct": 153.1455127950773,
      "st": 0.2691275281470117
    },
    "global_weights": {
      "w_length": 0.7575325742338311,
      "w_cross": 0.29082780926069074,
      "w_volume": 0.7377227386806625
    },
    "ideals": {
      "length": [
        0.007536384711034773,
        0.02197838911352592
      ],
      "cross": [
        0.48970938256447116,
        1.257784455244306
      ],
      "volume": [
        5.877865804404902e-08,
        1.2009168264648844e-06
      ],
      "k_iter": 1
    }
  }
}