{
  "color_space": {
    "rgb": {
      "r": 92,
      "g": 163,
      "b": 87
    },
    "hsv": {
      "h_lower": 50,
      "h_upper": 160,
      "s": 58,
      "v": 60
    },
    "lab": {
      "l": [
        90,
        252
      ],
      "a": 85,
      "b": 44
    }
  },
  "sor": {
    "meanK": 52,
    "StddevMultThresh": 2.0721421619739875
  },
  "counting": {
    "general": {
      "voxel_res": 0.005777888956251771,
      "seed_res": 0.03243150610280972
    },
    "lccp1": {
      "color": 0.0456392610614012,
      "space": 0.5241009798017968,
      "normal": 0.5118938843380886,
      "ct": 71.828272497787,
      "st": 0.17909321938581024
    },
    "lccp2": {
      "color": 0.15954665988035474,
      "space": 0.5794792255650453,
      "normal": 0.2538056218349106,
      "ct": 64.50235417123339,
      "st": 0.6246923545734984
    },
    "global_weights": {
      "w_length": 0.2164611024360954,
      "w_cross": 0.774143671347021,
      "w_volume": 0.3941499099591156
    },
    "ideals": {
      "length": [
        0.00930853336210149,
        0.022768341471727408
      ],
      "cross": [
        0.7772274928178378,
        1.3460712893658284
      ],
      "volume": [
        1.4586144232716216e-07,
        7.486275380601741e-07
      ],
      "k_iter": 2
    }
  }
}