{
  "color_space": {
    "rgb": {
      "r": 167,
      "g": 118,
      "b": 67
    },
    "hsv": {
      "h_lower": 3,
      "h_upper": 166,
      "s": 84,
      "v": 91
    },
    "lab": {
      "l": [
        40,
        201
      ],
      "a": 107,
      "b": 110
    }
  },
  "sor": {
    "meanK": 65,
    "StddevMultThresh": 1.2045217365693197
  },
  "counting": {
    "general": {
      "voxel_res": 0.007259940032128542,
      "seed_res": 0.03679010165537613
    },
    "lccp1": {
      "color": 0.23205787477701545,
      "space": 0.49799990976769504,
      "normal": 0.4359036871960603,
      "ct": 103.67739086997611,
      "st": 0.09870712542140647
    },
    "lccp2": {
      "color": 0.3803946695669032,
      "space": 0.7026591406557439,
      "normal": 0.6817577513558686,
      "ct": 35.0709331160655,
      "st": 0.19388428797920998
    },
    "global_weights": {
      "w_length": 0.23914855198289361,
      "w_cross": 0.7210269353603525,
      "w_volume": 0.567635340056298
    },
    "ideals": {
      "length": [
        0.009310485017252164,
        0.02064374067246264
      ],
      "cross": [
        0.5787732698276024,
        1.5974767542210384
      ],
      "volume": [
        1.7727277174291454e-07,
        1.348162513555428e-06
      ],
      "k_iter": 4
    }
  }
}