{
  "color_space": {
    "rgb": {
      "r": 120,
      "g": 79,
      "b": 167
    },
    "hsv": {
      "h_lower": 31,
      "h_upper": 169,
      "s": 72,
      "v": 63
    },
    "lab": {
      "l": [
        60,
        155
      ],
      "a": 88,
      "b": 11
    }
  },
  "sor": {
    "meanK": 34,
    "StddevMultThresh": 2.4792225609233904
  },
  "counting": {
    "general": {
      "voxel_res": 0.007686129203512679,
      "seed_res": 0.030689333284999537
    },
    "lccp1": {
      "color": 0.04950634207847009,
      "space": 0.3568201998485524,
      "normal": 0.587709840247604,
      "ct": 168.9864642633302,
      "st": 0.9172991100238646
    },
    "lccp2": {
      "color": 0.2818996447318158,
      "space": 0.5366901978203837,
      "normal": 0.2752618380498996,
      "ct": 92.31290579314214,
      "st": 0.27822428812913447
    },
    "global_weights": {
      "w_length": 0.27107996130379025,
      "w_cross": 0.7061962874904979,
      "w_volume": 0.9705171502016363
    },
    "ideals": {
      "length": [
        0.009026958852217836,
        0.02074774124476163
      ],
      "cross": [
        0.4179894657350004,
        1.5123549531781104
      ],
      "volume": [
        2.1401275505874413e-07,
        9.866445726298415e-07
      ],
      "k_iter": 4
    }
  }
}