{
  "color_space": {
    "rgb": {
      "r": 151,
      "g": 138,
      "b": 176
    },
    "hsv": {
      "h_lower": 14,
      "h_upper": 108,
      "s": 125,
      "v": 115
    },
    "lab": {
      "l": [
        53,
        202
      ],
      "a": 121,
      "b": 101
    }
  },
  "sor": {
    "meanK": 57,
    "StddevMultThresh": 1.9812099650402455
  },
  "counting": {
    "general": {
      "voxel_res": 0.006667741117070523,
      "seed_res": 0.0289154627011758
    },
    "lccp1": {
      "color": 0.14326033007737482,
      "space": 0.49799232865924126,
      "normal": 0.5225286237706126,
      "ct": 64.46867967937287,
      "st": 0.40664621439851223
    },
    "lccp2": {
      "color": 0.23969595978152988,
      "space": 0.40515530451027243,
      "normal": 0.5111042134335264,
      "ct": 56.23139315881503,
      "st": 0.4971249144420562
    },
    "global_weights": {
      "w_length": 0.5304574773056142,
      "w_cross": 0.5191397835472384,
      "w_volume": 0.551836063301199
    },
    "ideals": {
      "length": [
        0.020325866729355626,
        0.047606745846786036
      ],
      "cross": [
        0.5712635122809117,
        1.3627580820130865
      ],
      "volume": [
        1.2189084410607018e-07,
        1.1486619486827252e-06
      ],
      "k_iter": 2
    }
  }
}