{
  "color_space": {
    "rgb": {
      "r": 137,
      "g": 179,
      "b": 200
    },
    "hsv": {
      "h_lower": 30,
      "h_upper": 142,
      "s": 104,
      "v": 114
    },
    "lab": {
      "l": [
        62,
        159
      ],
      "a": 16,
      "b": 134
    }
  },
  "sor": {
    "meanK": 77,
    "StddevMultThresh": 2.0425189495432816
  },
  "counting": {
    "general": {
      "voxel_res": 0.006447803452455248,
      "seed_res": 0.028739886031347785
    },
    "lccp1": {
      "color": 0.1446838541722102,
      "space": 0.6401606238404416,
      "normal": 0.4830966969658606,
      "ct": 124.48847978732923,
      "st": 0.1697571961416503
    },
    "lccp2": {
      "color": 0.351944045145719,
      "space": 0.5488002495446023,
      "normal": 0.21289681272893857,
      "ct": 97.53247904126938,
      "st": 0.6209199610978091
    },
    "global_weights": {
      "w_length": 0.12981780331618178,
      "w_cross": 0.6572100490473948,
      "w_volume": 0.28717286133521025
    },
    "ideals": {
      "length": [
        0.00610918992833546,
        0.02053814674932992
      ],
      "cross": [
        0.771715531405922,
        1.4136521335885894
      ],
      "volume": [
        3.073518836612405e-08,
        1.5443398382366052e-06
      ],
      "k_iter": 4
    }
  }
}