{
  "color_space": {
    "rgb": {
      "r": 108,
      "g": 145,
      "b": 135
    },
    "hsv": {
      "h_lower": 24,
      "h_upper": 177,
      "s": 80,
      "v": 104
    },
    "lab": {
      "l": [
        50,
        198
      ],
      "a": 109,
      "b": 117
    }
  },
  "sor": {
    "meanK": 91,
    "StddevMultThresh": 1.1729024220878357
  },
  "counting": {
    "general": {
      "voxel_res": 0.007004478870911903,
      "seed_res": 0.01900285450440759
    },
    "lccp1": {
      "color": 0.2321710573660973,
      "space": 0.21764972103237307,
      "normal": 0.6185970933762419,
      "ct": 92.1964182182098,
      "st": 0.7568537667893742
    },
    "lccp2": {
      "color": 0.05139266865616152,
      "space": 0.7792015431222736,
      "normal": 0.5881839082731259,
      "ct": 21.010895783512957,
      "st": 0.3884948973496877
    },
    "global_weights": {
      "w_length": 0.73777961967402,
      "w_cross": 0.6070268298189173,
      "w_volume": 0.7882225836325646
    },
    "ideals": {
      "length": [
        0.005108836030658059,
        0.02424933333496255
      ],
      "cross": [
        0.6619324228888938,
        1.402540892455332
      ],
      "volume": [
        1.0071754269732699e-07,
        1.527522048845059e-06
      ],
      "k_iter": 3
    }
  }
}