{
  "color_space": {
    "rgb": {
      "r": 112,
      "g": 70,
      "b": 91
    },
    "hsv": {
      "h_lower": 9,
      "h_upper": 175,
      "s": 80,
      "v": 110
    },
    "lab": {
      "l": [
        45,
        208
      ],
      "a": 118,
      "b": 101
    }
  },
  "sor": {
    "meanK": 76,
    "StddevMultThresh": 1.6970138284683438
  },
  "counting": {
    "general": {
      "voxel_res": 0.005433521758553321,
      "seed_res": 0.02838953222286615
    },
    "lccp1": {
      "color": 0.04875231077356373,
      "space": 0.7838661954960491,
      "normal": 0.4541404110374343,
      "ct": 136.7925405860221,
      "st": 0.8710246202745991
    },
    "lccp2": {
      "color": 0.1896668582802613,
      "space": 0.6656370022749276,
      "normal": 0.7175410270154603,
      "ct": 119.79466299058082,
      "st": 0.7351427158961296
    },
    "global_weights": {
      "w_length": 0.6714882615815271,
      "w_cross": 0.36646483901349725,
      "w_volume": 0.14742948542438028
    },
    "ideals": {
      "length": [
        0.008294254691959648,
        0.022136823702343857
      ],
      "cross": [
        0.44606392089887703,
        1.4164727561786
      ],
      "volume": [
        2.499151589138827e-07,
        1.5275617017071589e-06
      ],
      "k_iter": 4
    }
  }
}