{
  "color_space": {
    "rgb": {
      "r": 83,
      "g": 167,
      "b": 155
    },
    "hsv": {
      "h_lower": 23,
      "h_upper": 170,
      "s": 80,
      "v": 104
    },
    "lab": {
      "l": [
        43,
        198
      ],
      "a": 118,
      "b": 111
    }
  },
  "sor": {
    "meanK": 67,
    "StddevMultThresh": 2.897195730936924
  },
  "counting": {
    "general": {
      "voxel_res": 0.00768933680184716,
      "seed_res": 0.024316597121617437
    },
    "lccp1": {
      "color": 0.16741402846136066,
      "space": 0.6120300956805587,
      "normal": 0.32530061958127054,
      "ct": 124.34612793842169,
      "st": 0.4468403082328418
    },
    "lccp2": {
      "color": 0.12369332631213137,
      "space": 0.7723309899999768,
      "normal": 0.7750739014285795,
      "ct": 127.69573439779727,
      "st": 0.1827165009021916
    },
    "global_weights": {
      "w_length": 0.8214066097436888,
      "w_cross": 0.13019769575692927,
      "w_volume": 0.19686040539961214
    },
    "ideals": {
      "length": [
        0.00506957313805746,
        0.020689500671781255
      ],
      "cross": [
        0.6742760925840967,
        1.3184494610211535
      ],
      "volume": [
        1.3496025993016113e-07,
        1.3090269927596612e-06
      ],
      "k_iter": 4
    }
  }
}