{
  "color_space": {
    "rgb": {
      "r": 95,
      "g": 70,
      "b": 156
    },
    "hsv": {
      "h_lower": 8,
      "h_upper": 171,
      "s": 90,
      "v": 103
    },
    "lab": {
      "l": [
        55,
        197
      ],
      "a": 116,
      "b": 108
    }
  },
  "sor": {
    "meanK": 96,
    "StddevMultThresh": 1.3508459218824662
  },
  "counting": {
    "general": {
      "voxel_res": 0.006848119808939112,
      "seed_res": 0.028642527647902927
    },
    "lccp1": {
      "color": 0.22472194042385707,
      "space": 0.5195766283276824,
      "normal": 0.4944157344501079,
      "ct": 125.08164279159408,
      "st": 0.5956596297822269
    },
    "lccp2": {
      "color": 0.19143828110932307,
      "space": 0.4910562486675387,
      "normal": 0.3109767739721104,
      "ct": 37.40009745521203,
      "st": 0.07035663791804592
    },
    "global_weights": {
      "w_length": 0.5156997255012556,
      "w_cross": 0.5556456225521309,
      "w_volume": 0.2211937714678442
    },
    "ideals": {
      "length": [
        0.009365026707335362,
        0.02215096862876607
      ],
      "cross": [
        0.6984644464732731,
        1.477859454534502
      ],
      "volume": [
        1.4188642409271695e-07,
        1.3972974392832625e-06
      ],
      "k_iter": 3
    }
  }
}