{
  "color_space": {
    "rgb": {
      "r": 127,
      "g": 188,
      "b": 109
    },
    "hsv": {
      "h_lower": 35,
      "h_upper": 122,
      "s": 120,
      "v": 98
    },
    "lab": {
      "l": [
        57,
        232
      ],
      "a": 159,
      "b": 59
    }
  },
  "sor": {
    "meanK": 31,
    "StddevMultThresh": 2.6115769193212763
  },
  "counting": {
    "general": {
      "voxel_res": 0.006409705559269417,
      "seed_res": 0.02499428977297347
    },
    "lccp1": {
      "color": 0.016962884054575602,
      "space": 0.4624936957395818,
      "normal": 0.640434770035451,
      "ct": 146.47586915195646,
      "st": 0.8474101940248794
    },
    "lccp2": {
      "color": 0.19056850210055437,
      "space": 0.6933285573436367,
      "normal": 0.39355466675282375,
      "ct": 66.82774061877876,
      "st": 0.8611670575682333
    },
    "global_weights": {
      "w_length": 0.8220738886411517,
      "w_cross": 0.6090003604777998,
      "w_volume": 0.66416232176388
    },
    "ideals": {
      "length": [
        0.00859042831581482,
        0.021339875618169652
      ],
      "cross": [
        0.5552657912470891,
        1.3160445928784632
      ],
      "volume": [
        1.7576989484813523e-07,
        1.2187141004126086e-06
      ],
      "k_iter": 4
    }
  }
}