{
  "color_space": {
    "rgb": {
      "r": 197,
      "g": 136,
      "b": 187
    },
    "hsv": {
      "h_lower": 47,
      "h_upper": 115,
      "s": 138,
      "v": 138
    },
    "lab": {
      "l": [
        49,
        193
      ],
      "a": 123,
      "b": 119
    }
  },
  "sor": {
    "meanK": 54,
    "StddevMultThresh": 2.2213651415869715
  },
  "counting": {
    "general": {
      "voxel_res": 0.006538816383976281,
      "seed_res": 0.0249199006248424
    },
    "lccp1": {
      "color": 0.13976261873051787,
      "space": 0.4425831320161998,
      "normal": 0.5733010597497322,
      "ct": 61.98407135551038,
      "st": 0.40941450465953666
    },
    "lccp2": {
      "color": 0.27721741084869916,
      "space": 0.4326100112277591,
      "normal": 0.5296568351680465,
      "ct": 59.14489093949787,
      "st": 0.45806737398455033
    },
    "global_weights": {
      "w_length": 0.5554435450646497,
      "w_cross": 0.7098851970370847,
      "w_volume": 0.4905622194477855
    },
    "ideals": {
      "length": [
        0.023957715179698524,
        0.042406439481396455
      ],
      "cross": [
        0.5811735459874532,
        1.4824583416243893
      ],
      "volume": [
        1.2112083199592581e-07,
        1.0029748310089144e-06
      ],
      "k_iter": 3
    }
  }
}