{
  "color_space": {
    "rgb": {
      "r": 117,
      "g": 86,
      "b": 89
    },
    "hsv": {
      "h_lower": 11,
      "h_upper": 179,
      "s": 97,
      "v": 105
    },
    "lab": {
      "l": [
        55,
        204
      ],
      "a": 123,
      "b": 106
    }
  },
  "sor": {
    "meanK": 48,
    "StddevMultThresh": 2.9730586505811427
  },
  "counting": {
    "general": {
      "voxel_res": 0.005129487883678413,
      "seed_res": 0.021127369715993757
    },
    "lccp1": {
      "color": 0.2315346639603928,
      "space": 0.7732350288361232,
      "normal": 0.2639976893690124,
      "ct": 27.51338642994682,
      "st": 0.7073543511903914
    },
    "lccp2": {
      "color": 0.21829614458324986,
      "space": 0.5172585693678389,
      "normal": 0.3991325150541607,
      "ct": 137.46961369371292,
      "st": 0.9378393936859294
    },
    "global_weights": {
      "w_length": 0.4569371801667932,
      "w_cross": 0.9192930734382184,
      "w_volume": 0.9764628776231344
    },
    "ideals": {
      "length": [
        0.008313158171486267,
        0.024127712847256955
      ],
      "cross": [
        0.5275234272971995,
        1.510394717201219
      ],
      "volume": [
        8.679043155330521e-08,
        7.823855666329956e-07
      ],
      "k_iter": 2
    }
  }
}