{
  "color_space": {
    "rgb": {
      "r": 124,
      "g": 91,
      "b": 156
    },
    "hsv": {
      "h_lower": 1,
      "h_upper": 165,
      "s": 88,
      "v": 98
    },
    "lab": {
      "l": [
        46,
        202
      ],
      "a": 112,
      "b": 100
    }
  },
  "sor": {
    "meanK": 40,
    "StddevMultThresh": 2.53201923589189
  },
  "counting": {
    "general": {
      "voxel_res": 0.005068655069725656,
      "seed_res": 0.026434768646660667
    },
    "lccp1": {
      "color": 0.16191041567668818,
      "space": 0.3309270274368815,
      "normal": 0.35227659483767554,
      "ct": 28.447966538584524,
      "st": 0.33976896489636477
    },
    "lccp2": {
      "color": 0.26551532584045384,
      "space": 0.4148515640421305,
      "normal": 0.4578585785809834,
      "ct": 168.09983640288922,
      "st": 0.9926821396760316
    },
    "global_weights": {
      "w_length": 0.3801362498970462,
      "w_cross": 0.6703100356410314,
      "w_volume": 0.3362912778695591
    },
    "ideals": {
      "length": [
        0.008051698419480075,
        0.020221084362529826
      ],
      "cross": [
        0.4368874047919897,
        1.4652069498620985
      ],
      "volume": [
        9.748876029919648e-08,
        1.2975005265275625e-06
      ],
      "k_iter": 4
    }
  }
}