{
  "color_space": {
    "rgb": {
      "r": 99,
      "g": 139,
      "b": 78
    },
    "hsv": {
      "h_lower": 13,
      "h_upper": 176,
      "s": 85,
      "v": 90
    },
    "lab": {
      "l": [
        48,
        207
      ],
      "a": 135,
      "b": 114
    }
  },
  "sor": {
    "meanK": 50,
    "StddevMultThresh": 1.5470987551832123
  },
  "counting": {
    "general": {
      "voxel_res": 0.007727926776110115,
      "seed_res": 0.031227847620132837
    },
    "lccp1": {
      "color": 0.3084026994721599,
      "space": 0.430434191983301,
      "normal": 0.271047227594568,
      "ct": 27.301815761850907,
      "st": 0.5302312863648428
    },
    "lccp2": {
      "color": 0.26110074010540857,
      "space": 0.6954586209518747,
      "normal": 0.5917833402450761,
      "ct": 30.558727791259166,
      "st": 0.10465440807673199
    },
    "global_weights": {
      "w_length": 0.7828892233367633,
      "w_cross": 0.7590566502979138,
      "w_volume": 0.6396385505610861
    },
    "ideals": {
      "length": [
        0.006052756031104546,
        0.02267185007173637
      ],
      "cross": [
        0.5448125192287869,
        1.5358846051737334
      ],
      "volume": [
        8.599792408298886e-08,
        1.4119892354700243e-06
      ],
      "k_iter": 4
    }
  }
}