{
  "color_space": {
    "rgb": {
      "r": 190,
      "g": 154,
      "b": 136
    },
    "hsv": {
      "h_lower": 45,
      "h_upper": 103,
      "s": 93,
      "v": 109
    },
    "lab": {
      "l": [
        37,
        255
      ],
      "a": 53,
      "b": 140
    }
  },
  "sor": {
    "meanK": 96,
    "StddevMultThresh": 1.9199415164599019
  },
  "counting": {
    "general": {
      "voxel_res": 0.005995274472400955,
      "seed_res": 0.024271969787600545
    },
    "lccp1": {
      "color": 0.02249074101401898,
      "space": 0.4051180305670581,
      "normal": 0.49364739123450707,
      "ct": 89.58274277723412,
      "st": 0.46905643401323316
    },
    "lccp2": {
      "color": 0.09790810601418581,
      "space": 0.7265051139658971,
      "normal": 0.624600726947069,
      "ct": 140.4831067622918,
      "st": 0.1632775742018604
    },
    "global_weights": {
      "w_length": 0.11452921477548855,
      "w_cross": 0.5502455375394109,
      "w_volume": 0.4712638301274671
    },
    "ideals": {
      "length": [
        0.00879281008834061,
        0.022854080027986
      ],
      "cross": [
        0.4806726637373211,
        1.2305246334038846
      ],
      "volume": [
        2.1322876004561515e-07,
        1.24640548683221e-06
      ],
      "k_iter": 2
    }
  }
}