{
  "color_space": {
    "rgb": {
      "r": 141,
      "g": 136,
      "b": 74
    },
    "hsv": {
      "h_lower": 57,
      "h_upper": 104,
      "s": 89,
      "v": 52
    },
    "lab": {
      "l": [
        56,
        208
      ],
      "a": 168,
      "b": 168
    }
  },
  "sor": {
    "meanK": 32,
    "StddevMultThresh": 2.661657993889148
  },
  "counting": {
    "general": {
      "voxel_res": 0.006569312738401993,
      "seed_res": 0.035459238983409976
    },
    "lccp1": {
      "color": 0.24190173035889917,
      "space": 0.20369442598966392,
      "normal": 0.6343223592944449,
      "ct": 119.45804697077259,
      "st": 0.5015401443564849
    },
    "lccp2": {
      "color": 0.03937004070003396,
      "space": 0.7677255027186727,
      "normal": 0.5717423016810157,
      "ct": 71.15600603284676,
      "st": 0.7991959188870056
    },
    "global_weights": {
      "w_length": 0.1718544638479093,
      "w_cross": 0.5323185108139936,
      "w_volume": 0.5801201389139733
    },
    "ideals": {
      "length": [
        0.00964784116210658,
        0.021417692388572274
      ],
      "cross": [
        0.5709865578711404,
        1.2829243797567533
      ],
      "volume": [
        1.249505559561322e-07,
        1.1557940388463746e-06
      ],
      "k_iter": 4
    }
  }
}