{
  "color_space": {
    "rgb": {
      "r": 136,
      "g": 80,
      "b": 58
    },
    "hsv": {
      "h_lower": 79,
      "h_upper": 146,
      "s": 81,
      "v": 60
    },
    "lab": {
      "l": [
        29,
        164
      ],
      "a": 69,
      "b": 109
    }
  },
  "sor": {
    "meanK": 94,
    "StddevMultThresh": 1.9690803015335476
  },
  "counting": {
    "general": {
      "voxel_res": 0.006578628769649863,
      "seed_res": 0.024049569255069025
    },
    "lccp1": {
      "color": 0.3997971769563906,
      "space": 0.40932441254410556,
      "normal": 0.40929486956313615,
      "ct": 99.59929820313073,
      "st": 0.16908832061563694
    },
    "lccp2": {
      "color": 0.060065764715015346,
      "space": 0.4498114055587482,
      "normal": 0.7230321517171303,
      "ct": 60.48210190186188,
      "st": 0.5860943604258081
    },
    "global_weights": {
      "w_length": 0.8434165669190947,
      "w_cross": 0.7465252387549031,
      "w_volume": 0.5721269454581291
    },
    "ideals": {
      "length": [
        0.009888916951014435,
        0.020974233302188096
      ],
      "cross": [
        0.46953319590286635,
        1.2961482699697418
      ],
      "volume": [
        2.403265961651743e-07,
        1.5043864495639111e-06
      ],
      "k_iter": 1
    }
  }
}