{
  "color_space": {
    "rgb": {
      "r": 73,
      "g": 53,
      "b": 145
    },
    "hsv": {
      "h_lower": 1,
      "h_upper": 168,
      "s": 82,
      "v": 94
    },
    "lab": {
      "l": [
        45,
        193
      ],
      "a": 142,
      "b": 106
    }
  },
  "sor": {
    "meanK": 39,
    "StddevMultThresh": 2.5826648092189757
  },
  "counting": {
    "general": {
      "voxel_res": 0.007402609405938417,
      "seed_res": 0.036117570709338326
    },
    "lccp1": {
      "color": 0.19164882118715976,
      "space": 0.633526556953754,
      "normal": 0.403092716282726,
      "ct": 100.21280845999719,
      "st": 0.31979659988076214
    },
    "lccp2": {
      "color": 0.04352372391548953,
      "space": 0.7222026449836463,
      "normal": 0.35687437688351564,
      "ct": 68.82224446674735,
      "st": 0.1151464801601293
    },
    "global_weights": {
      "w_length": 0.6080788921100564,
      "w_cross": 0.9092040598756944,
      "w_volume": 0.5032021505838098
    },
    "ideals": {
      "length": [
        0.006918622463271732,
        0.023154649909167664
      ],
      "cross": [
        0.6926601269919119,
        1.284332780641861
      ],
      "volume": [
        1.683608010952724e-07,
        8.184217175199048e-07
      ],
      "k_iter": 4
    }
  }
}