{
  "color_space": {
    "rgb": {
      "r": 137,
      "g": 53,
      "b": 165
    },
    "hsv": {
      "h_lower": 33,
      "h_upper": 163,
      "s": 68,
      "v": 55
    },
    "lab": {
      "l": [
        28,
        176
      ],
      "a": 36,
      "b": 92
    }
  },
  "sor": {
    "meanK": 77,
    "StddevMultThresh": 1.1430088556850635
  },
  "counting": {
    "general": {
      "voxel_res": 0.005354776549508448,
      "seed_res": 0.019434688282661202
    },
    "lccp1": {
      "color": 0.3286039866994443,
      "space": 0.7917197044688833,
      "normal": 0.7688033168115,
      "ct": 119.90877914088966,
      "st": 0.329396940059965
    },
    "lccp2": {
      "color": 0.01667081549690219,
      "space": 0.39419386094217035,
      "normal": 0.5962931955600332,
      "ct": 113.56407380327177,
      "st": 0.3100918841910463
    },
    "global_weights": {
      "w_length": 0.9491540607174485,
      "w_cross": 0.3096795614397777,
      "w_volume": 0.8942970003774
    },
    "ideals": {
      "length": [
        0.008871660746976782,
        0.021512632179424482
      ],
      "cross": [
        0.7791098695106151,
        1.321959684812811
      ],
      "volume": [
        5.3976330545485697e-08,
        9.38952408331967e-07
      ],
      "k_iter": 4
    }
  }
}