{
  "color_space": {
    "rgb": {
      "r": 80,
      "g": 149,
      "b": 63
    },
    "hsv": {
      "h_lower": 45,
      "h_upper": 126,
      "s": 73,
      "v": 70
    },
    "lab": {
      "l": [
        61,
        249
      ],
      "a": 44,
      "b": 112
    }
  },
  "sor": {
    "meanK": 74,
    "StddevMultThresh": 1.086938264619936
  },
  "counting": {
    "general": {
      "voxel_res": 0.005559091365551997,
      "seed_res": 0.02818798239110036
    },
    "lccp1": {
      "color": 0.05642629292786756,
      "space": 0.5032244233072604,
      "normal": 0.3830620382583102,
      "ct": 40.781450472202906,
      "st": 0.5343877818059861
    },
    "lccp2": {
      "color": 0.3939547445443031,
      "space": 0.25458672774896485,
      "normal": 0.5270747185224011,
      "ct": 22.12117375986635,
      "st": 0.9367924920083954
    },
    "global_weights": {
      "w_length": 0.5347676356236551,
      "w_cross": 0.13329765078145744,
      "w_volume": 0.3196225014678372
    },
    "ideals": {
      "length": [
        0.007033683762947742,
        0.021082509564689253
      ],
      "cross": [
        0.770013453991033,
        1.5040184890657966
      ],
      "volume": [
        2.3186674906709211e-07,
        1.5829524822234663e-06
      ],
      "k_iter": 2
    }
  }
}