{
  "color_space": {
    "rgb": {
      "r": 139,
      "g": 182,
      "b": 94
    },
    "hsv": {
      "h_lower": 14,
      "h_upper": 106,
      "s": 139,
      "v": 70
    },
    "lab": {
      "l": [
        17,
        174
      ],
      "a": 48,
      "b": 161
    }
  },
  "sor": {
    "meanK": 97,
    "StddevMultThresh": 2.8989599373654045
  },
  "counting": {
    "general": {
      "voxel_res": 0.007597315896634795,
      "seed_res": 0.03265959885320592
    },
    "lccp1": {
      "color": 0.08395407542221167,
      "space": 0.595243162572306,
      "normal": 0.6124244947557536,
      "ct": 82.6975124677031,
      "st": 0.16711515857086645
    },
    "lccp2": {
      "color": 0.21743365689663663,
      "space": 0.517607910197597,
      "normal": 0.6441172920873435,
      "ct": 77.37841827891977,
      "st": 0.7679255298234517
    },
    "global_weights": {
      "w_length": 0.8173446972862004,
      "w_cross": 0.36286296973106635,
      "w_volume": 0.11823076823749734
    },
    "ideals": {
      "length": [
        0.00537742972533322,
        0.021211793526302966
      ],
      "cross": [
        0.7902718675657517,
        1.329622897536385
      ],
      "volume": [
        6.906050336771504e-08,
        1.2318755777139821e-06
      ],
      "k_iter": 4
    }
  }
}