{
  "color_space": {
    "rgb": {
      "r": 142,
      "g": 138,
      "b": 135
    },
    "hsv": {
      "h_lower": 63,
      "h_upper": 109,
      "s": 59,
      "v": 59
    },
    "lab": {
      "l": [
        50,
        191
      ],
      "a": 132,
      "b": 102
    }
  },
  "sor": {
    "meanK": 57,
    "StddevMultThresh": 2.165543223247964
  },
  "counting": {
    "general": {
      "voxel_res": 0.0064768376088885655,
      "seed_res": 0.021512260823545612
    },
    "lccp1": {
      "color": 0.12430007982212883,
      "space": 0.40574862904774056,
      "normal": 0.5952672726886394,
      "ct": 73.92295401287791,
      "st": 0.580648215833808
    },
    "lccp2": {
      "color": 0.2187322805874535,
      "space": 0.5141750527818603,
      "normal": 0.5961091041518274,
      "ct": 50.69641651333976,
      "st": 0.4980716596054124
    },
    "global_weights": {
      "w_length": 0.581349132814112,
      "w_cross": 0.7195041397222187,
      "w_volume": 0.470471286190176
    },
    "ideals": {
      "length": [
        0.0212768513191181,
        0.06268583319341783
      ],
      "cross": [
        0.6316327675307416,
        1.462824242220244
      ],
      "volume": [
        1.3895743166405887e-07,
        1.128692925783573e-06
      ],
      "k_iter": 2
    }
  }
}