{
  "color_space": {
    "rgb": {
      "r": 89,
      "g": 157,
      "b": 139
    },
    "hsv": {
      "h_lower": 32,
      "h_upper": 160,
      "s": 114,
      "v": 66
    },
    "lab": {
      "l": [
        54,
        207
      ],
      "a": 135,
      "b": 101
    }
  },
  "sor": {
    "meanK": 54,
    "StddevMultThresh": 2.100081679029202
  },
  "counting": {
    "general": {
      "voxel_res": 0.006336151938512819,
      "seed_res": 0.025189072757556316
    },
    "lccp1": {
      "color": 0.1210408741113931,
      "space": 0.48770458040767867,
      "normal": 0.573136552440963,
      "ct": 73.869652852854,
      "st": 0.5249249356270378
    },
    "lccp2": {
      "color": 0.24334686165990074,
      "space": 0.510884164392912,
      "normal": 0.60396918934259,
      "ct": 60.64438267864677,
      "st": 0.49333650964561254
    },
    "global_weights": {
      "w_length": 0.5329542244333451,
      "w_cross": 0.5881970572046075,
      "w_volume": 0.5632991531706477
    },
    "ideals": {
      "length": [
        0.022103790882286194,
        0.02446482580610257
      ],
      "cross": [
        0.5883282972436489,
        1.4275213758586776
      ],
      "volume": [
        1.3844117756725568e-07,
        1.0922729550727715e-06
      ],
      "k_iter": 3
    }
  }
}