{
  "color_space": {
    "rgb": {
      "r": 180,
      "g": 168,
      "b": 86
    },
    "hsv": {
      "h_lower": 47,
      "h_upper": 151,
      "s": 86,
      "v": 53
    },
    "lab": {
      "l": [
        32,
        177
      ],
      "a": 124,
      "b": 146
    }
  },
  "sor": {
    "meanK": 92,
    "StddevMultThresh": 1.3100531636862067
  },
  "counting": {
    "general": {
      "voxel_res": 0.006408712275551958,
      "seed_res": 0.034299055966472376
    },
    "lccp1": {
      "color": 0.17519143916687901,
      "space": 0.7206650945701136,
      "normal": 0.796923898984234,
      "ct": 148.22164103742298,
      "st": 0.7853780225878167
    },
    "lccp2": {
      "color": 0.22152516390379573,
      "space": 0.3456983999170232,
      "normal": 0.3513609587819879,
      "ct": 16.344557519994858,
      "st": 0.2037747603120812
    },
    "global_weights": {
      "w_length": 0.5091727168079057,
      "w_cross": 0.19284292675518672,
      "w_volume": 0.8534988178840238
    },
    "ideals": {
      "length": [
        0.005974249780266396,
        0.02049705573512492
      ],
      "cross": [
        0.5290195957559988,
        1.3053249674430447
      ],
      "volume": [
        1.0026559517621914e-07,
        7.623851802031067e-07
      ],
      "k_iter": 1
    }
  }
}