{
  "color_space": {
    "rgb": {
      "r": 116,
      "g": 125,
      "b": 193
    },
    "hsv": {
      "h_lower": 33,
      "h_upper": 147,
      "s": 105,
      "v": 56
    },
    "lab": {
      "l": [
        44,
        206
      ],
      "a": 130,
      "b": 103
    }
  },
  "sor": {
    "meanK": 53,
    "StddevMultThresh": 2.1743753350803043
  },
  "counting": {
    "general": {
      "voxel_res": 0.006968834801043669,
      "seed_res": 0.02813565947760041
    },
    "lccp1": {
      "color": 0.13038287503651924,
      "space": 0.40374481973893506,
      "normal": 0.5832743153285299,
      "ct": 68.43560493472297,
      "st": 0.5278741295751954
    },
    "lccp2": {
      "color": 0.24268838181945135,
      "space": 0.5477053357071554,
      "normal": 0.5457714577593598,
      "ct": 52.571978869556204,
      "st": 0.41586703483815846
    },
    "global_weights": {
      "w_length": 0.5419855005113036,
      "w_cross": 0.5989880174592124,
      "w_volume": 0.5307944361632142
    },
    "ideals": {
      "length": [
        0.024342790651580265,
        0.06838327500446172
      ],
      "cross": [
        0.6064391853868648,
        1.36908971449466
      ],
      "volume": [
        1.4791680739970154e-07,
        1.1218985575516151e-06
      ],
      "k_iter": 2
    }
  }
}