{
  "color_space": {
    "rgb": {
      "r": 61,
      "g": 161,
      "b": 51
    },
    "hsv": {
      "h_lower": 6,
      "h_upper": 133,
      "s": 129,
      "v": 93
    },
    "lab": {
      "l": [
        82,
        213
      ],
      "a": 143,
      "b": 166
    }
  },
  "sor": {
    "meanK": 86,
    "StddevMultThresh": 2.928000063493833
  },
  "counting": {
    "general": {
      "voxel_res": 0.00716575867504575,
      "seed_res": 0.0340515741461742
    },
    "lccp1": {
      "color": 0.12425036701211237,
      "space": 0.3250017594918575,
      "normal": 0.23651866619843273,
      "ct": 50.17924350967411,
      "st": 0.7248301876863703
    },
    "lccp2": {
      "color": 0.3248642502624145,
      "space": 0.3478014825898069,
      "normal": 0.21927026978563086,
      "ct": 154.9525924857738,
      "st": 0.07310674522197358
    },
    "global_weights": {
      "w_length": 0.3728985377396381,
      "w_cross": 0.5321409762701239,
      "w_volume": 0.5641135799558779
    },
    "ideals": {
      "length": [
        0.007347092375779043,
        0.022859987139431118
      ],
      "cross": [
        0.6360144869165333,
        1.414018881467716
      ],
      "volume": [
        1.150448609349402e-07,
        1.4634264277804376e-06
      ],
      "k_iter": 4
    }
  }
}