{
  "color_space": {
    "rgb": {
      "r": 101,
      "g": 160,
      "b": 181
    },
    "hsv": {
      "h_lower": 47,
      "h_upper": 104,
      "s": 82,
      "v": 129
    },
    "lab": {
      "l": [
        42,
        204
      ],
      "a": 124,
      "b": 108
    }
  },
  "sor": {
    "meanK": 58,
    "StddevMultThresh": 2.28790152856167
  },
  "counting": {
    "general": {
      "voxel_res": 0.006847694582045863,
      "seed_res": 0.02514143374944987
    },
    "lccp1": {
      "color": 0.14885044865652108,
      "space": 0.40570519461377474,
      "normal": 0.5250828828122278,
      "ct": 71.66845925687385,
      "st": 0.5756040963156025
    },
    "lccp2": {
      "color": 0.23882887123254992,
      "space": 0.48826269924030274,
      "normal": 0.5966143904024639,
      "ct": 52.628186558115694,
      "st": 0.4750205876512158
    },
    "global_weights": {
      "w_length": 0.5531880092846863,
      "w_cross": 0.6116240078808844,
      "w_volume": 0.5709639690989556
    },
    "ideals": {
      "length": [
        0.021572654600151862,
        0.034748881034103694
      ],
      "cross": [
        0.5997996269121034,
        1.3983371149603796
      ],
      "volume": [
        1.3638972558199806e-07,
        1.0835153362692256e-06
      ],
      "k_iter": 3
    }
  }
}