{
  "color_space": {
    "rgb": {
      "r": 58,
      "g": 162,
      "b": 143
    },
    "hsv": {
      "h_lower": 21,
      "h_upper": 169,
      "s": 110,
      "v": 88
    },
    "lab": {
      "l": [
        30,
        216
      ],
      "a": 13,
      "b": 129
    }
  },
  "sor": {
    "meanK": 81,
    "StddevMultThresh": 1.3303355915162218
  },
  "counting": {
    "general": {
      "voxel_res": 0.0075926168934826194,
      "seed_res": 0.029969119359248855
    },
    "lccp1": {
      "color": 0.2523451548163816,
      "space": 0.3490797329108445,
      "normal": 0.36095540684898186,
      "ct": 138.80721131093628,
      "st": 0.6228747468865268
    },
    "lccp2": {
      "color": 0.1709411102283399,
      "space": 0.6446778306962306,
      "normal": 0.3228652753685627,
      "ct": 98.7123599785822,
      "st": 0.14109596909050526
    },
    "global_weights": {
      "w_length": 0.5418825899416981,
      "w_cross": 0.47498279412500943,
      "w_volume": 0.7791247134363213
    },
    "ideals": {
      "length": [
        0.006351519932573919,
        0.02452670993523989
      ],
      "cross": [
        0.6796202753751566,
        1.566730875961572
      ],
      "volume": [
        1.3296594560454582e-07,
        1.0414245062679731e-06
      ],
      "k_iter": 2
    }
  }
}