{
  "color_space": {
    "rgb": {
      "r": 137,
      "g": 144,
      "b": 195
    },
    "hsv": {
      "h_lower": 9,
      "h_upper": 174,
      "s": 87,
      "v": 109
    },
    "lab": {
      "l": [
        41,
        193
      ],
      "a": 125,
      "b": 102
    }
  },
  "sor": {
    "meanK": 92,
    "StddevMultThresh": 2.8222338581543216
  },
  "counting": {
    "general": {
      "voxel_res": 0.007562128585789785,
      "seed_res": 0.01802316922074184
    },
    "lccp1": {
      "color": 0.1842028843111747,
      "space": 0.42448710029750636,
      "normal": 0.40567429315445047,
      "ct": 15.471664702837149,
      "st": 0.5137103131720213
    },
    "lccp2": {
      "color": 0.18833987671045327,
      "space": 0.44297189306386714,
      "normal": 0.20862107822070505,
      "ct": 61.93225314381486,
      "st": 0.10912456409197191
    },
    "global_weights": {
      "w_length": 0.6078578119414613,
      "w_cross": 0.5454258077148962,
      "w_volume": 0.6666219763116362
    },
    "ideals": {
      "length": [
        0.00780155432949743,
        0.021707412881410655
      ],
      "cross": [
        0.7279590353158611,
        1.5446001337134276
      ],
      "volume": [
        7.491314783930185e-08,
        1.2746112403754132e-06
      ],
      "k_iter": 1
    }
  }
}