{
  "color_space": {
    "rgb": {
      "r": 147,
      "g": 158,
      "b": 192
    },
    "hsv": {
      "h_lower": 16,
      "h_upper": 170,
      "s": 97,
      "v": 106
    },
    "lab": {
      "l": [
        44,
        198
      ],
      "a": 118,
      "b": 106
    }
  },
  "sor": {
    "meanK": 72,
    "StddevMultThresh": 2.6544134582714127
  },
  "counting": {
    "general": {
      "voxel_res": 0.007269162051512788,
      "seed_res": 0.02333623890696926
    },
    "lccp1": {
      "color": 0.09626729387859637,
      "space": 0.6299127627883843,
      "normal": 0.5186185363678321,
      "ct": 135.59736858839275,
      "st": 0.5670180311809011
    },
    "lccp2": {
      "color": 0.02665490990040529,
      "space": 0.7162700771604682,
      "normal": 0.7976493201025736,
      "ct": 22.795354676843456,
      "st": 0.1409419207165935
    },
    "global_weights": {
      "w_length": 0.8965236135153012,
      "w_cross": 0.3996581928952928,
      "w_volume": 0.7020565736129049
    },
    "ideals": {
      "length": [
        0.007683272493913674,
        0.02476417181889823
      ],
      "cross": [
        0.4228976445376791,
        1.352881186959515
      ],
      "volume": [
        5.982998169171258e-08,
        1.1674941493618367e-06
      ],
      "k_iter": 3
    }
  }
}