{
  "color_space": {
    "rgb": {
      "r": 72,
      "g": 85,
      "b": 192
    },
    "hsv": {
      "h_lower": 6,
      "h_upper": 163,
      "s": 91,
      "v": 149
    },
    "lab": {
      "l": [
        19,
        246
      ],
      "a": 67,
      "b": 51
    }
  },
  "sor": {
    "meanK": 61,
    "StddevMultThresh": 1.343861967764835
  },
  "counting": {
    "general": {
      "voxel_res": 0.006851418420343087,
      "seed_res": 0.039212335519218995
    },
    "lccp1": {
      "color": 0.01854579527126945,
      "space": 0.5681484612107119,
      "normal": 0.49793955916970567,
      "ct": 127.13428716851416,
      "st": 0.4769512370393174
    },
    "lccp2": {
      "color": 0.053530446287696126,
      "space": 0.35925734933880354,
      "normal": 0.7028928193179471,
      "ct": 52.248627136324295,
      "st": 0.2655257167749008
    },
    "global_weights": {
      "w_length": 0.6215228466178648,
      "w_cross": 0.15001065961210164,
      "w_volume": 0.989139248478523
    },
    "ideals": {
      "length": [
        0.007995544679247889,
        0.02470576030507711
      ],
      "cross": [
        0.7405520531490513,
        1.30806812457895
      ],
      "volume": [
        8.09931525175332e-08,
        1.0767585033886635e-06
      ],
      "k_iter": 1
    }
  }
}