{
  "color_space": {
    "rgb": {
      "r": 104,
      "g": 145,
      "b": 122
    },
    "hsv": {
      "h_lower": 4,
      "h_upper": 177,
      "s": 81,
      "v": 108
    },
    "lab": {
      "l": [
        54,
        204
      ],
      "a": 109,
      "b": 115
    }
  },
  "sor": {
    "meanK": 52,
    "StddevMultThresh": 2.4126178971283974
  },
  "counting": {
    "general": {
      "voxel_res": 0.00664314902609068,
      "seed_res": 0.010538831455769025
    },
    "lccp1": {
      "color": 0.37033033038235885,
      "space": 0.2985838237379541,
      "normal": 0.266106779472934,
      "ct": 22.939237023559738,
      "st": 0.357069310944225
    },
    "lccp2": {
      "color": 0.19479919678980517,
      "space": 0.4827095906207815,
      "normal": 0.6949930302897368,
      "ct": 33.42719758745142,
      "st": 0.5543643814967103
    },
    "global_weights": {
      "w_length": 0.7182094277420159,
      "w_cross": 0.6102147642699588,
      "w_volume": 0.28553699133628097
    },
    "ideals": {
      "length": [
        0.008975139090127883,
        0.02016703157900966
      ],
      "cross": [
        0.690994086636735,
        1.4430172708000655
      ],
      "volume": [
        1.1420118450288355e-07,
        1.0343504614973424e-06
      ],
      "k_iter": 3
    }
  }
}