{
  "color_space": {
    "rgb": {
      "r": 118,
      "g": 197,
      "b": 195
    },
    "hsv": {
      "h_lower": 76,
      "h_upper": 140,
      "s": 118,
      "v": 77
    },
    "lab": {
      "l": [
        29,
        250
      ],
      "a": 167,
      "b": 100
    }
  },
  "sor": {
    "meanK": 78,
    "StddevMultThresh": 1.7731032385047445
  },
  "counting": {
    "general": {
      "voxel_res": 0.006695454716565146,
      "seed_res": 0.019089523516133786
    },
    "lccp1": {
      "color": 0.14063059466531067,
      "space": 0.23787642677345985,
      "normal": 0.31516974703113526,
      "ct": 142.30685091823102,
      "st": 0.037065265467540076
    },
    "lccp2": {
      "color": 0.028343965167627074,
      "space": 0.2947173547549213,
      "normal": 0.503228238855574,
      "ct": 154.0901790582019,
      "st": 0.07680559444067925
    },
    "global_weights": {
      "w_length": 0.9781482811929442,
      "w_cross": 0.29604893759104,
      "w_volume": 0.7869004157704453
    },
    "ideals": {
      "length": [
        0.008302219399152731,
        0.02156006005510248
      ],
      "cross": [
        0.6867977681227903,
        1.2482750612910094
      ],
      "volume": [
        1.168887063275419e-07,
        1.2184052780277434e-06
      ],
      "k_iter": 4
    }
  }
}