{
  "color_space": {
    "rgb": {
      "r": 158,
      "g": 169,
      "b": 102
    },
    "hsv": {
      "h_lower": 63,
      "h_upper": 126,
      "s": 58,
      "v": 110
    },
    "lab": {
      "l": [
        53,
        247
      ],
      "a": 69,
      "b": 5
    }
  },
  "sor": {
    "meanK": 85,
    "StddevMultThresh": 2.5372222635704835
  },
  "counting": {
    "general": {
      "voxel_res": 0.006836977168602235,
      "seed_res": 0.028770685312121375
    },
    "lccp1": {
      "color": 0.32671820429893983,
      "space": 0.6422800138780226,
      "normal": 0.3717397322347593,
      "ct": 158.2841379839844,
      "st": 0.9055233250873833
    },
    "lccp2": {
      "color": 0.29089125422482026,
      "space": 0.7089099106383436,
      "normal": 0.7688833448619905,
      "ct": 149.38132222946717,
      "st": 0.7969857796913095
    },
    "global_weights": {
      "w_length": 0.3753424345812122,
      "w_cross": 0.8358253748287293,
      "w_volume": 0.5023467090386367
    },
    "ideals": {
      "length": [
        0.009619584563062156,
        0.02164494898554242
      ],
      "cross": [
        0.5495606336394254,
        1.391550603687271
      ],
      "volume": [
        4.5127041960169346e-08,
        1.3221500146796852e-06
      ],
      "k_iter": 3
    }
  }
}