{
  "color_space": {
    "rgb": {
      "r": 157,
      "g": 184,
      "b": 51
    },
    "hsv": {
      "h_lower": 12,
      "h_upper": 166,
      "s": 98,
      "v": 96
    },
    "lab": {
      "l": [
        51,
        199
      ],
      "a": 114,
      "b": 107
    }
  },
  "sor": {
    "meanK": 100,
    "StddevMultThresh": 2.371665308563893
  },
  "counting": {
    "general": {
      "voxel_res": 0.005201896623846352,
      "seed_res": 0.023440011265638702
    },
    "lccp1": {
      "color": 0.11745929916400764,
      "space": 0.7962398326804796,
      "normal": 0.6845633888383829,
      "ct": 168.70154463583003,
      "st": 0.6163696135378712
    },
    "lccp2": {
      "color": 0.2864738342259815,
      "space": 0.232895646186556,
      "normal": 0.45227906888682473,
      "ct": 145.8239878080762,
      "st": 0.1064371194819006
    },
    "global_weights": {
      "w_length": 0.14419699941722855,
      "w_cross": 0.33173281381610187,
      "w_volume": 0.811464862566117
    },
    "ideals": {
      "length": [
        0.005767928324213963,
        0.02199178493868625
      ],
      "cross": [
        0.7843564873664712,
        1.4678005351252295
      ],
      "volume": [
        1.3832032950265072e-07,
        9.097075273022072e-07
      ],
      "k_iter": 3
    }
  }
}