{
  "color_space": {
    "rgb": {
      "r": 154,
      "g": 200,
      "b": 200
    },
    "hsv": {
      "h_lower": 46,
      "h_upper": 134,
      "s": 150,
      "v": 101
    },
    "lab": {
      "l": [
        84,
        189
      ],
      "a": 150,
      "b": 80
    }
  },
  "sor": {
    "meanK": 100,
    "StddevMultThresh": 2.219164459201596
  },
  "counting": {
    "general": {
      "voxel_res": 0.005038893101217009,
      "seed_res": 0.036374377367936146
    },
    "lccp1": {
      "color": 0.10205064736420205,
      "space": 0.5775363957200699,
      "normal": 0.5828445436773724,
      "ct": 88.51878780007254,
      "st": 0.7811347546039484
    },
    "lccp2": {
      "color": 0.3110300258098648,
      "space": 0.3281104082220877,
      "normal": 0.2295575596478881,
      "ct": 109.98003284272198,
      "st": 0.0018159316790349322
    },
    "global_weights": {
      "w_length": 0.26078424586334387,
      "w_cross": 0.77945046114044,
      "w_volume": 0.16845870321778855
    },
    "ideals": {
      "length": [
        0.008100000380342238,
        0.021846749305144977
      ],
      "cross": [
        0.7755198474723353,
        1.2454805840001069
      ],
      "volume": [
        4.003241843079126e-08,
        8.768931378501263e-07
      ],
      "k_iter": 3
    }
  }
}