{
  "color_space": {
    "rgb": {
      "r": 112,
      "g": 53,
      "b": 161
    },
    "hsv": {
      "h_lower": 64,
      "h_upper": 103,
      "s": 53,
      "v": 150
    },
    "lab": {
      "l": [
        100,
        245
      ],
      "a": 130,
      "b": 101
    }
  },
  "sor": {
    "meanK": 52,
    "StddevMultThresh": 1.0344499615325669
  },
  "counting": {
    "general": {
      "voxel_res": 0.0068027529134573606,
      "seed_res": 0.017714813770489248
    },
    "lccp1": {
      "color": 0.12261763713366457,
      "space": 0.7584145163393738,
      "normal": 0.28877277375825205,
      "ct": 169.63645285588316,
      "st": 0.706255311677858
    },
    "lccp2": {
      "color": 0.008970932761529094,
      "space": 0.5761322711293817,
      "normal": 0.5618243772697822,
      "ct": 52.83467611667659,
      "st": 0.5283637585783308
    },
    "global_weights": {
      "w_length": 0.1888143346096332,
      "w_cross": 0.43632480631375525,
      "w_volume": 0.3101808399068728
    },
    "ideals": {
      "length": [
        0.008694372312420234,
        0.020756168914571698
      ],
      "cross": [
        0.5819405422938301,
        1.373963881035853
      ],
      "volume": [
        1.7676637647274068e-07,
        1.5684038179019676e-06
      ],
      "k_iter": 1
    }
  }
}