{
  "color_space": {
    "rgb": {
      "r": 180,
      "g": 88,
      "b": 87
    },
    "hsv": {
      "h_lower": 17,
      "h_upper": 170,
      "s": 82,
      "v": 92
    },
    "lab": {
      "l": [
        47,
        202
      ],
      "a": 110,
      "b": 107
    }
  },
  "sor": {
    "meanK": 30,
    "StddevMultThresh": 1.856928768286319
  },
  "counting": {
    "general": {
      "voxel_res": 0.0071077667141186875,
      "seed_res": 0.011620906099926158
    },
    "lccp1": {
      "color": 0.3045499728225425,
      "space": 0.5960271198987459,
      "normal": 0.7929014545138555,
      "ct": 54.325284809276155,
      "st": 0.24124936738152092
    },
    "lccp2": {
      "color": 0.11918800219296753,
      "space": 0.5226444129621911,
      "normal": 0.3369469028608092,
      "ct": 50.619790675610616,
      "st": 0.35682912731104677
    },
    "global_weights": {
      "w_length": 0.11959796601743673,
      "w_cross": 0.7250299467744183,
      "w_volume": 0.9393759461124174
    },
    "ideals": {
      "length": [
        0.009072424933420765,
        0.020615641271242578
      ],
      "cross": [
        0.5131501268919394,
        1.286086108130181
      ],
      "volume": [
        2.4040735300669717e-07,
        1.584317630787811e-06
      ],
      "k_iter": 1
    }
  }
}