{
  "color_space": {
    "rgb": {
      "r": 99,
      "g": 150,
      "b": 54
    },
    "hsv": {
      "h_lower": 56,
      "h_upper": 106,
      "s": 92,
      "v": 54
    },
    "lab": {
      "l": [
        48,
        207
      ],
      "a": 109,
      "b": 120
    }
  },
  "sor": {
    "meanK": 58,
    "StddevMultThresh": 2.194619152194483
  },
  "counting": {
    "general": {
      "voxel_res": 0.006856307670613809,
      "seed_res": 0.027648320166080768
    },
    "lccp1": {
      "color": 0.12870235244796507,
      "space": 0.4010736127047522,
      "normal": 0.5909926167868789,
      "ct": 74.98158575525625,
      "st": 0.40876892976884827
    },
    "lccp2": {
      "color": 0.2510350079991815,
      "space": 0.5323126222928174,
      "normal": 0.5723404475620537,
      "ct": 56.52446225022815,
      "st": 0.37946667658733557
    },
    "global_weights": {
      "w_length": 0.5930060458782717,
      "w_cross": 0.64222111369502,
      "w_volume": 0.5679262478145282
    },
    "ideals": {
      "length": [
        0.02264573153361997,
        0.025723989810957047
      ],
      "cross": [
        0.6102007675251473,
        1.4367886378344394
      ],
      "volume": [
        1.1641584045837976e-07,
        1.161984951310174e-06
      ],
      "k_iter": 3
    }
  }
}