{
  "color_space": {
    "rgb": {
      "r": 84,
      "g": 155,
      "b": 175
    },
    "hsv": {
      "h_lower": 7,
      "h_upper": 130,
      "s": 112,
      "v": 106
    },
    "lab": {
      "l": [
        42,
        200
      ],
      "a": 109,
      "b": 101
    }
  },
  "sor": {
    "meanK": 59,
    "StddevMultThresh": 2.222878957309307
  },
  "counting": {
    "general": {
      "voxel_res": 0.006182296737666529,
      "seed_res": 0.025627904621335802
    },
    "lccp1": {
      "color": 0.11359096696550369,
      "space": 0.469799835181798,
      "normal": 0.5246009083705,
      "ct": 65.22407824683472,
      "st": 0.4742246952470298
    },
    "lccp2": {
      "color": 0.2199035437542198,
      "space": 0.47550649673143397,
      "normal": 0.5531406187531337,
      "ct": 61.24352239949049,
      "st": 0.4037000253529221
    },
    "global_weights": {
      "w_length": 0.544316319201654,
      "w_cross": 0.5946137135562648,
      "w_volume": 0.4878335407258824
    },
    "ideals": {
      "length": [
        0.02384744627749076,
        0.024432447973733663
      ],
      "cross": [
        0.5928291081893181,
        1.350102904042666
      ],
      "volume": [
        1.1095105268683918e-07,
        1.1224935109668843e-06
      ],
      "k_iter": 2
    }
  }
}