{
  "color_space": {
    "rgb": {
      "r": 135,
      "g": 117,
      "b": 192
    },
    "hsv": {
      "h_lower": 23,
      "h_upper": 143,
      "s": 91,
      "v": 148
    },
    "lab": {
      "l": [
        44,
        203
      ],
      "a": 129,
      "b": 110
    }
  },
  "sor": {
    "meanK": 55,
    "StddevMultThresh": 2.028859358517519
  },
  "counting": {
    "general": {
      "voxel_res": 0.006257649607904841,
      "seed_res": 0.026658570375941614
    },
    "lccp1": {
      "color": 0.16309904928727958,
      "space": 0.4818358870339239,
      "normal": 0.5490152496137873,
      "ct": 60.01547016674984,
      "st": 0.47003708035663816
    },
    "lccp2": {
      "color": 0.20438848899311068,
      "space": 0.5408333500200301,
      "normal": 0.6069175481917716,
      "ct": 53.65292402527392,
      "st": 0.35813696547723123
    },
    "global_weights": {
      "w_length": 0.5985404275089304,
      "w_cross": 0.6901084981911116,
      "w_volume": 0.5404374512268016
    },
    "ideals": {
      "length": [
        0.02107812175530433,
        0.025440909875888595
      ],
      "cross": [
        0.6426580940177967,
        1.4359720169660013
      ],
      "volume": [
        1.4646759278758702e-07,
        1.0879954423735407e-06
      ],
      "k_iter": 2
    }
  }
}