{
  "color_space": {
    "rgb": {
      "r": 77,
      "g": 52,
      "b": 121
    },
    "hsv": {
      "h_lower": 63,
      "h_upper": 138,
      "s": 94,
      "v": 102
    },
    "lab": {
      "l": [
        53,
        199
      ],
      "a": 113,
      "b": 107
    }
  },
  "sor": {
    "meanK": 57,
    "StddevMultThresh": 2.261794996111688
  },
  "counting": {
    "general": {
      "voxel_res": 0.0068334179855794154,
      "seed_res": 0.020648295666191172
    },
    "lccp1": {
      "color": 0.11544399535507903,
      "space": 0.46880086833028534,
      "normal": 0.5547482580741487,
      "ct": 63.66840563158445,
      "st": 0.4658512275169881
    },
    "lccp2": {
      "color": 0.2000205171920357,
      "space": 0.5207394108791688,
      "normal": 0.6065680184311789,
      "ct": 64.30679925365686,
      "st": 0.4818801264054257
    },
    "global_weights": {
      "w_length": 0.5494202906609253,
      "w_cross": 0.5168310825509986,
      "w_volume": 0.5030144393936173
    },
    "ideals": {
      "length": [
        0.016817562613026985,
        0.023360126763908272
      ],
      "cross": [
        0.6207107001336658,
        1.4274532669018365
      ],
      "volume": [
        1.4961954875223197e-07,
        1.0751068572393921e-06
      ],
      "k_iter": 3
    }
  }
}