{
  "color_space": {
    "rgb": {
      "r": 89,
      "g": 72,
      "b": 130
    },
    "hsv": {
      "h_lower": 10,
      "h_upper": 173,
      "s": 86,
      "v": 92
    },
    "lab": {
      "l": [
        46,
        202
      ],
      "a": 119,
      "b": 103
    }
  },
  "sor": {
    "meanK": 90,
    "StddevMultThresh": 1.7840414701338665
  },
  "counting": {
    "general": {
      "voxel_res": 0.005616341453399349,
      "seed_res": 0.011179437108283322
    },
    "lccp1": {
      "color": 0.24353896521605703,
      "space": 0.686286540674655,
      "normal": 0.47267636719402323,
      "ct": 101.22199016719136,
      "st": 0.465042102134984
    },
    "lccp2": {
      "color": 0.24859773823661976,
      "space": 0.554050043357089,
      "normal": 0.435851633596949,
      "ct": 142.4533080260034,
      "st": 0.4074330357910978
    },
    "global_weights": {
      "w_length": 0.23739302018607333,
      "w_cross": 0.8260354888859477,
      "w_volume": 0.25112041319245426
    },
    "ideals": {
      "length": [
        0.0054721507701597435,
        0.022939603115437454
      ],
      "cross": [
        0.7718510975578091,
        1.4903872112146879
      ],
      "volume": [
        4.7012168005846504e-08,
        1.089670314633233e-06
      ],
      "k_iter": 3
    }
  }
}