{
  "color_space": {
    "rgb": {
      "r": 114,
      "g": 93,
      "b": 143
    },
    "hsv": {
      "h_lower": 55,
      "h_upper": 118,
      "s": 80,
      "v": 59
    },
    "lab": {
      "l": [
        43,
        190
      ],
      "a": 123,
      "b": 120
    }
  },
  "sor": {
    "meanK": 50,
    "StddevMultThresh": 2.062811310004721
  },
  "counting": {
    "general": {
      "voxel_res": 0.006401484627415428,
      "seed_res": 0.028600863172520925
    },
    "lccp1": {
      "color": 0.14628983988268648,
      "space": 0.46852109680656323,
      "normal": 0.5824358424329614,
      "ct": 69.65692596440554,
      "st": 0.4466326162903885
    },
    "lccp2": {
      "color": 0.24433369004353503,
      "space": 0.4649385132661824,
      "normal": 0.6385917354654069,
      "ct": 64.46896433851678,
      "st": 0.4267177660924628
    },
    "global_weights": {
      "w_length": 0.4648263859730818,
      "w_cross": 0.5203360472564968,
      "w_volume": 0.45268795302528436
    },
    "ideals": {
      "length": [
        0.023174745361420727,
        0.07978448538433601
      ],
      "cross": [
        0.6047553417186726,
        1.4448615906547098
      ],
      "volume": [
        1.3413265772771343e-07,
        1.0672376006362282e-06
      ],
      "k_iter": 3
    }
  }
}