{
  "color_space": {
    "rgb": {
      "r": 165,
      "g": 54,
      "b": 175
    },
    "hsv": {
      "h_lower": 26,
      "h_upper": 166,
      "s": 128,
      "v": 55
    },
    "lab": {
      "l": [
        65,
        163
      ],
      "a": 31,
      "b": 137
    }
  },
  "sor": {
    "meanK": 86,
    "StddevMultThresh": 1.9836956126282803
  },
  "counting": {
    "general": {
      "voxel_res": 0.007424594091633567,
      "seed_res": 0.0218045169111788
    },
    "lccp1": {
      "color": 0.13425520956538795,
      "space": 0.37392038317981535,
      "normal": 0.5284243752563862,
      "ct": 145.9222109586279,
      "st": 0.6775986198846705
    },
    "lccp2": {
      "color": 0.16399661820969744,
      "space": 0.24564541370410273,
      "normal": 0.7680441474194768,
      "ct": 26.481944848895846,
      "st": 0.13255780473731626
    },
    "global_weights": {
      "w_length": 0.726929943979428,
      "w_cross": 0.7716744355039069,
      "w_volume": 0.9747347256240566
    },
    "ideals": {
      "length": [
        0.008384418700870193,
        0.023705166247147726
      ],
      "cross": [
        0.541289865172836,
        1.22594015605405
      ],
      "volume": [
        3.548127152128511e-08,
        9.115597834236793e-07
      ],
      "k_iter": 2
    }
  }
}