{
  "color_space": {
    "rgb": {
      "r": 50,
      "g": 70,
      "b": 90
    },
    "hsv": {
      "h_lower": 42,
      "h_upper": 100,
      "s": 146,
      "v": 67
    },
    "lab": {
      "l": [
        54,
        208
      ],
      "a": 103,
      "b": 102
    }
  },
  "sor": {
    "meanK": 59,
    "StddevMultThresh": 1.9139068624774425
  },
  "counting": {
    "general": {
      "voxel_res": 0.0069624433018132224,
      "seed_res": 0.024560576890540607
    },
    "lccp1": {
      "color": 0.1501919410161189,
      "space": 0.47536516358813097,
      "normal": 0.5629258805749938,
      "ct": 64.40935112121987,
      "st": 0.40551578699666035
    },
    "lccp2": {
      "color": 0.2891155871768321,
      "space": 0.524476599164227,
      "normal": 0.566504371696358,
      "ct": 64.71876224772414,
      "st": 0.47550761821940746
    },
    "global_weights": {
      "w_length": 0.5486433563587824,
      "w_cross": 0.5517033954127162,
      "w_volume": 0.561387564741703
    },
    "ideals": {
      "length": [
        0.013287774284595837,
        0.02226967320209211
      ],
      "cross": [
        0.5830802478918364,
        1.3377755425992175
      ],
      "volume": [
        1.0992642144275256e-07,
        1.0459939442132089e-06
      ],
      "k_iter": 2
    }
  }
}