{
  "color_space": {
    "rgb": {
      "r": 194,
      "g": 164,
      "b": 103
    },
    "hsv": {
      "h_lower": 57,
      "h_upper": 113,
      "s": 57,
      "v": 136
    },
    "lab": {
      "l": [
        55,
        205
      ],
      "a": 139,
      "b": 111
    }
  },
  "sor": {
    "meanK": 58,
    "StddevMultThresh": 2.1309068542430936
  },
  "counting": {
    "general": {
      "voxel_res": 0.00689950866019708,
      "seed_res": 0.0262631541339646
    },
    "lccp1": {
      "color": 0.10163190947130014,
      "space": 0.4195695021684155,
      "normal": 0.5719157889868286,
      "ct": 65.85751236112887,
      "st": 0.4166764583682242
    },
    "lccp2": {
      "color": 0.20552437593642428,
      "space": 0.47874037495333377,
      "normal": 0.5740298688199295,
      "ct": 56.1245635817016,
      "st": 0.42784263519653787
    },
    "global_weights": {
      "w_length": 0.5232109601481221,
      "w_cross": 0.557274585709867,
      "w_volume": 0.5656073917353264
    },
    "ideals": {
      "length": [
        0.02421681531741932,
        0.028168135518555654
      ],
      "cross": [
        0.5773318817308769,
        1.3342711679416595
      ],
      "volume": [
        1.3588611030435213e-07,
        1.1772443808949904e-06
      ],
      "k_iter": 3
    }
  }
}