{
  "color_space": {
    "rgb": {
      "r": 196,
      "g": 108,
      "b": 104
    },
    "hsv": {
      "h_lower": 6,
      "h_upper": 135,
      "s": 148,
      "v": 133
    },
    "lab": {
      "l": [
        16,
        252
      ],
      "a": 66,
      "b": 165
    }
  },
  "sor": {
    "meanK": 58,
    "StddevMultThresh": 2.894439305424321
  },
  "counting": {
    "general": {
      "voxel_res": 0.005450867558843031,
      "seed_res": 0.025819144325589162
    },
    "lccp1": {
      "color": 0.3252127140218774,
      "space": 0.6131410233718899,
      "normal": 0.5459045308779226,
      "ct": 89.64887696130711,
      "st": 0.42892432691003535
    },
    "lccp2": {
      "color": 0.2778356212423362,
      "space": 0.45399851348585013,
      "normal": 0.23562025057158825,
      "ct": 14.164908625977155,
      "st": 0.8920404152050739
    },
    "global_weights": {
      "w_length": 0.2649436776287996,
      "w_cross": 0.5449680354387327,
      "w_volume": 0.38746158250298224
    },
    "ideals": {
      "length": [
        0.005490648103562949,
        0.021008563812205002
      ],
      "cross": [
        0.7639002741813469,
        1.5015121408589638
      ],
      "volume": [
        9.834924844789535e-08,
        9.090958394424472e-07
      ],
      "k_iter": 2
    }
  }
}