{
  "color_space": {
    "rgb": {
      "r": 80,
      "g": 55,
      "b": 198
    },
    "hsv": {
      "h_lower": 14,
      "h_upper": 179,
      "s": 89,
      "v": 103
    },
    "lab": {
      "l": [
        41,
        203
      ],
      "a": 136,
      "b": 111
    }
  },
  "sor": {
    "meanK": 33,
    "StddevMultThresh": 2.815498862992975
  },
  "counting": {
    "general": {
      "voxel_res": 0.00792509684616915,
      "seed_res": 0.015888960812413654
    },
    "lccp1": {
      "color": 0.005397076644233546,
      "space": 0.29113172087959716,
      "normal": 0.6125488910052272,
      "ct": 82.58717716575438,
      "st": 0.5876198100943676
    },
    "lccp2": {
      "color": 0.18818188839614494,
      "space": 0.5705910050512859,
      "normal": 0.4351023431984225,
      "ct": 133.76400990106924,
      "st": 0.015067176445480057
    },
    "global_weights": {
      "w_length": 0.7059140147883757,
      "w_cross": 0.1634577817579581,
      "w_volume": 0.4957047226927901
    },
    "ideals": {
      "length": [
        0.009683376952220275,
        0.02430505432951527
      ],
      "cross": [
        0.5387801039151376,
        1.3549981524291836
      ],
      "volume": [
        3.071057193376277e-08,
        1.1503292168924844e-06
      ],
      "k_iter": 3
    }
  }
}