{
  "color_space": {
    "rgb": {
      "r": 114,
      "g": 52,
      "b": 106
    },
    "hsv": {
      "h_lower": 20,
      "h_upper": 114,
      "s": 98,
      "v": 142
    },
    "lab": {
      "l": [
        66,
        163
      ],
      "a": 122,
      "b": 30
    }
  },
  "sor": {
    "meanK": 30,
    "StddevMultThresh": 1.1890724222011013
  },
  "counting": {
    "general": {
      "voxel_res": 0.0074187632700268786,
      "seed_res": 0.013593482231730831
    },
    "lccp1": {
      "color": 0.21811990980092008,
      "space": 0.354245591989782,
      "normal": 0.30199977841389836,
      "ct": 64.5712974606628,
      "st": 0.13338809293765164
    },
    "lccp2": {
      "color": 0.3971742730307221,
      "space": 0.5396983717708392,
      "normal": 0.20464096983914856,
      "ct": 78.4472799693084,
      "st": 0.831021169130709
    },
    "global_weights": {
      "w_length": 0.21961978140505856,
      "w_cross": 0.12167834459179963,
      "w_volume": 0.9365050749640967
    },
    "ideals": {
      "length": [
        0.007518804933354065,
        0.020077061843459035
      ],
      "cross": [
        0.653134151645036,
        1.4744583580495387
      ],
      "volume": [
        9.643741030065719e-08,
        1.5582628161418007e-06
      ],
      "k_iter": 1
    }
  }
}