{
  "color_space": {
    "rgb": {
      "r": 145,
      "g": 124,
      "b": 135
    },
    "hsv": {
      "h_lower": 71,
      "h_upper": 128,
      "s": 136,
      "v": 111
    },
    "lab": {
      "l": [
        49,
        254
      ],
      "a": 168,
      "b": 52
    }
  },
  "sor": {
    "meanK": 52,
    "StddevMultThresh": 2.004473538244074
  },
  "counting": {
    "general": {
      "voxel_res": 0.005631229482365635,
      "seed_res": 0.03018381325334643
    },
    "lccp1": {
      "color": 0.052250280727307266,
      "space": 0.3397327086854886,
      "normal": 0.26709481037498084,
      "ct": 61.185030734711475,
      "st": 0.8396750843310524
    },
    "lccp2": {
      "color": 0.39564749812842753,
      "space": 0.6867058427247327,
      "normal": 0.6491748874968881,
      "ct": 145.00158834016528,
      "st": 0.5947371244257628
    },
    "global_weights": {
      "w_length": 0.26157983656405454,
      "w_cross": 0.4078181438261196,
      "w_volume": 0.17159145326173764
    },
    "ideals": {
      "length": [
        0.006315372723140261,
        0.023189386877241345
      ],
      "cross": [
        0.6814280595122777,
        1.5085087535004915
      ],
      "volume": [
        6.752186842859762e-08,
        1.3380156132436886e-06
      ],
      "k_iter": 1
    }
  }
}