{
  "color_space": {
    "rgb": {
      "r": 165,
      "g": 193,
      "b": 170
    },
    "hsv": {
      "h_lower": 21,
      "h_upper": 163,
      "s": 109,
      "v": 115
    },
    "lab": {
      "l": [
        37,
        152
      ],
      "a": 148,
      "b": 27
    }
  },
  "sor": {
    "meanK": 96,
    "StddevMultThresh": 2.6072355073801807
  },
  "counting": {
    "general": {
      "voxel_res": 0.0072691999555517285,
      "seed_res": 0.02661705172377507
    },
    "lccp1": {
      "color": 0.00165616756018534,
      "space": 0.41136064472721195,
      "normal": 0.31704204795977003,
      "ct": 143.1745656748413,
      "st": 0.9954960371281644
    },
    "lccp2": {
      "color": 0.12420062208718248,
      "space": 0.503108699655957,
      "normal": 0.4662212224933873,
      "ct": 138.0672145863826,
      "st": 0.2875734863627809
    },
    "global_weights": {
      "w_length": 0.8465738609750542,
      "w_cross": 0.15982261936059095,
      "w_volume": 0.13794993518497167
    },
    "ideals": {
      "length": [
        0.006136936906673534,
        0.024367688570656576
      ],
      "cross": [
        0.5995719403668025,
        1.5651101115215642
      ],
      "volume": [
        4.8126818114985225e-08,
        1.461915737417e-06
      ],
      "k_iter": 1
    }
  }
}