{
  "color_space": {
    "rgb": {
      "r": 166,
      "g": 146,
      "b": 111
    },
    "hsv": {
      "h_lower": 14,
      "h_upper": 135,
      "s": 136,
      "v": 109
    },
    "lab": {
      "l": [
        53,
        206
      ],
      "a": 30,
      "b": 71
    }
  },
  "sor": {
    "meanK": 58,
    "StddevMultThresh": 2.6965601555799195
  },
  "counting": {
    "general": {
      "voxel_res": 0.005376447878232696,
      "seed_res": 0.011365188944633052
    },
    "lccp1": {
      "color": 0.16335425837637066,
      "space": 0.5987826716373887,
      "normal": 0.23369381275892928,
      "ct": 55.59065594577689,
      "st": 0.18636268492712782
    },
    "lccp2": {
      "color": 0.23148194908934439,
      "space": 0.36565022591708485,
      "normal": 0.751789548945939,
      "ct": 80.11499974164813,
      "st": 0.5548654365598528
    },
    "global_weights": {
      "w_length": 0.7561863055898929,
      "w_cross": 0.2577771544119342,
      "w_volume": 0.9189166146187573
    },
    "ideals": {
      "length": [
        0.006933557533180075,
        0.023644476874431063
      ],
      "cross": [
        0.6946583776119205,
        1.4563599385851185
      ],
      "volume": [
        8.75055571407787e-08,
        1.4507913596856993e-06
      ],
      "k_iter": 2
    }
  }
}