{
  "color_space": {
    "rgb": {
      "r": 142,
      "g": 122,
      "b": 58
    },
    "hsv": {
      "h_lower": 11,
      "h_upper": 166,
      "s": 90,
      "v": 105
    },
    "lab": {
      "l": [
        40,
        202
      ],
      "a": 113,
      "b": 105
    }
  },
  "sor": {
    "meanK": 56,
    "StddevMultThresh": 1.0594153716455184
  },
  "counting": {
    "general": {
      "voxel_res": 0.005422114601915824,
      "seed_res": 0.019924567468246383
    },
    "lccp1": {
      "color": 0.3690590413288846,
      "space": 0.45699292471027286,
      "normal": 0.30321651528419824,
      "ct": 149.18246491459394,
      "st": 0.6518205989005937
    },
    "lccp2": {
      "color": 0.026358622834217905,
      "space": 0.7336450147527063,
      "normal": 0.5691704268770961,
      "ct": 124.88663132420533,
      "st": 0.1324659056205123
    },
    "global_weights": {
      "w_length": 0.835911580238892,
      "w_cross": 0.46215452056346096,
      "w_volume": 0.3803077532477225
    },
    "ideals": {
      "length": [
        0.00802558479224778,
        0.021347644967099896
      ],
      "cross": [
        0.5227946173728812,
        1.468470641579887
      ],
      "volume": [
        2.3263829879455483e-07,
        1.0249859402639602e-06
      ],
      "k_iter": 1
    }
  }
}