{
  "color_space": {
    "rgb": {
      "r": 127,
      "g": 198,
      "b": 186
    },
    "hsv": {
      "h_lower": 79,
      "h_upper": 137,
      "s": 132,
      "v": 72
    },
    "lab": {
      "l": [
        81,
        248
      ],
      "a": 145,
      "b": 165
    }
  },
  "sor": {
    "meanK": 41,
    "StddevMultThresh": 2.1240247751804597
  },
  "counting": {
    "general": {
      "voxel_res": 0.0067793822632838995,
      "seed_res": 0.01910443151113726
    },
    "lccp1": {
      "color": 0.09996519670141796,
      "space": 0.7545250904230638,
      "normal": 0.5869823804912524,
      "ct": 47.098178692479294,
      "st": 0.8251105519046803
    },
    "lccp2": {
      "color": 0.0742640657585167,
      "space": 0.5921881937716168,
      "normal": 0.27711499923649935,
      "ct": 70.53904653080492,
      "st": 0.23739910181520274
    },
    "global_weights": {
      "w_length": 0.2945603291414308,
      "w_cross": 0.9121700985599912,
      "w_volume": 0.7517954126844287
    },
    "ideals": {
      "length": [
        0.008778568127616088,
        0.021754982004765663
      ],
      "cross": [
        0.4916166627270677,
        1.574365836910921
      ],
      "volume": [
        5.202999251454028e-08,
        1.0498519686337335e-06
      ],
      "k_iter": 3
    }
  }
}