{
  "color_space": {
    "rgb": {
      "r": 92,
      "g": 142,
      "b": 77
    },
    "hsv": {
      "h_lower": 18,
      "h_upper": 103,
      "s": 61,
      "v": 119
    },
    "lab": {
      "l": [
        74,
        253
      ],
      "a": 111,
      "b": 45
    }
  },
  "sor": {
    "meanK": 47,
    "StddevMultThresh": 2.735798863742188
  },
  "counting": {
    "general": {
      "voxel_res": 0.007935883093221616,
      "seed_res": 0.038589639252949726
    },
    "lccp1": {
      "color": 0.142589063832916,
      "space": 0.7988733547976581,
      "normal": 0.514062471669144,
      "ct": 46.14667786835783,
      "st": 0.8074285598401649
    },
    "lccp2": {
      "color": 0.26289338173357363,
      "space": 0.6369828887625313,
      "normal": 0.4708419056566143,
      "ct": 150.30642289452052,
      "st": 0.6181043353103113
    },
    "global_weights": {
      "w_length": 0.841432086656534,
      "w_cross": 0.10376076239583992,
      "w_volume": 0.5408622209019037
    },
    "ideals": {
      "length": [
        0.007914817988547122,
        0.024397485801366765
      ],
      "cross": [
        0.783139060714142,
        1.557935889034734
      ],
      "volume": [
        1.0923333819539956e-07,
        1.1650344741449517e-06
      ],
      "k_iter": 4
    }
  }
}