{
  "color_space": {
    "rgb": {
      "r": 185,
      "g": 142,
      "b": 174
    },
    "hsv": {
      "h_lower": 22,
      "h_upper": 175,
      "s": 95,
      "v": 103
    },
    "lab": {
      "l": [
        44,
        192
      ],
      "a": 133,
      "b": 102
    }
  },
  "sor": {
    "meanK": 80,
    "StddevMultThresh": 1.1862561215461318
  },
  "counting": {
    "general": {
      "voxel_res": 0.007546702436644726,
      "seed_res": 0.036135726684570886
    },
    "lccp1": {
      "color": 0.38190041669015484,
      "space": 0.34680204850576457,
      "normal": 0.5872921947298189,
      "ct": 149.4170346713344,
      "st": 0.7282610254847772
    },
    "lccp2": {
      "color": 0.1466860117470705,
      "space": 0.30014482180583657,
      "normal": 0.23479988187124928,
      "ct": 119.70809066206967,
      "st": 0.461182159106731
    },
    "global_weights": {
      "w_length": 0.9210593641036396,
      "w_cross": 0.840451113599227,
      "w_volume": 0.7745220276460472
    },
    "ideals": {
      "length": [
        0.006437303253013293,
        0.024656268834150126
      ],
      "cross": [
        0.6060340148499586,
        1.59671765548494
      ],
      "volume": [
        1.2880581128750913e-07,
        1.4606791965398742e-06
      ],
      "k_iter": 1
    }
  }
}