{
  "color_space": {
    "rgb": {
      "r": 106,
      "g": 150,
      "b": 57
    },
    "hsv": {
      "h_lower": 54,
      "h_upper": 125,
      "s": 61,
      "v": 102
    },
    "lab": {
      "l": [
        51,
        204
      ],
      "a": 108,
      "b": 116
    }
  },
  "sor": {
    "meanK": 55,
    "StddevMultThresh": 2.132279118897161
  },
  "counting": {
    "general": {
      "voxel_res": 0.0060580079719309175,
      "seed_res": 0.020619509537525078
    },
    "lccp1": {
      "color": 0.13737964009785464,
      "space": 0.4974438249905646,
      "normal": 0.5413344330077485,
      "ct": 63.978286053471436,
      "st": 0.5773955335082317
    },
    "lccp2": {
      "color": 0.2575518972517392,
      "space": 0.4699403912788299,
      "normal": 0.5081018174237518,
      "ct": 50.064127430781895,
      "st": 0.49924447958294343
    },
    "global_weights": {
      "w_length": 0.45393801201690454,
      "w_cross": 0.563512215751752,
      "w_volume": 0.5456727658612638
    },
    "ideals": {
      "length": [
        0.024546463027396725,
        0.025455522150828046
      ],
      "cross": [
        0.5555037293227538,
        1.4857060810818885
      ],
      "volume": [
        1.1958891999314938e-07,
        1.0207806384843403e-06
      ],
      "k_iter": 2
    }
  }
}