{
  "color_space": {
    "rgb": {
      "r": 113,
      "g": 136,
      "b": 170
    },
    "hsv": {
      "h_lower": 31,
      "h_upper": 113,
      "s": 73,
      "v": 51
    },
    "lab": {
      "l": [
        52,
        204
      ],
      "a": 117,
      "b": 101
    }
  },
  "sor": {
    "meanK": 56,
    "StddevMultThresh": 2.2005488536702327
  },
  "counting": {
    "general": {
      "voxel_res": 0.006376170506298018,
      "seed_res": 0.028792686489465036
    },
    "lccp1": {
      "color": 0.1768891399551495,
      "space": 0.4770983107763519,
      "normal": 0.5032657147927567,
      "ct": 66.80279913152168,
      "st": 0.454997656186526
    },
    "lccp2": {
      "color": 0.2187254259081268,
      "space": 0.4371867380729121,
      "normal": 0.6205524792643993,
      "ct": 64.19431637549728,
      "st": 0.44508477312761663
    },
    "global_weights": {
      "w_length": 0.45138438622851357,
      "w_cross": 0.6246081347378828,
      "w_volume": 0.5621500764143259
    },
    "ideals": {
      "length": [
        0.013584338645150596,
        0.02016610091599427
      ],
      "cross": [
        0.6386442993031918,
        1.3640044694317883
      ],
      "volume": [
        1.0889860157294973e-07,
        9.802641970076197e-07
      ],
      "k_iter": 3
    }
  }
}