{
  "color_space": {
    "rgb": {
      "r": 158,
      "g": 76,
      "b": 58
    },
    "hsv": {
      "h_lower": 28,
      "h_upper": 132,
      "s": 130,
      "v": 120
    },
    "lab": {
      "l": [
        62,
        181
      ],
      "a": 71,
      "b": 149
    }
  },
  "sor": {
    "meanK": 78,
    "StddevMultThresh": 2.823129733115498
  },
  "counting": {
    "general": {
      "voxel_res": 0.00765463988979969,
      "seed_res": 0.013997223253019837
    },
    "lccp1": {
      "color": 0.10990535641006427,
      "space": 0.31557553667123145,
      "normal": 0.6400739808371407,
      "ct": 125.99778003314343,
      "st": 0.6628635763677238
    },
    "lccp2": {
      "color": 0.08683440589494507,
      "space": 0.6679032858067733,
      "normal": 0.7779238901940939,
      "ct": 121.73558617697836,
      "st": 0.0610458785723581
    },
    "global_weights": {
      "w_length": 0.9232672732222154,
      "w_cross": 0.3683483432200775,
      "w_volume": 0.7747404001263122
    },
    "ideals": {
      "length": [
        0.00959197733805437,
        0.022795970562780554
      ],
      "cross": [
        0.513856807608879,
        1.5517646988788099
      ],
      "volume": [
        2.4973107298007384e-07,
        9.628444311080567e-07
      ],
      "k_iter": 4
    }
  }
}