{
  "color_space": {
    "rgb": {
      "r": 110,
      "g": 75,
      "b": 123
    },
    "hsv": {
      "h_lower": 75,
      "h_upper": 126,
      "s": 62,
      "v": 143
    },
    "lab": {
      "l": [
        80,
        255
      ],
      "a": 106,
      "b": 77
    }
  },
  "sor": {
    "meanK": 92,
    "StddevMultThresh": 2.473302398222465
  },
  "counting": {
    "general": {
      "voxel_res": 0.0059842999405315634,
      "seed_res": 0.03901245651858022
    },
    "lccp1": {
      "color": 0.3493975673308329,
      "space": 0.2550189949080747,
      "normal": 0.6505387070324337,
      "ct": 16.881850518271833,
      "st": 0.4698456218527618
    },
    "lccp2": {
      "color": 0.2578270954925694,
      "space": 0.5722956117017594,
      "normal": 0.7096781285310096,
      "ct": 161.81078755914046,
      "st": 0.6125674759130357
    },
    "global_weights": {
      "w_length": 0.1962835345221674,
      "w_cross": 0.16496925777609914,
      "w_volume": 0.8722163086710029
    },
    "ideals": {
      "length": [
        0.00619764644801959,
        0.020068237394992038
      ],
      "cross": [
        0.5213578969383603,
        1.3883648662679162
      ],
      "volume": [
        5.747393718079884e-08,
        1.5973311603252216e-06
      ],
      "k_iter": 3
    }
  }
}