{
  "color_space": {
    "rgb": {
      "r": 129,
      "g": 190,
      "b": 181
    },
    "hsv": {
      "h_lower": 45,
      "h_upper": 119,
      "s": 76,
      "v": 149
    },
    "lab": {
      "l": [
        46,
        186
      ],
      "a": 167,
      "b": 97
    }
  },
  "sor": {
    "meanK": 41,
    "StddevMultThresh": 2.6461781301131793
  },
  "counting": {
    "general": {
      "voxel_res": 0.007798836540436418,
      "seed_res": 0.02090655033843554
    },
    "lccp1": {
      "color": 0.13532989168487455,
      "space": 0.5437095706956896,
      "normal": 0.3051255567825054,
      "ct": 118.08610700734752,
      "st": 0.8946920149410974
    },
    "lccp2": {
      "color": 0.15155207805185356,
      "space": 0.5104430919122851,
      "normal": 0.47732397078917405,
      "ct": 30.582845972295374,
      "st": 0.4944450053494017
    },
    "global_weights": {
      "w_length": 0.34974086374088503,
      "w_cross": 0.39559258349382675,
      "w_volume": 0.7174287656281181
    },
    "ideals": {
      "length": [
        0.007886306209672914,
        0.023957445487868913
      ],
      "cross": [
        0.5682253302592775,
        1.4227180797942667
      ],
      "volume": [
        3.0802212686573065e-08,
        8.256933106121252e-07
      ],
      "k_iter": 2
    }
  }
}