{
  "color_space": {
    "rgb": {
      "r": 158,
      "g": 164,
      "b": 64
    },
    "hsv": {
      "h_lower": 59,
      "h_upper": 144,
      "s": 91,
      "v": 58
    },
    "lab": {
      "l": [
        30,
        161
      ],
      "a": 1,
      "b": 75
    }
  },
  "sor": {
    "meanK": 80,
    "StddevMultThresh": 1.3796800638641176
  },
  "counting": {
    "general": {
      "voxel_res": 0.005895681358115757,
      "seed_res": 0.01059116882326367
    },
    "lccp1": {
      "color": 0.37099141624125387,
      "space": 0.4794624283282509,
      "normal": 0.7342954463535274,
      "ct": 29.88568434037358,
      "st": 0.7622721585927021
    },
    "lccp2": {
      "color": 0.19947358836803253,
      "space": 0.28549734802575166,
      "normal": 0.2672500185994658,
      "ct": 37.67900888258918,
      "st": 0.9694275989257166
    },
    "global_weights": {
      "w_length": 0.5891034678252266,
      "w_cross": 0.22134032838975753,
      "w_volume": 0.3038792580878883
    },
    "ideals": {
      "length": [
        0.007869028075407198,
        0.020196406524654723
      ],
      "cross": [
        0.6098727895249357,
        1.3169572808681156
      ],
      "volume": [
        1.6685676267290556e-07,
        7.440517684704188e-07
      ],
      "k_iter": 3
    }
  }
}