{
  "color_space": {
    "rgb": {
      "r": 150,
      "g": 118,
      "b": 52
    },
    "hsv": {
      "h_lower": 13,
      "h_upper": 129,
      "s": 102,
      "v": 142
    },
    "lab": {
      "l": [
        42,
        207
      ],
      "a": 113,
      "b": 108
    }
  },
  "sor": {
    "meanK": 57,
    "StddevMultThresh": 2.0113704228718343
  },
  "counting": {
    "general": {
      "voxel_res": 0.0064146415056310245,
      "seed_res": 0.02537495546041424
    },
    "lccp1": {
      "color": 0.1493739591606329,
      "space": 0.4683235183806967,
      "normal": 0.5748947583727707,
      "ct": 62.46328324864867,
      "st": 0.5381872880110261
    },
    "lccp2": {
      "color": 0.27493455923017096,
      "space": 0.4500460669418691,
      "normal": 0.5466636128802332,
      "ct": 54.344622148276834,
      "st": 0.39503871595728157
    },
    "global_weights": {
      "w_length": 0.5617124910988596,
      "w_cross": 0.5329131236266977,
      "w_volume": 0.49890200477881247
    },
    "ideals": {
      "length": [
        0.024132030414756978,
        0.047411886217814773
      ],
      "cross": [
        0.6296095019311767,
        1.4426442426844637
      ],
      "volume": [
        1.0831960546878828e-07,
        1.1998339062584817e-06
      ],
      "k_iter": 2
    }
  }
}