{
  "color_space": {
    "rgb": {
      "r": 196,
      "g": 188,
      "b": 93
    },
    "hsv": {
      "h_lower": 23,
      "h_upper": 169,
      "s": 95,
      "v": 145
    },
    "lab": {
      "l": [
        90,
        151
      ],
      "a": 18,
      "b": 134
    }
  },
  "sor": {
    "meanK": 68,
    "StddevMultThresh": 2.3529793480613375
  },
  "counting": {
    "general": {
      "voxel_res": 0.006678679673986759,
      "seed_res": 0.03724329294428084
    },
    "lccp1": {
      "color": 0.0588495560792992,
      "space": 0.6684606756634248,
      "normal": 0.5480376574555339,
      "ct": 142.82064418035213,
      "st": 0.0466315169171444
    },
    "lccp2": {
      "color": 0.0980657682263154,
      "space": 0.40172802268285224,
      "normal": 0.6351879495393844,
      "ct": 46.94537332451958,
      "st": 0.4241093908108132
    },
    "global_weights": {
      "w_length": 0.767412542754461,
      "w_cross": 0.23961441891707003,
      "w_volume": 0.6641360564358456
    },
    "ideals": {
      "length": [
        0.0050717474894609,
        0.023654375841945442
      ],
      "cross": [
        0.6144691714882533,
        1.4908388207294117
      ],
      "volume": [
        2.4659974618778877e-07,
        1.5525952655950833e-06
      ],
      "k_iter": 3
    }
  }
}