{
  "color_space": {
    "rgb": {
      "r": 196,
      "g": 76,
      "b": 165
    },
    "hsv": {
      "h_lower": 44,
      "h_upper": 114,
      "s": 66,
      "v": 104
    },
    "lab": {
      "l": [
        42,
        209
      ],
      "a": 109,
      "b": 116
    }
  },
  "sor": {
    "meanK": 54,
    "StddevMultThresh": 2.2020316050169875
  },
  "counting": {
    "general": {
      "voxel_res": 0.006179660944475837,
      "seed_res": 0.02058646896278095
    },
    "lccp1": {
      "color": 0.12142267880209608,
      "space": 0.46236584351502324,
      "normal": 0.5719997872794296,
      "ct": 62.34191441843121,
      "st": 0.5996851473604959
    },
    "lccp2": {
      "color": 0.28129588367390573,
      "space": 0.4160162439370125,
      "normal": 0.6127420847723948,
      "ct": 57.186468672265235,
      "st": 0.3997098534815383
    },
    "global_weights": {
      "w_length": 0.5710272909316665,
      "w_cross": 0.5023396677695413,
      "w_volume": 0.49848723368149167
    },
    "ideals": {
      "length": [
        0.024638430304739604,
        0.03264236654650742
      ],
      "cross": [
        0.6111363358317194,
        1.4493900612406139
      ],
      "volume": [
        1.4212251878000157e-07,
        1.120889901289078e-06
      ],
      "k_iter": 2
    }
  }
}