{
  "color_space": {
    "rgb": {
      "r": 53,
      "g": 58,
      "b": 121
    },
    "hsv": {
      "h_lower": 53,
      "h_upper": 129,
      "s": 80,
      "v": 85
    },
    "lab": {
      "l": [
        52,
        190
      ],
      "a": 140,
      "b": 105
    }
  },
  "sor": {
    "meanK": 60,
    "StddevMultThresh": 2.211167708400205
  },
  "counting": {
    "general": {
      "voxel_res": 0.006694070501877774,
      "seed_res": 0.02027228254266755
    },
    "lccp1": {
      "color": 0.19078669534724382,
      "space": 0.46507816489747017,
      "normal": 0.5222856379378497,
      "ct": 73.91468728494057,
      "st": 0.564703862160949
    },
    "lccp2": {
      "color": 0.2312838534296926,
      "space": 0.48057114305853765,
      "normal": 0.6358386960830542,
      "ct": 64.10496050071102,
      "st": 0.4998817592619323
    },
    "global_weights": {
      "w_length": 0.5843393096876766,
      "w_cross": 0.5803200283346626,
      "w_volume": 0.4582295197556226
    },
    "ideals": {
      "length": [
        0.01689423892573315,
        0.02320849214658898
      ],
      "cross": [
        0.5983892274864785,
        1.4788063733733101
      ],
      "volume": [
        1.2393457622034456e-07,
        1.131752940387627e-06
      ],
      "k_iter": 2
    }
  }
}