{
  "color_space": {
    "rgb": {
      "r": 173,
      "g": 75,
      "b": 136
    },
    "hsv": {
      "h_lower": 15,
      "h_upper": 175,
      "s": 86,
      "v": 97
    },
    "lab": {
      "l": [
        47,
        191
      ],
      "a": 117,
      "b": 119
    }
  },
  "sor": {
    "meanK": 74,
    "StddevMultThresh": 1.7351978552137408
  },
  "counting": {
    "general": {
      "voxel_res": 0.006041962369734261,
      "seed_res": 0.011682711068597628
    },
    "lccp1": {
      "color": 0.3474124685598198,
      "space": 0.2258508704927764,
      "normal": 0.5529906130047679,
      "ct": 71.42470008421627,
      "st": 0.08334395174929121
    },
    "lccp2": {
      "color": 0.06658975817657135,
      "space": 0.7951493550012079,
      "normal": 0.7582105511918418,
      "ct": 77.42733613105494,
      "st": 0.4834610937080399
    },
    "global_weights": {
      "w_length": 0.7143447933763009,
      "w_cross": 0.28792757738362496,
      "w_volume": 0.4447165757344679
    },
    "ideals": {
      "length": [
        0.007993344461912676,
        0.02493695609251395
      ],
      "cross": [
        0.6919804183175512,
        1.2739891635787446
      ],
      "volume": [
        1.5752878812553886e-07,
        1.475172509459301e-06
      ],
      "k_iter": 1
    }
  }
}