{
  "color_space": {
    "rgb": {
      "r": 89,
      "g": 91,
      "b": 75
    },
    "hsv": {
      "h_lower": 16,
      "h_upper": 169,
      "s": 80,
      "v": 94
    },
    "lab": {
      "l": [
        48,
        210
      ],
      "a": 111,
      "b": 106
    }
  },
  "sor": {
    "meanK": 61,
    "StddevMultThresh": 1.266395977841677
  },
  "counting": {
    "general": {
      "voxel_res": 0.007178008274569877,
      "seed_res": 0.023834490503847165
    },
    "lccp1": {
      "color": 0.3248984296357749,
      "space": 0.21825034778100338,
      "normal": 0.7143041271391888,
      "ct": 37.03579048052548,
      "st": 0.45011848666368803
    },
    "lccp2": {
      "color": 0.03533492052790171,
      "space": 0.55555464650863,
      "normal": 0.7938320008221096,
      "ct": 42.00771046567061,
      "st": 0.9573764397563879
    },
    "global_weights": {
      "w_length": 0.35596340796304216,
      "w_cross": 0.2594102885950026,
      "w_volume": 0.1491552408930657
    },
    "ideals": {
      "length": [
        0.006960019845149829,
        0.022414968510484093
      ],
      "cross": [
        0.6325396710557373,
        1.4422858199296253
      ],
      "volume": [
        1.2599945957616418e-07,
        9.212436788700499e-07
      ],
      "k_iter": 3
    }
  }
}