{
  "color_space": {
    "rgb": {
      "r": 128,
      "g": 73,
      "b": 98
    },
    "hsv": {
      "h_lower": 48,
      "h_upper": 155,
      "s": 70,
      "v": 126
    },
    "lab": {
      "l": [
        25,
        214
      ],
      "a": 149,
      "b": 161
    }
  },
  "sor": {
    "meanK": 46,
    "StddevMultThresh": 2.9952139558583166
  },
  "counting": {
    "general": {
      "voxel_res": 0.006259500827734319,
      "seed_res": 0.019851952381271555
    },
    "lccp1": {
      "color": 0.08314284814113436,
      "space": 0.753876854013654,
      "normal": 0.45381945116837297,
      "ct": 52.99940207440889,
      "st": 0.0650322121147463
    },
    "lccp2": {
      "color": 0.012238412621056495,
      "space": 0.5718996192014045,
      "normal": 0.3118563849218275,
      "ct": 169.9721921619299,
      "st": 0.3825701908038742
    },
    "global_weights": {
      "w_length": 0.360890694412366,
      "w_cross": 0.13388710377028984,
      "w_volume": 0.5752836455559556
    },
    "ideals": {
      "length": [
        0.008148511886734232,
        0.023148487263179217
      ],
      "cross": [
        0.5155799751375839,
        1.4032807755300878
      ],
      "volume": [
        1.1850905755538843e-07,
        1.4406937809367095e-06
      ],
      "k_iter": 3
    }
  }
}