{
  "color_space": {
    "rgb": {
      "r": 64,
      "g": 167,
      "b": 83
    },
    "hsv": {
      "h_lower": 23,
      "h_upper": 100,
      "s": 105,
      "v": 141
    },
    "lab": {
      "l": [
        100,
        210
      ],
      "a": 62,
      "b": 98
    }
  },
  "sor": {
    "meanK": 84,
    "StddevMultThresh": 2.484780186864679
  },
  "counting": {
    "general": {
      "voxel_res": 0.006011894645268291,
      "seed_res": 0.03922602452539631
    },
    "lccp1": {
      "color": 0.16638607367789304,
      "space": 0.28622076340659897,
      "normal": 0.26871903779863493,
      "ct": 73.15625571275748,
      "st": 0.18800227311237028
    },
    "lccp2": {
      "color": 0.1816081284314422,
      "space": 0.6937613146014738,
      "normal": 0.6670481311794345,
      "ct": 146.58550102625367,
      "st": 0.6627171621989576
    },
    "global_weights": {
      "w_length": 0.7276537477675294,
      "w_cross": 0.27485025013370457,
      "w_volume": 0.5653107296713876
    },
    "ideals": {
      "length": [
        0.008138756660687033,
        0.024105306869832893
      ],
      "cross": [
        0.453893646608909,
        1.2048008353100566
      ],
      "volume": [
        1.0239647671761456e-07,
        1.071343599669774e-06
      ],
      "k_iter": 4
    }
  }
}