{
  "color_space": {
    "rgb": {
      "r": 115,
      "g": 140,
      "b": 146
    },
    "hsv": {
      "h_lower": 57,
      "h_upper": 146,
      "s": 68,
      "v": 125
    },
    "lab": {
      "l": [
        42,
        193
      ],
      "a": 114,
      "b": 119
    }
  },
  "sor": {
    "meanK": 56,
    "StddevMultThresh": 2.066483727965327
  },
  "counting": {
    "general": {
      "voxel_res": 0.00602691355753659,
      "seed_res": 0.02487842995607726
    },
    "lccp1": {
      "color": 0.19206744577107707,
      "space": 0.42832106073829374,
      "normal": 0.5788563365236021,
      "ct": 65.87396715979649,
      "st": 0.50218067208585
    },
    "lccp2": {
      "color": 0.2633260569784713,
      "space": 0.4044437865070285,
      "normal": 0.6355911434726076,
      "ct": 55.74078375723806,
      "st": 0.4845025495856441
    },
    "global_weights": {
      "w_length": 0.5923944395185058,
      "w_cross": 0.5882542403561204,
      "w_volume": 0.4671625722114966
    },
    "ideals": {
      "length": [
        0.02034966776503314,
        0.05669534543961346
      ],
      "cross": [
        0.5960941201094462,
        1.4828458187388067
      ],
      "volume": [
        1.4273925468116464e-07,
        1.0112140258701755e-06
      ],
      "k_iter": 3
    }
  }
}