{
  "color_space": {
    "rgb": {
      "r": 67,
      "g": 106,
      "b": 190
    },
    "hsv": {
      "h_lower": 51,
      "h_upper": 163,
      "s": 69,
      "v": 118
    },
    "lab": {
      "l": [
        44,
        182
      ],
      "a": 46,
      "b": 124
    }
  },
  "sor": {
    "meanK": 86,
    "StddevMultThresh": 1.1493474254124771
  },
  "counting": {
    "general": {
      "voxel_res": 0.0059790914374944935,
      "seed_res": 0.023057201429327018
    },
    "lccp1": {
      "color": 0.02178926239053385,
      "space": 0.5719192438964831,
      "normal": 0.4579191352562182,
      "ct": 125.11185253437486,
      "st": 0.8429871113089789
    },
    "lccp2": {
      "color": 0.027584311776189054,
      "space": 0.4160838136349721,
      "normal": 0.24957123635066913,
      "ct": 96.59255743319882,
      "st": 0.6020572645937559
    },
    "global_weights": {
      "w_length": 0.18040760820038354,
      "w_cross": 0.39777517814708463,
      "w_volume": 0.22657939012842987
    },
    "ideals": {
      "length": [
        0.009588231957209726,
        0.02413666686288926
      ],
      "cross": [
        0.561732226773243,
        1.215651123673362
      ],
      "volume": [
        6.073036136729538e-08,
        1.5522871803160333e-06
      ],
      "k_iter": 1
    }
  }
}