{
  "color_space": {
    "rgb": {
      "r": 159,
      "g": 64,
      "b": 135
    },
    "hsv": {
      "h_lower": 15,
      "h_upper": 117,
      "s": 114,
      "v": 121
    },
    "lab": {
      "l": [
        43,
        205
      ],
      "a": 9,
      "b": 29
    }
  },
  "sor": {
    "meanK": 99,
    "StddevMultThresh": 1.7174455019276587
  },
  "counting": {
    "general": {
      "voxel_res": 0.007584356716663018,
      "seed_res": 0.03030110346389269
    },
    "lccp1": {
      "color": 0.017740275663406992,
      "space": 0.34096773376423095,
      "normal": 0.7085031557449117,
      "ct": 126.95239451359723,
      "st": 0.2698723522062587
    },
    "lccp2": {
      "color": 0.2631395137666073,
      "space": 0.23701783531024034,
      "normal": 0.24811819841759825,
      "ct": 145.25431014476166,
      "st": 0.11655034286543298
    },
    "global_weights": {
      "w_length": 0.7881897696033465,
      "w_cross": 0.3421764406476694,
      "w_volume": 0.20814442827884544
    },
    "ideals": {
      "length": [
        0.006519487500202967,
        0.023647997700565363
      ],
      "cross": [
        0.5050056691247727,
        1.2546479080976558
      ],
      "volume": [
        6.179465180803769e-08,
        7.499297244125369e-07
      ],
      "k_iter": 3
    }
  }
}