{
  "color_space": {
    "rgb": {
      "r": 78,
      "g": 170,
      "b": 156
    },
    "hsv": {
      "h_lower": 33,
      "h_upper": 153,
      "s": 77,
      "v": 71
    },
    "lab": {
      "l": [
        41,
        204
      ],
      "a": 134,
      "b": 105
    }
  },
  "sor": {
    "meanK": 57,
    "StddevMultThresh": 2.184026089722026
  },
  "counting": {
    "general": {
      "voxel_res": 0.006404561936839991,
      "seed_res": 0.022832486823095317
    },
    "lccp1": {
      "color": 0.13566501900198966,
      "space": 0.47308497872138905,
      "normal": 0.511626392609495,
      "ct": 65.22039095878173,
      "st": 0.49199108908175304
    },
    "lccp2": {
      "color": 0.21871103679579823,
      "space": 0.5096096026772197,
      "normal": 0.5589305565838321,
      "ct": 54.499170735342105,
      "st": 0.43917417366140454
    },
    "global_weights": {
      "w_length": 0.5831142939351315,
      "w_cross": 0.5860974794965377,
      "w_volume": 0.5713263749649625
    },
    "ideals": {
      "length": [
        0.02390605360099748,
        0.03347600535528448
      ],
      "cross": [
        0.5809527398218285,
        1.4590063157653423
      ],
      "volume": [
        1.3930163719240866e-07,
        1.0101498018031274e-06
      ],
      "k_iter": 2
    }
  }
}