{
  "color_space": {
    "rgb": {
      "r": 162,
      "g": 185,
      "b": 71
    },
    "hsv": {
      "h_lower": 48,
      "h_upper": 143,
      "s": 136,
      "v": 140
    },
    "lab": {
      "l": [
        25,
        219
      ],
      "a": 25,
      "b": 128
    }
  },
  "sor": {
    "meanK": 54,
    "StddevMultThresh": 1.4268925743286434
  },
  "counting": {
    "general": {
      "voxel_res": 0.005510892974455342,
      "seed_res": 0.010710045149106376
    },
    "lccp1": {
      "color": 0.08846159395093554,
      "space": 0.44375587071240796,
      "normal": 0.40893184631093077,
      "ct": 160.9393007092303,
      "st": 0.6192453780177322
    },
    "lccp2": {
      "color": 0.39047331173580296,
      "space": 0.5864880055075585,
      "normal": 0.3309050480900411,
      "ct": 70.94397380766512,
      "st": 0.7883364434885681
    },
    "global_weights": {
      "w_length": 0.17630889998774113,
      "w_cross": 0.3948290399968978,
      "w_volume": 0.5884638959115114
    },
    "ideals": {
      "length": [
        0.00922118289039266,
        0.02069293637457031
      ],
      "cross": [
        0.6225055018561607,
        1.597792464203987
      ],
      "volume": [
        2.474004493598968e-07,
        1.025767286466209e-06
      ],
      "k_iter": 1
    }
  }
}