{
  "color_space": {
    "rgb": {
      "r": 86,
      "g": 62,
      "b": 62
    },
    "hsv": {
      "h_lower": 11,
      "h_upper": 172,
      "s": 84,
      "v": 103
    },
    "lab": {
      "l": [
        49,
        194
      ],
      "a": 139,
      "b": 108
    }
  },
  "sor": {
    "meanK": 50,
    "StddevMultThresh": 1.7682273016825005
  },
  "counting": {
    "general": {
      "voxel_res": 0.005571939704124148,
      "seed_res": 0.016629216244776895
    },
    "lccp1": {
      "color": 0.01979571149316364,
      "space": 0.4511586995959881,
      "normal": 0.37249624479503984,
      "ct": 142.55801912653533,
      "st": 0.9019900012948664
    },
    "lccp2": {
      "color": 0.15204960144500335,
      "space": 0.3644213788103664,
      "normal": 0.7414583778238026,
      "ct": 72.48556894337995,
      "st": 0.09700527840367346
    },
    "global_weights": {
      "w_length": 0.10973337121596059,
      "w_cross": 0.8679429981817974,
      "w_volume": 0.7080501724258098
    },
    "ideals": {
      "length": [
        0.005036354070439495,
        0.02019104210530179
      ],
      "cross": [
        0.49603123022746143,
        1.2003260037379635
      ],
      "volume": [
        2.309605115841935e-08,
        1.5111482493787527e-06
      ],
      "k_iter": 3
    }
  }
}