{
  "color_space": {
    "rgb": {
      "r": 58,
      "g": 110,
      "b": 114
    },
    "hsv": {
      "h_lower": 53,
      "h_upper": 139,
      "s": 150,
      "v": 100
    },
    "lab": {
      "l": [
        62,
        227
      ],
      "a": 156,
      "b": 84
    }
  },
  "sor": {
    "meanK": 100,
    "StddevMultThresh": 2.194447375700072
  },
  "counting": {
    "general": {
      "voxel_res": 0.005562047535335372,
      "seed_res": 0.03059455517721788
    },
    "lccp1": {
      "color": 0.2664915008335008,
      "space": 0.6295449194747915,
      "normal": 0.7613012502152139,
      "ct": 62.33975811314471,
      "st": 0.8260742702631744
    },
    "lccp2": {
      "color": 0.19851794708375833,
      "space": 0.3936874546496197,
      "normal": 0.7806866931835643,
      "ct": 48.95425776819111,
      "st": 0.4838655397670576
    },
    "global_weights": {
      "w_length": 0.4422591923984912,
      "w_cross": 0.650074966255758,
      "w_volume": 0.2755018303136718
    },
    "ideals": {
      "length": [
        0.00944567756485524,
        0.021064558342803876
      ],
      "cross": [
        0.4913266598194951,
        1.5063666227472499
      ],
      "volume": [
        7.460513916302163e-08,
        8.738263238296066e-07
      ],
      "k_iter": 3
    }
  }
}