{
  "color_space": {
    "rgb": {
      "r": 190,
      "g": 80,
      "b": 169
    },
    "hsv": {
      "h_lower": 0,
      "h_upper": 166,
      "s": 85,
      "v": 103
    },
    "lab": {
      "l": [
        52,
        204
      ],
      "a": 124,
      "b": 112
    }
  },
  "sor": {
    "meanK": 96,
    "StddevMultThresh": 1.466550644196483
  },
  "counting": {
    "general": {
      "voxel_res": 0.006590151663493232,
      "seed_res": 0.015330405600400897
    },
    "lccp1": {
      "color": 0.08677433823686981,
      "space": 0.5244382685850846,
      "normal": 0.5864785140088964,
      "ct": 88.69707176157833,
      "st": 0.9399548095039074
    },
    "lccp2": {
      "color": 0.22090186779886023,
      "space": 0.687890764683324,
      "normal": 0.559269751676082,
      "ct": 37.76019570419143,
      "st": 0.9174738453338296
    },
    "global_weights": {
      "w_length": 0.8561270521540739,
      "w_cross": 0.27913978022831276,
      "w_volume": 0.35557416020763977
    },
    "ideals": {
      "length": [
        0.009368515604802983,
        0.024111262383919214
      ],
      "cross": [
        0.6238961237892185,
        1.5042586152920323
      ],
      "volume": [
        1.4777416205057408e-07,
        1.4358977499201335e-06
      ],
      "k_iter": 4
    }
  }
}