{
  "color_space": {
    "rgb": {
      "r": 62,
      "g": 118,
      "b": 80
    },
    "hsv": {
      "h_lower": 59,
      "h_upper": 130,
      "s": 94,
      "v": 91
    },
    "lab": {
      "l": [
        15,
        247
      ],
      "a": 89,
      "b": 153
    }
  },
  "sor": {
    "meanK": 93,
    "StddevMultThresh": 1.8019316312687055
  },
  "counting": {
    "general": {
      "voxel_res": 0.007818564941229957,
      "seed_res": 0.012211452034774981
    },
    "lccp1": {
      "color": 0.273978261468414,
      "space": 0.631220613164287,
      "normal": 0.6256906171538255,
      "ct": 138.93872669204862,
      "st": 0.3267828019899889
    },
    "lccp2": {
      "color": 0.16689100759223807,
      "space": 0.6193678010988453,
      "normal": 0.6461937480927963,
      "ct": 116.58920072144792,
      "st": 0.9175275462343483
    },
    "global_weights": {
      "w_length": 0.3632684182726249,
      "w_cross": 0.2839610934260646,
      "w_volume": 0.6149412127815881
    },
    "ideals": {
      "length": [
        0.006233201039090357,
        0.020515626017766537
      ],
      "cross": [
        0.7654992543549627,
        1.5214917146672615
      ],
      "volume": [
        5.661308083461988e-08,
        1.2817464335669858e-06
      ],
      "k_iter": 3
    }
  }
}