{
  "color_space": {
    "rgb": {
      "r": 117,
      "g": 57,
      "b": 140
    },
    "hsv": {
      "h_lower": 19,
      "h_upper": 174,
      "s": 80,
      "v": 104
    },
    "lab": {
      "l": [
        52,
        197
      ],
      "a": 116,
      "b": 109
    }
  },
  "sor": {
    "meanK": 91,
    "StddevMultThresh": 1.1576719439978462
  },
  "counting": {
    "general": {
      "voxel_res": 0.007202540472937193,
      "seed_res": 0.016451069014002086
    },
    "lccp1": {
      "color": 0.23775754143145905,
      "space": 0.46538224314084287,
      "normal": 0.25824924789118187,
      "ct": 127.45703749296854,
      "st": 0.24441548355902643
    },
    "lccp2": {
      "color": 0.08622079791526516,
      "space": 0.7253789907248998,
      "normal": 0.6933128683750347,
      "ct": 96.72377882115771,
      "st": 0.971931782733499
    },
    "global_weights": {
      "w_length": 0.7970493911603161,
      "w_cross": 0.7829014095046591,
      "w_volume": 0.5719557485489809
    },
    "ideals": {
      "length": [
        0.00615427859284351,
        0.020745852967914202
      ],
      "cross": [
        0.5917660427340455,
        1.243722387178781
      ],
      "volume": [
        2.2675584134827854e-07,
        9.13245374028299e-07
      ],
      "k_iter": 4
    }
  }
}