{
  "color_space": {
    "rgb": {
      "r": 117,
      "g": 56,
      "b": 105
    },
    "hsv": {
      "h_lower": 30,
      "h_upper": 119,
      "s": 71,
      "v": 56
    },
    "lab": {
      "l": [
        89,
        211
      ],
      "a": 125,
      "b": 166
    }
  },
  "sor": {
    "meanK": 42,
    "StddevMultThresh": 2.518091815635046
  },
  "counting": {
    "general": {
      "voxel_res": 0.005721367599795378,
      "seed_res": 0.010712061109050324
    },
    "lccp1": {
      "color": 0.18097376523910025,
      "space": 0.2646750991761335,
      "normal": 0.7204162855041443,
      "ct": 124.70992233804401,
      "st": 0.3328281941971264
    },
    "lccp2": {
      "color": 0.29574244566491886,
      "space": 0.5491647302941173,
      "normal": 0.750966664307751,
      "ct": 11.036536384698508,
      "st": 0.44180592536952146
    },
    "global_weights": {
      "w_length": 0.6875565693634932,
      "w_cross": 0.7315297393251345,
      "w_volume": 0.7000452681123749
    },
    "ideals": {
      "length": [
        0.005448507237241243,
        0.021348586459149322
      ],
      "cross": [
        0.546310734843795,
        1.4589592936738236
      ],
      "volume": [
        2.099787417617193e-07,
        1.2047089449154045e-06
      ],
      "k_iter": 1
    }
  }
}