{
  "color_space": {
    "rgb": {
      "r": 123,
      "g": 186,
      "b": 188
    },
    "hsv": {
      "h_lower": 33,
      "h_upper": 110,
      "s": 109,
      "v": 142
    },
    "lab": {
      "l": [
        30,
        245
      ],
      "a": 140,
      "b": 92
    }
  },
  "sor": {
    "meanK": 40,
    "StddevMultThresh": 2.944979096798749
  },
  "counting": {
    "general": {
      "voxel_res": 0.007149617037885472,
      "seed_res": 0.0338211515228725
    },
    "lccp1": {
      "color": 0.2699561736164888,
      "space": 0.7715626914099702,
      "normal": 0.3369409958134669,
      "ct": 57.04536269914932,
      "st": 0.15001647168796584
    },
    "lccp2": {
      "color": 0.33909758415779256,
      "space": 0.29346734972397504,
      "normal": 0.5164038317265889,
      "ct": 79.85807216442461,
      "st": 0.34371276184835686
    },
    "global_weights": {
      "w_length": 0.5636193028758562,
      "w_cross": 0.6888768739709924,
      "w_volume": 0.39852949929767023
    },
    "ideals": {
      "length": [
        0.008637851870692088,
        0.023797789645804594
      ],
      "cross": [
        0.6030397515720727,
        1.251483424380318
      ],
      "volume": [
        1.8471992667295584e-07,
        7.413242698064693e-07
      ],
      "k_iter": 4
    }
  }
}