{
  "color_space": {
    "rgb": {
      "r": 186,
      "g": 73,
      "b": 87
    },
    "hsv": {
      "h_lower": 78,
      "h_upper": 135,
      "s": 81,
      "v": 134
    },
    "lab": {
      "l": [
        85,
        198
      ],
      "a": 61,
      "b": 49
    }
  },
  "sor": {
    "meanK": 76,
    "StddevMultThresh": 1.7467259726393138
  },
  "counting": {
    "general": {
      "voxel_res": 0.005058263776714137,
      "seed_res": 0.027183909639935132
    },
    "lccp1": {
      "color": 0.3856831067941629,
      "space": 0.4075586268394741,
      "normal": 0.31478800869042595,
      "ct": 151.4844349259327,
      "st": 0.38168487792573824
    },
    "lccp2": {
      "color": 0.2296506013048475,
      "space": 0.47030052885781154,
      "normal": 0.4168632428466296,
      "ct": 151.51982524001306,
      "st": 0.17401467917181634
    },
    "global_weights": {
      "w_length": 0.7496658320849677,
      "w_cross": 0.1432933210699294,
      "w_volume": 0.710570289062725
    },
    "ideals": {
      "length": [
        0.009896011837495708,
        0.020112848266825478
      ],
      "cross": [
        0.6950462551651587,
        1.4397628325045482
      ],
      "volume": [
        1.297240160807071e-07,
        1.4564527126427277e-06
      ],
      "k_iter": 3
    }
  }
}