{
  "color_space": {
    "rgb": {
      "r": 190,
      "g": 99,
      "b": 138
    },
    "hsv": {
      "h_lower": 0,
      "h_upper": 173,
      "s": 85,
      "v": 94
    },
    "lab": {
      "l": [
        41,
        195
      ],
      "a": 131,
      "b": 116
    }
  },
  "sor": {
    "meanK": 84,
    "StddevMultThresh": 2.417019023174639
  },
  "counting": {
    "general": {
      "voxel_res": 0.005942122835391937,
      "seed_res": 0.026231077934200174
    },
    "lccp1": {
      "color": 0.20309682708181787,
      "space": 0.7273557211298398,
      "normal": 0.6178286425130635,
      "ct": 132.16615904152633,
      "st": 0.3109479045629422
    },
    "lccp2": {
      "color": 0.12921139811454868,
      "space": 0.7461607274090623,
      "normal": 0.48011376870837924,
      "ct": 76.24898712142029,
      "st": 0.023814181584700833
    },
    "global_weights": {
      "w_length": 0.3653483345360725,
      "w_cross": 0.3044189824788699,
      "w_volume": 0.9286066209830471
    },
    "ideals": {
      "length": [
        0.005562504255607171,
        0.02321907866641392
      ],
      "cross": [
        0.42765817134248024,
        1.397172328001194
      ],
      "volume": [
        1.9643312258010056e-07,
        1.32132839650019e-06
      ],
      "k_iter": 3
    }
  }
}