{
  "color_space": {
    "rgb": {
      "r": 161,
      "g": 55,
      "b": 84
    },
    "hsv": {
      "h_lower": 49,
      "h_upper": 106,
      "s": 73,
      "v": 110
    },
    "lab": {
      "l": [
        71,
        202
      ],
      "a": 54,
      "b": 100
    }
  },
  "sor": {
    "meanK": 39,
    "StddevMultThresh": 1.8071725013081004
  },
  "counting": {
    "general": {
      "voxel_res": 0.006287903474325743,
      "seed_res": 0.026632248461027783
    },
    "lccp1": {
      "color": 0.186897292130855,
      "space": 0.2498058931961837,
      "normal": 0.2164468157974984,
      "ct": 41.02812648030174,
      "st": 0.8521799497144699
    },
    "lccp2": {
      "color": 0.20815699513911168,
      "space": 0.3086814766399441,
      "normal": 0.48520349099907173,
      "ct": 163.67395381125544,
      "st": 0.7384134037930026
    },
    "global_weights": {
      "w_length": 0.10173003698767857,
      "w_cross": 0.7112705217763658,
      "w_volume": 0.4922354891014187
    },
    "ideals": {
      "length": [
        0.006120718672797444,
        0.02474760475617554
      ],
      "cross": [
        0.561637229595219,
        1.557784557588754
      ],
      "volume": [
        5.456520248908758e-08,
        9.09261821061379e-07
      ],
      "k_iter": 2
    }
  }
}