{
  "color_space": {
    "rgb": {
      "r": 166,
      "g": 160,
      "b": 183
    },
    "hsv": {
      "h_lower": 59,
      "h_upper": 162,
      "s": 70,
      "v": 98
    },
    "lab": {
      "l": [
        49,
        210
      ],
      "a": 121,
      "b": 103
    }
  },
  "sor": {
    "meanK": 58,
    "StddevMultThresh": 1.9848380595512978
  },
  "counting": {
    "general": {
      "voxel_res": 0.006283329852655488,
      "seed_res": 0.020027629118389522
    },
    "lccp1": {
      "color": 0.14737731962197487,
      "space": 0.4716561008011593,
      "normal": 0.5002985608532473,
      "ct": 63.915128143286935,
      "st": 0.5127503340976621
    },
    "lccp2": {
      "color": 0.2458258101039691,
      "space": 0.5065539429155708,
      "normal": 0.5212600511197396,
      "ct": 57.46949076867767,
      "st": 0.4197482936915278
    },
    "global_weights": {
      "w_length": 0.5833108157534628,
      "w_cross": 0.7429941430396196,
      "w_volume": 0.5582636883399161
    },
    "ideals": {
      "length": [
        0.02210061850385748,
        0.028892849644038897
      ],
      "cross": [
        0.6211670354382055,
        1.4290747407373532
      ],
      "volume": [
        1.433080737459522e-07,
        1.170139245718515e-06
      ],
      "k_iter": 2
    }
  }
}