{
  "color_space": {
    "rgb": {
      "r": 152,
      "g": 157,
      "b": 190
    },
    "hsv": {
      "h_lower": 49,
      "h_upper": 117,
      "s": 69,
      "v": 147
    },
    "lab": {
      "l": [
        43,
        168
      ],
      "a": 79,
      "b": 50
    }
  },
  "sor": {
    "meanK": 88,
    "StddevMultThresh": 1.2249383484687955
  },
  "counting": {
    "general": {
      "voxel_res": 0.005215216019543316,
      "seed_res": 0.0196547088565717
    },
    "lccp1": {
      "color": 0.17555808384993832,
      "space": 0.6699363416321311,
      "normal": 0.5710898449728024,
      "ct": 103.93299790160377,
      "st": 0.1292641214313046
    },
    "lccp2": {
      "color": 0.18675335488309433,
      "space": 0.5813399616644086,
      "normal": 0.24531019896593795,
      "ct": 73.188879836462,
      "st": 0.1803372647282825
    },
    "global_weights": {
      "w_length": 0.735360212626888,
      "w_cross": 0.5132965459613367,
      "w_volume": 0.35824294861702966
    },
    "ideals": {
      "length": [
        0.009333770953490384,
        0.023230588944239343
      ],
      "cross": [
        0.6843664389306723,
        1.2718447633468446
      ],
      "volume": [
        4.772637508823571e-08,
        1.5225406183114659e-06
      ],
      "k_iter": 1
    }
  }
}