{
  "color_space": {
    "rgb": {
      "r": 61,
      "g": 145,
      "b": 79
    },
    "hsv": {
      "h_lower": 70,
      "h_upper": 136,
      "s": 51,
      "v": 89
    },
    "lab": {
      "l": [
        49,
        244
      ],
      "a": 143,
      "b": 6
    }
  },
  "sor": {
    "meanK": 92,
    "StddevMultThresh": 2.88907731665862
  },
  "counting": {
    "general": {
      "voxel_res": 0.005038248682227745,
      "seed_res": 0.031036697749594083
    },
    "lccp1": {
      "color": 0.32119754425332686,
      "space": 0.40659954542556087,
      "normal": 0.5211162714034439,
      "ct": 152.61732633816717,
      "st": 0.3838426778815004
    },
    "lccp2": {
      "color": 0.295142967809082,
      "space": 0.6641501720941185,
      "normal": 0.7638106857860836,
      "ct": 71.63329831941546,
      "st": 0.5340259150735802
    },
    "global_weights": {
      "w_length": 0.9503840744812355,
      "w_cross": 0.8291909389736704,
      "w_volume": 0.4532503216049154
    },
    "ideals": {
      "length": [
        0.006189453750610257,
        0.02140116740758299
      ],
      "cross": [
        0.45270648835272453,
        1.5523534378784796
      ],
      "volume": [
        5.552497078571114e-08,
        1.2834345704662469e-06
      ],
      "k_iter": 2
    }
  }
}