{
  "color_space": {
    "rgb": {
      "r": 166,
      "g": 89,
      "b": 120
    },
    "hsv": {
      "h_lower": 9,
      "h_upper": 143,
      "s": 64,
      "v": 110
    },
    "lab": {
      "l": [
        43,
        201
      ],
      "a": 142,
      "b": 106
    }
  },
  "sor": {
    "meanK": 56,
    "StddevMultThresh": 2.142024695514353
  },
  "counting": {
    "general": {
      "voxel_res": 0.0062594869013825535,
      "seed_res": 0.02362273643289782
    },
    "lccp1": {
      "color": 0.11106802552960966,
      "space": 0.4511792644847969,
      "normal": 0.5360971022321241,
      "ct": 73.77873962601291,
      "st": 0.506541564813361
    },
    "lccp2": {
      "color": 0.29121619327384046,
      "space": 0.4577103550317891,
      "normal": 0.631806366667027,
      "ct": 56.20636610707302,
      "st": 0.35980101937065184
    },
    "global_weights": {
      "w_length": 0.5941258465813438,
      "w_cross": 0.6479459734478985,
      "w_volume": 0.5875112190611808
    },
    "ideals": {
      "length": [
        0.009081932532322092,
        0.024271444797567262
      ],
      "cross": [
        0.6440170915462863,
        1.3183228025725289
      ],
      "volume": [
        1.250978353437397e-07,
        1.0241105969604597e-06
      ],
      "k_iter": 3
    }
  }
}