{
  "color_space": {
    "rgb": {
      "r": 176,
      "g": 174,
      "b": 53
    },
    "hsv": {
      "h_lower": 71,
      "h_upper": 159,
      "s": 58,
      "v": 53
    },
    "lab": {
      "l": [
        25,
        151
      ],
      "a": 60,
      "b": 56
    }
  },
  "sor": {
    "meanK": 34,
    "StddevMultThresh": 2.362367582777558
  },
  "counting": {
    "general": {
      "voxel_res": 0.007851885538017203,
      "seed_res": 0.030821527822463488
    },
    "lccp1": {
      "color": 0.20163454831872563,
      "space": 0.5119191664329974,
      "normal": 0.7754826983434586,
      "ct": 20.954716663101642,
      "st": 0.6419313652530253
    },
    "lccp2": {
      "color": 0.19912300493767093,
      "space": 0.3223772435154727,
      "normal": 0.791555602539973,
      "ct": 147.8663808529644,
      "st": 0.3177418018672622
    },
    "global_weights": {
      "w_length": 0.29788899397377105,
      "w_cross": 0.2760428780909167,
      "w_volume": 0.4845716039152502
    },
    "ideals": {
      "length": [
        0.005556673497367978,
        0.024091785611887132
      ],
      "cross": [
        0.7557763520187173,
        1.2082927456135049
      ],
      "volume": [
        1.5836828515077042e-07,
        1.4701592300285218e-06
      ],
      "k_iter": 3
    }
  }
}