{
  "color_space": {
    "rgb": {
      "r": 82,
      "g": 109,
      "b": 57
    },
    "hsv": {
      "h_lower": 71,
      "h_upper": 129,
      "s": 107,
      "v": 107
    },
    "lab": {
      "l": [
        77,
        214
      ],
      "a": 24,
      "b": 54
    }
  },
  "sor": {
    "meanK": 93,
    "StddevMultThresh": 1.7622825207665695
  },
  "counting": {
    "general": {
      "voxel_res": 0.006426435489388984,
      "seed_res": 0.030134946556902485
    },
    "lccp1": {
      "color": 0.20482688172615482,
      "space": 0.7400981628143875,
      "normal": 0.4373643596494984,
      "ct": 95.2344349916075,
      "st": 0.22031420556929215
    },
    "lccp2": {
      "color": 0.0044970232301027036,
      "space": 0.6618314039330535,
      "normal": 0.30454482881624995,
      "ct": 68.13352239157082,
      "st": 0.3469148748327968
    },
    "global_weights": {
      "w_length": 0.8193173462938322,
      "w_cross": 0.6040574829329967,
      "w_volume": 0.20104220659826208
    },
    "ideals": {
      "length": [
        0.007688329591901518,
        0.021776015085128903
      ],
      "cross": [
        0.5135309908132111,
        1.3144509822148478
      ],
      "volume": [
        2.0678433352195888e-07,
        1.4572942791616055e-06
      ],
      "k_iter": 3
    }
  }
}