{
  "color_space": {
    "rgb": {
      "r": 186,
      "g": 85,
      "b": 160
    },
    "hsv": {
      "h_lower": 57,
      "h_upper": 162,
      "s": 120,
      "v": 91
    },
    "lab": {
      "l": [
        82,
        249
      ],
      "a": 160,
      "b": 153
    }
  },
  "sor": {
    "meanK": 96,
    "StddevMultThresh": 1.1776116907858027
  },
  "counting": {
    "general": {
      "voxel_res": 0.005698502338795999,
      "seed_res": 0.0203568104520465
    },
    "lccp1": {
      "color": 0.1794021887225498,
      "space": 0.6258787049955068,
      "normal": 0.4013569203061052,
      "ct": 30.55039131934178,
      "st": 0.3626031171695132
    },
    "lccp2": {
      "color": 0.1918684486948774,
      "space": 0.6339114949692526,
      "normal": 0.2554714309120272,
      "ct": 63.84777297516589,
      "st": 0.714433045411596
    },
    "global_weights": {
      "w_length": 0.9193902353995741,
      "w_cross": 0.5411095606268095,
      "w_volume": 0.49204380001787196
    },
    "ideals": {
      "length": [
        0.005706194859733061,
        0.02379891294767265
      ],
      "cross": [
        0.7177384066243606,
        1.2602497111016817
      ],
      "volume": [
        6.016591388032206e-08,
        9.150048355735651e-07
      ],
      "k_iter": 3
    }
  }
}