{
  "color_space": {
    "rgb": {
      "r": 190,
      "g": 129,
      "b": 70
    },
    "hsv": {
      "h_lower": 14,
      "h_upper": 173,
      "s": 83,
      "v": 96
    },
    "lab": {
      "l": [
        49,
        205
      ],
      "a": 138,
      "b": 112
    }
  },
  "sor": {
    "meanK": 97,
    "StddevMultThresh": 1.7059462970122832
  },
  "counting": {
    "general": {
      "voxel_res": 0.006999610505153457,
      "seed_res": 0.02394188229916388
    },
    "lccp1": {
      "color": 0.35668297523672354,
      "space": 0.452050038197489,
      "normal": 0.5018593668161195,
      "ct": 36.81851784181177,
      "st": 0.3739559843693262
    },
    "lccp2": {
      "color": 0.3988128113409086,
      "space": 0.25899882199196456,
      "normal": 0.7191855655040758,
      "ct": 14.296417097289691,
      "st": 0.8843399439357511
    },
    "global_weights": {
      "w_length": 0.6586379181704841,
      "w_cross": 0.47310794571135195,
      "w_volume": 0.6703424501010099
    },
    "ideals": {
      "length": [
        0.009610320320472036,
        0.024121957875733818
      ],
      "cross": [
        0.5819180438583508,
        1.442844415299775
      ],
      "volume": [
        1.1401007673275921e-07,
        1.2687487558008046e-06
      ],
      "k_iter": 1
    }
  }
}