{
  "color_space": {
    "rgb": {
      "r": 78,
      "g": 151,
      "b": 90
    },
    "hsv": {
      "h_lower": 53,
      "h_upper": 115,
      "s": 83,
      "v": 64
    },
    "lab": {
      "l": [
        78,
        252
      ],
      "a": 148,
      "b": 72
    }
  },
  "sor": {
    "meanK": 48,
    "StddevMultThresh": 1.3894383544249165
  },
  "counting": {
    "general": {
      "voxel_res": 0.006009032904922094,
      "seed_res": 0.033856752168278124
    },
    "lccp1": {
      "color": 0.2998561331945777,
      "space": 0.6371520426192052,
      "normal": 0.32963919665749203,
      "ct": 80.62487947961554,
      "st": 0.5917824911940933
    },
    "lccp2": {
      "color": 0.0707271326876366,
      "space": 0.31694956677610003,
      "normal": 0.5499953823635106,
      "ct": 11.709111925522535,
      "st": 0.09176165597231312
    },
    "global_weights": {
      "w_length": 0.26832086096456603,
      "w_cross": 0.373638909737254,
      "w_volume": 0.8444934351345081
    },
    "ideals": {
      "length": [
        0.0058629710683213015,
        0.02368365912934734
      ],
      "cross": [
        0.6912417146356677,
        1.4886362388812657
      ],
      "volume": [
        2.475449882033381e-07,
        8.543920480170716e-07
      ],
      "k_iter": 1
    }
  }
}