{
  "color_space": {
    "rgb": {
      "r": 182,
      "g": 123,
      "b": 134
    },
    "hsv": {
      "h_lower": 16,
      "h_upper": 138,
      "s": 81,
      "v": 82
    },
    "lab": {
      "l": [
        50,
        198
      ],
      "a": 143,
      "b": 120
    }
  },
  "sor": {
    "meanK": 54,
    "StddevMultThresh": 2.0191918526032535
  },
  "counting": {
    "general": {
      "voxel_res": 0.006742718594339512,
      "seed_res": 0.029683738245265635
    },
    "lccp1": {
      "color": 0.1569676303935755,
      "space": 0.4988415242251846,
      "normal": 0.5312353862054593,
      "ct": 62.457150157509446,
      "st": 0.5088450509208797
    },
    "lccp2": {
      "color": 0.2351594127195552,
      "space": 0.40890430787963133,
      "normal": 0.5799975605845059,
      "ct": 62.33100007243209,
      "st": 0.4212395020318532
    },
    "global_weights": {
      "w_length": 0.5292282721679918,
      "w_cross": 0.529697795876757,
      "w_volume": 0.5313412460167223
    },
    "ideals": {
      "length": [
        0.020751443798046713,
        0.05130789423843552
      ],
      "cross": [
        0.5816982031231215,
        1.4457456092046075
      ],
      "volume": [
        1.2888218560975076e-07,
        1.0842835579119785e-06
      ],
      "k_iter": 2
    }
  }
}