{
  "color_space": {
    "rgb": {
      "r": 117,
      "g": 129,
      "b": 163
    },
    "hsv": {
      "h_lower": 14,
      "h_upper": 116,
      "s": 58,
      "v": 96
    },
    "lab": {
      "l": [
        33,
        213
      ],
      "a": 131,
      "b": 37
    }
  },
  "sor": {
    "meanK": 74,
    "StddevMultThresh": 1.3864793481603204
  },
  "counting": {
    "general": {
      "voxel_res": 0.005079238874163211,
      "seed_res": 0.014954682886641726
    },
    "lccp1": {
      "color": 0.09695162015946251,
      "space": 0.5059021733571757,
      "normal": 0.6253214286353503,
      "ct": 102.01942557857197,
      "st": 0.6643727382127808
    },
    "lccp2": {
      "color": 0.060344222251161074,
      "space": 0.6791312564277787,
      "normal": 0.5845790033140882,
      "ct": 120.68684266090015,
      "st": 0.26535305573820944
    },
    "global_weights": {
      "w_length": 0.9907864445747785,
      "w_cross": 0.22931586482487476,
      "w_volume": 0.8207916486195093
    },
    "ideals": {
      "length": [
        0.0076361057804503005,
        0.022649459085869423
      ],
      "cross": [
        0.5874649993931729,
        1.2877156860280918
      ],
      "volume": [
        5.860874476137444e-08,
        8.523334726320885e-07
      ],
      "k_iter": 2
    }
  }
}