{
  "color_space": {
    "rgb": {
      "r": 118,
      "g": 181,
      "b": 74
    },
    "hsv": {
      "h_lower": 57,
      "h_upper": 138,
      "s": 74,
      "v": 134
    },
    "lab": {
      "l": [
        55,
        204
      ],
      "a": 120,
      "b": 117
    }
  },
  "sor": {
    "meanK": 59,
    "StddevMultThresh": 2.2321862999682933
  },
  "counting": {
    "general": {
      "voxel_res": 0.0065666041024459824,
      "seed_res": 0.028834360447176945
    },
    "lccp1": {
      "color": 0.15438476531154302,
      "space": 0.44730017891089624,
      "normal": 0.5529541447576837,
      "ct": 60.95025867918538,
      "st": 0.5653449449842135
    },
    "lccp2": {
      "color": 0.2487869080220804,
      "space": 0.4136518385199745,
      "normal": 0.6255844312505301,
      "ct": 50.49580889996596,
      "st": 0.48757117166594743
    },
    "global_weights": {
      "w_length": 0.5115918408060779,
      "w_cross": 0.7010910888252139,
      "w_volume": 0.535918906501123
    },
    "ideals": {
      "length": [
        0.020776009455130584,
        0.04437244345726759
      ],
      "cross": [
        0.598808725161255,
        1.403103255063571
      ],
      "volume": [
        1.2833988962852615e-07,
        1.0413202432742665e-06
      ],
      "k_iter": 2
    }
  }
}