{
  "color_space": {
    "rgb": {
      "r": 69,
      "g": 188,
      "b": 57
    },
    "hsv": {
      "h_lower": 38,
      "h_upper": 155,
      "s": 74,
      "v": 133
    },
    "lab": {
      "l": [
        60,
        165
      ],
      "a": 75,
      "b": 32
    }
  },
  "sor": {
    "meanK": 79,
    "StddevMultThresh": 1.514462380189993
  },
  "counting": {
    "general": {
      "voxel_res": 0.006165896036467463,
      "seed_res": 0.02416666694544051
    },
    "lccp1": {
      "color": 0.2966356516995572,
      "space": 0.2852488277110923,
      "normal": 0.20995088327112535,
      "ct": 82.58896691880608,
      "st": 0.1725408839587429
    },
    "lccp2": {
      "color": 0.01050680362450307,
      "space": 0.34199748250593803,
      "normal": 0.7654841967799815,
      "ct": 28.417053449406833,
      "st": 0.16746970421058494
    },
    "global_weights": {
      "w_length": 0.9168609067394905,
      "w_cross": 0.9229260023136642,
      "w_volume": 0.10931264110428542
    },
    "ideals": {
      "length": [
        0.009906401044349276,
        0.021227940790200395
      ],
      "cross": [
        0.5250278885330797,
        1.587510662834338
      ],
      "volume": [
        1.6704397630280056e-07,
        9.913938301998032e-07
      ],
      "k_iter": 2
    }
  }
}