{
  "color_space": {
    "rgb": {
      "r": 88,
      "g": 110,
      "b": 58
    },
    "hsv": {
      "h_lower": 8,
      "h_upper": 165,
      "s": 86,
      "v": 106
    },
    "lab": {
      "l": [
        40,
        204
      ],
      "a": 133,
      "b": 103
    }
  },
  "sor": {
    "meanK": 60,
    "StddevMultThresh": 2.175315163932667
  },
  "counting": {
    "general": {
      "voxel_res": 0.006774370949906604,
      "seed_res": 0.011664675561151996
    },
    "lccp1": {
      "color": 0.3066256387994684,
      "space": 0.44705074389674304,
      "normal": 0.7116870610387438,
      "ct": 161.3904681161572,
      "st": 0.05209240402306292
    },
    "lccp2": {
      "color": 0.31768041860764096,
      "space": 0.6784534139165612,
      "normal": 0.5082454763459399,
      "ct": 167.45546197426336,
      "st": 0.19502906214685012
    },
    "global_weights": {
      "w_length": 0.49220850153149276,
      "w_cross": 0.3697212379578523,
      "w_volume": 0.9017229053640617
    },
    "ideals": {
      "length": [
        0.009582444930661006,
        0.022830152159628667
      ],
      "cross": [
        0.4752055747978056,
        1.231833674373868
      ],
      "volume": [
        1.0711740482395448e-07,
        1.1077458331493397e-06
      ],
      "k_iter": 1
    }
  }
}