{
  "color_space": {
    "rgb": {
      "r": 77,
      "g": 129,
      "b": 162
    },
    "hsv": {
      "h_lower": 18,
      "h_upper": 107,
      "s": 137,
      "v": 145
    },
    "lab": {
      "l": [
        10,
        233
      ],
      "a": 150,
      "b": 160
    }
  },
  "sor": {
    "meanK": 60,
    "StddevMultThresh": 2.924391219381631
  },
  "counting": {
    "general": {
      "voxel_res": 0.0062980274374177525,
      "seed_res": 0.014226676739136907
    },
    "lccp1": {
      "color": 0.05285350658054098,
      "space": 0.27609434034160407,
      "normal": 0.36773243645376136,
      "ct": 87.4286880862764,
      "st": 0.6712484257575686
    },
    "lccp2": {
      "color": 0.014038613269836731,
      "space": 0.5956864672097468,
      "normal": 0.7193933377589896,
      "ct": 116.89218620302995,
      "st": 0.8214723727866392
    },
    "global_weights": {
      "w_length": 0.6040861036867502,
      "w_cross": 0.7563943780730328,
      "w_volume": 0.1030629533686527
    },
    "ideals": {
      "length": [
        0.009609096530338406,
        0.02070187397088173
      ],
      "cross": [
        0.7275488187494605,
        1.4337927916503257
      ],
      "volume": [
        1.4776997463361372e-07,
        1.4006616763564673e-06
      ],
      "k_iter": 3
    }
  }
}