{
  "color_space": {
    "rgb": {
      "r": 124,
      "g": 185,
      "b": 103
    },
    "hsv": {
      "h_lower": 11,
      "h_upper": 124,
      "s": 91,
      "v": 84
    },
    "lab": {
      "l": [
        99,
        159
      ],
      "a": 139,
      "b": 170
    }
  },
  "sor": {
    "meanK": 62,
    "StddevMultThresh": 1.8548842969418164
  },
  "counting": {
    "general": {
      "voxel_res": 0.005902166906568452,
      "seed_res": 0.01674723246768082
    },
    "lccp1": {
      "color": 0.02336209387930075,
      "space": 0.6611146760478233,
      "normal": 0.21948021547787755,
      "ct": 58.602188458191584,
      "st": 0.05876501706654824
    },
    "lccp2": {
      "color": 0.20583059827035008,
      "space": 0.6391839016859477,
      "normal": 0.2433681335583081,
      "ct": 115.105025552231,
      "st": 0.18525565076816775
    },
    "global_weights": {
      "w_length": 0.6575535533588686,
      "w_cross": 0.46676180123707467,
      "w_volume": 0.740916077675762
    },
    "ideals": {
      "length": [
        0.008025672835503945,
        0.020799183897406155
      ],
      "cross": [
        0.6809894592925754,
        1.5901513859279859
      ],
      "volume": [
        4.9165780435963736e-08,
        1.267254444519476e-06
      ],
      "k_iter": 4
    }
  }
}