{
  "color_space": {
    "rgb": {
      "r": 139,
      "g": 115,
      "b": 185
    },
    "hsv": {
      "h_lower": 73,
      "h_upper": 153,
      "s": 111,
      "v": 118
    },
    "lab": {
      "l": [
        48,
        153
      ],
      "a": 34,
      "b": 71
    }
  },
  "sor": {
    "meanK": 76,
    "StddevMultThresh": 2.816630690140955
  },
  "counting": {
    "general": {
      "voxel_res": 0.0068420266482806386,
      "seed_res": 0.017478702301930257
    },
    "lccp1": {
      "color": 0.16774494875047435,
      "space": 0.3349520173395487,
      "normal": 0.75578159549312,
      "ct": 157.30755281316652,
      "st": 0.03677794631270581
    },
    "lccp2": {
      "color": 0.23546990768012066,
      "space": 0.6025468825391893,
      "normal": 0.26092292694716457,
      "ct": 14.96923452811469,
      "st": 0.23182406249845122
    },
    "global_weights": {
      "w_length": 0.35601333952982817,
      "w_cross": 0.6337713308628887,
      "w_volume": 0.49429439141737674
    },
    "ideals": {
      "length": [
        0.005062605612404524,
        0.021590144045642263
      ],
      "cross": [
        0.7346499698747695,
        1.5834118289068717
      ],
      "volume": [
        1.4832357946525488e-07,
        1.501357133866718e-06
      ],
      "k_iter": 2
    }
  }
}