{
  "color_space": {
    "rgb": {
      "r": 111,
      "g": 74,
      "b": 197
    },
    "hsv": {
      "h_lower": 17,
      "h_upper": 118,
      "s": 55,
      "v": 98
    },
    "lab": {
      "l": [
        24,
        150
      ],
      "a": 3,
      "b": 82
    }
  },
  "sor": {
    "meanK": 60,
    "StddevMultThresh": 2.436053357185206
  },
  "counting": {
    "general": {
      "voxel_res": 0.006251757035569935,
      "seed_res": 0.024185303078162673
    },
    "lccp1": {
      "color": 0.08990725402422686,
      "space": 0.6247252777047572,
      "normal": 0.5911557017967315,
      "ct": 27.848619003520643,
      "st": 0.09539485040081119
    },
    "lccp2": {
      "color": 0.06905224129893343,
      "space": 0.32853578192017485,
      "normal": 0.5223393502942867,
      "ct": 143.43195936886704,
      "st": 0.9999117975618899
    },
    "global_weights": {
      "w_length": 0.5122831736006491,
      "w_cross": 0.16256095385586047,
      "w_volume": 0.7835235248269583
    },
    "ideals": {
      "length": [
        0.0065554028955796175,
        0.021574380870785434
      ],
      "cross": [
        0.6348169821816698,
        1.2669258966291093
      ],
      "volume": [
        9.111779085303787e-08,
        1.4124541592922989e-06
      ],
      "k_iter": 2
    }
  }
}