{
  "color_space": {
    "rgb": {
      "r": 71,
      "g": 64,
      "b": 62
    },
    "hsv": {
      "h_lower": 16,
      "h_upper": 145,
      "s": 131,
      "v": 144
    },
    "lab": {
      "l": [
        79,
        167
      ],
      "a": 123,
      "b": 161
    }
  },
  "sor": {
    "meanK": 48,
    "StddevMultThresh": 2.6611911508136754
  },
  "counting": {
    "general": {
      "voxel_res": 0.0058623143251187,
      "seed_res": 0.03351512690385028
    },
    "lccp1": {
      "color": 0.3700552391332049,
      "space": 0.36998093867940407,
      "normal": 0.5223151409417897,
      "ct": 92.70888726920253,
      "st": 0.9310538907073795
    },
    "lccp2": {
      "color": 0.02587197869587876,
      "space": 0.5073655046181712,
      "normal": 0.5124227747460306,
      "ct": 86.5519287349761,
      "st": 0.9561554731660383
    },
    "global_weights": {
      "w_length": 0.18752161258603722,
      "w_cross": 0.9099780838196977,
      "w_volume": 0.7709763956340101
    },
    "ideals": {
      "length": [
        0.006913474423532563,
        0.02055108761432098
      ],
      "cross": [
        0.4023405592870172,
        1.3567803637781908
      ],
      "volume": [
        2.384866437845617e-07,
        1.1692968864919274e-06
      ],
      "k_iter": 2
    }
  }
}