{
  "color_space": {
    "rgb": {
      "r": 165,
      "g": 173,
      "b": 155
    },
    "hsv": {
      "h_lower": 46,
      "h_upper": 152,
      "s": 58,
      "v": 96
    },
    "lab": {
      "l": [
        51,
        203
      ],
      "a": 103,
      "b": 113
    }
  },
  "sor": {
    "meanK": 59,
    "StddevMultThresh": 2.1487714054922225
  },
  "counting": {
    "general": {
      "voxel_res": 0.006981257890697158,
      "seed_res": 0.02780631426065912
    },
    "lccp1": {
      "color": 0.15235489533420946,
      "space": 0.43971338108013586,
      "normal": 0.5265967527851428,
      "ct": 63.554161743024004,
      "st": 0.5434876596081344
    },
    "lccp2": {
      "color": 0.2658585736082458,
      "space": 0.48595598822429925,
      "normal": 0.6444756894582246,
      "ct": 62.44811432739538,
      "st": 0.45180232451352637
    },
    "global_weights": {
      "w_length": 0.5329061962479424,
      "w_cross": 0.6266723011014088,
      "w_volume": 0.5739257830493816
    },
    "ideals": {
      "length": [
        0.01241988870277044,
        0.023196859700994076
      ],
      "cross": [
        0.5534050751773467,
        1.4796916146939396
      ],
      "volume": [
        1.0978235681832757e-07,
        1.180630206086344e-06
      ],
      "k_iter": 2
    }
  }
}