{
  "color_space": {
    "rgb": {
      "r": 128,
      "g": 54,
      "b": 165
    },
    "hsv": {
      "h_lower": 63,
      "h_upper": 162,
      "s": 92,
      "v": 75
    },
    "lab": {
      "l": [
        71,
        236
      ],
      "a": 98,
      "b": 57
    }
  },
  "sor": {
    "meanK": 41,
    "StddevMultThresh": 1.3636211790372124
  },
  "counting": {
    "general": {
      "voxel_res": 0.005388105193870632,
      "seed_res": 0.015284170419561684
    },
    "lccp1": {
      "color": 0.21490364713060767,
      "space": 0.202191650503054,
      "normal": 0.44313202563578025,
      "ct": 127.35408214630604,
      "st": 0.44979682909997554
    },
    "lccp2": {
      "color": 0.14853108786409286,
      "space": 0.29901458600397424,
      "normal": 0.6909804461994473,
      "ct": 43.267702209785796,
      "st": 0.25469500268700496
    },
    "global_weights": {
      "w_length": 0.2479498348584515,
      "w_cross": 0.7602392588744781,
      "w_volume": 0.4590585158674755
    },
    "ideals": {
      "length": [
        0.009112885303335844,
        0.022005665944753987
      ],
      "cross": [
        0.4675312475512356,
        1.4036610444802813
      ],
      "volume": [
        1.0079523099514887e-07,
        8.860272988528619e-07
      ],
      "k_iter": 2
    }
  }
}