{
  "color_space": {
    "rgb": {
      "r": 156,
      "g": 183,
      "b": 61
    },
    "hsv": {
      "h_lower": 76,
      "h_upper": 161,
      "s": 55,
      "v": 108
    },
    "lab": {
      "l": [
        36,
        186
      ],
      "a": 73,
      "b": 12
    }
  },
  "sor": {
    "meanK": 42,
    "StddevMultThresh": 1.274955879427693
  },
  "counting": {
    "general": {
      "voxel_res": 0.007892755448479586,
      "seed_res": 0.015877789861135708
    },
    "lccp1": {
      "color": 0.11061791996515886,
      "space": 0.4963895596712502,
      "normal": 0.2477410266739722,
      "ct": 30.58891635885015,
      "st": 0.7892716140668993
    },
    "lccp2": {
      "color": 0.1946102900283568,
      "space": 0.24055005487684708,
      "normal": 0.7246934753812895,
      "ct": 160.4008629585093,
      "st": 0.9903028084725994
    },
    "global_weights": {
      "w_length": 0.10474606735070034,
      "w_cross": 0.9339900589665421,
      "w_volume": 0.25356499631112284
    },
    "ideals": {
      "length": [
        0.009192347022346526,
        0.021363628256179462
      ],
      "cross": [
        0.48494582578993706,
        1.2931957777908045
      ],
      "volume": [
        1.4309347339574376e-07,
        1.0573300679762029e-06
      ],
      "k_iter": 3
    }
  }
}