{
  "color_space": {
    "rgb": {
      "r": 189,
      "g": 80,
      "b": 52
    },
    "hsv": {
      "h_lower": 22,
      "h_upper": 112,
      "s": 88,
      "v": 96
    },
    "lab": {
      "l": [
        26,
        159
      ],
      "a": 69,
      "b": 149
    }
  },
  "sor": {
    "meanK": 41,
    "StddevMultThresh": 1.5187303702566415
  },
  "counting": {
    "general": {
      "voxel_res": 0.006418616184241123,
      "seed_res": 0.02038659299006023
    },
    "lccp1": {
      "color": 0.09208462074723119,
      "space": 0.5769719978391215,
      "normal": 0.7214881866871876,
      "ct": 120.05188800306173,
      "st": 0.0705271287030953
    },
    "lccp2": {
      "color": 0.29581455365558845,
      "space": 0.4656706310874708,
      "normal": 0.2550785713007538,
      "ct": 168.65887398289328,
      "st": 0.20115792215557549
    },
    "global_weights": {
      "w_length": 0.6326347636200244,
      "w_cross": 0.16364985263178938,
      "w_volume": 0.9869329102437071
    },
    "ideals": {
      "length": [
        0.007976922810411652,
        0.022522079690102167
      ],
      "cross": [
        0.6716629782681593,
        1.202201622430544
      ],
      "volume": [
        3.4654291267575886e-08,
        1.1901744857254055e-06
      ],
      "k_iter": 4
    }
  }
}