{
  "color_space": {
    "rgb": {
      "r": 170,
      "g": 81,
      "b": 55
    },
    "hsv": {
      "h_lower": 18,
      "h_upper": 169,
      "s": 81,
      "v": 107
    },
    "lab": {
      "l": [
        43,
        209
      ],
      "a": 125,
      "b": 103
    }
  },
  "sor": {
    "meanK": 98,
    "StddevMultThresh": 1.6648561613907893
  },
  "counting": {
    "general": {
      "voxel_res": 0.00695818806281647,
      "seed_res": 0.03675669947055447
    },
    "lccp1": {
      "color": 0.09253071323082454,
      "space": 0.7457230263078203,
      "normal": 0.5646712068537021,
      "ct": 29.407125648700454,
      "st": 0.8334996956043551
    },
    "lccp2": {
      "color": 0.25947654104939033,
      "space": 0.5830264127147206,
      "normal": 0.32925873285527674,
      "ct": 73.0685904828591,
      "st": 0.1752857944695957
    },
    "global_weights": {
      "w_length": 0.5591272320660233,
      "w_cross": 0.8296566015898872,
      "w_volume": 0.6609969669046198
    },
    "ideals": {
      "length": [
        0.007853890217659075,
        0.022568497218055837
      ],
      "cross": [
        0.5107135507661459,
        1.272544159865468
      ],
      "volume": [
        7.428595152166611e-08,
        1.2223412700765325e-06
      ],
      "k_iter": 3
    }
  }
}