{
  "color_space": {
    "rgb": {
      "r": 147,
      "g": 112,
      "b": 181
    },
    "hsv": {
      "h_lower": 74,
      "h_upper": 124,
      "s": 69,
      "v": 112
    },
    "lab": {
      "l": [
        46,
        191
      ],
      "a": 137,
      "b": 107
    }
  },
  "sor": {
    "meanK": 51,
    "StddevMultThresh": 1.9732984774475641
  },
  "counting": {
    "general": {
      "voxel_res": 0.006132634902035637,
      "seed_res": 0.02881700425958233
    },
    "lccp1": {
      "color": 0.18360052474524388,
      "space": 0.41253918832873215,
      "normal": 0.5109862750334121,
      "ct": 65.12874061790737,
      "st": 0.587842622332317
    },
    "lccp2": {
      "color": 0.2155109764123606,
      "space": 0.4261169392071105,
      "normal": 0.5506312279757278,
      "ct": 61.82498005150609,
      "st": 0.3594924975952495
    },
    "global_weights": {
      "w_length": 0.4581338680839425,
      "w_cross": 0.6613819573766513,
      "w_volume": 0.4570260379214039
    },
    "ideals": {
      "length": [
        0.023696209538756733,
        0.06570127494228538
      ],
      "cross": [
        0.5845779402176091,
        1.3779726527153453
      ],
      "volume": [
        1.2201588612661209e-07,
        1.1861514613264577e-06
      ],
      "k_iter": 2
    }
  }
}