{
  "color_space": {
    "rgb": {
      "r": 78,
      "g": 127,
      "b": 56
    },
    "hsv": {
      "h_lower": 18,
      "h_upper": 178,
      "s": 83,
      "v": 92
    },
    "lab": {
      "l": [
        43,
        197
      ],
      "a": 143,
      "b": 110
    }
  },
  "sor": {
    "meanK": 53,
    "StddevMultThresh": 1.7655917263420091
  },
  "counting": {
    "general": {
      "voxel_res": 0.005093386637192286,
      "seed_res": 0.015658963122569095
    },
    "lccp1": {
      "color": 0.034712913569058305,
      "space": 0.49489740585189423,
      "normal": 0.23290798463901735,
      "ct": 131.10579359094305,
      "st": 0.9888848201431976
    },
    "lccp2": {
      "color": 0.0457322910185817,
      "space": 0.4790098238138017,
      "normal": 0.7302087388147356,
      "ct": 67.38222469271196,
      "st": 0.9766330526189695
    },
    "global_weights": {
      "w_length": 0.3029337579631878,
      "w_cross": 0.8572862221020144,
      "w_volume": 0.3747006433660335
    },
    "ideals": {
      "length": [
        0.005658266649180342,
        0.022501687386827986
      ],
      "cross": [
        0.6943279407856298,
        1.2595753722702356
      ],
      "volume": [
        6.10791680906431e-08,
        1.302608448856139e-06
      ],
      "k_iter": 1
    }
  }
}