{
  "color_space": {
    "rgb": {
      "r": 61,
      "g": 89,
      "b": 115
    },
    "hsv": {
      "h_lower": 25,
      "h_upper": 109,
      "s": 108,
      "v": 96
    },
    "lab": {
      "l": [
        21,
        171
      ],
      "a": 88,
      "b": 132
    }
  },
  "sor": {
    "meanK": 72,
    "StddevMultThresh": 2.104730422199816
  },
  "counting": {
    "general": {
      "voxel_res": 0.005704830437119438,
      "seed_res": 0.01366022822711921
    },
    "lccp1": {
      "color": 0.19562573791835447,
      "space": 0.49052145656014495,
      "normal": 0.465342022410257,
      "ct": 134.0268360044994,
      "st": 0.10018152841491001
    },
    "lccp2": {
      "color": 0.33555953794503207,
      "space": 0.26568660199485433,
      "normal": 0.42858057084564394,
      "ct": 97.28981195689079,
      "st": 0.9659631996290041
    },
    "global_weights": {
      "w_length": 0.7103564144619539,
      "w_cross": 0.8276804615223055,
      "w_volume": 0.14626703346569586
    },
    "ideals": {
      "length": [
        0.008932433070933183,
        0.024542427878801606
      ],
      "cross": [
        0.6235713290280301,
        1.4207833360890867
      ],
      "volume": [
        2.3830609874381214e-07,
        9.157035444815087e-07
      ],
      "k_iter": 2
    }
  }
}