{
  "color_space": {
    "rgb": {
      "r": 153,
      "g": 197,
      "b": 55
    },
    "hsv": {
      "h_lower": 65,
      "h_upper": 106,
      "s": 96,
      "v": 63
    },
    "lab": {
      "l": [
        38,
        152
      ],
      "a": 146,
      "b": 102
    }
  },
  "sor": {
    "meanK": 93,
    "StddevMultThresh": 2.902246239717034
  },
  "counting": {
    "general": {
      "voxel_res": 0.005063857878326425,
      "seed_res": 0.02066206667349867
    },
    "lccp1": {
      "color": 0.11624651531208495,
      "space": 0.7035695403321369,
      "normal": 0.6522324278514535,
      "ct": 116.72684744498247,
      "st": 0.17411114212533418
    },
    "lccp2": {
      "color": 0.05031673618689805,
      "space": 0.4098231310494936,
      "normal": 0.455259549030436,
      "ct": 141.30576409363846,
      "st": 0.960443061990314
    },
    "global_weights": {
      "w_length": 0.49843318482507326,
      "w_cross": 0.25916052142496016,
      "w_volume": 0.4217753433885564
    },
    "ideals": {
      "length": [
        0.006416317558478423,
        0.02163682364896833
      ],
      "cross": [
        0.44466614750078076,
        1.391892203828903
      ],
      "volume": [
        1.8465059821717996e-07,
        1.3588526742632653e-06
      ],
      "k_iter": 4
    }
  }
}