{
  "color_space": {
    "rgb": {
      "r": 197,
      "g": 170,
      "b": 195
    },
    "hsv": {
      "h_lower": 43,
      "h_upper": 113,
      "s": 103,
      "v": 139
    },
    "lab": {
      "l": [
        52,
        197
      ],
      "a": 137,
      "b": 113
    }
  },
  "sor": {
    "meanK": 57,
    "StddevMultThresh": 1.9294772160705427
  },
  "counting": {
    "general": {
      "voxel_res": 0.006475176516465813,
      "seed_res": 0.0295080237285417
    },
    "lccp1": {
      "color": 0.17804410766512382,
      "space": 0.4796010762675144,
      "normal": 0.5145110174178662,
      "ct": 60.33037837485979,
      "st": 0.44906482708356316
    },
    "lccp2": {
      "color": 0.22860206637356165,
      "space": 0.5367366419172165,
      "normal": 0.5691916160403218,
      "ct": 52.3237737057764,
      "st": 0.3803319398506043
    },
    "global_weights": {
      "w_length": 0.5381573379423018,
      "w_cross": 0.6330627489260479,
      "w_volume": 0.5430629561444823
    },
    "ideals": {
      "length": [
        0.02449468246540983,
        0.03748215590238143
      ],
      "cross": [
        0.6064028678089,
        1.431977365760318
      ],
      "volume": [
        1.2737189434670972e-07,
        1.067900010834071e-06
      ],
      "k_iter": 2
    }
  }
}