{
  "color_space": {
    "rgb": {
      "r": 95,
      "g": 194,
      "b": 70
    },
    "hsv": {
      "h_lower": 22,
      "h_upper": 122,
      "s": 143,
      "v": 63
    },
    "lab": {
      "l": [
        40,
        197
      ],
      "a": 143,
      "b": 96
    }
  },
  "sor": {
    "meanK": 72,
    "StddevMultThresh": 1.47333066360724
  },
  "counting": {
    "general": {
      "voxel_res": 0.005342759176195163,
      "seed_res": 0.022207514696617563
    },
    "lccp1": {
      "color": 0.20171268921823043,
      "space": 0.2512006959112427,
      "normal": 0.2614823114611942,
      "ct": 164.43582554357525,
      "st": 0.35307104255220656
    },
    "lccp2": {
      "color": 0.024763233607933224,
      "space": 0.575655499173493,
      "normal": 0.36669311891016054,
      "ct": 43.24422429246589,
      "st": 0.5178919402475864
    },
    "global_weights": {
      "w_length": 0.3861166436413318,
      "w_cross": 0.2559896799005569,
      "w_volume": 0.32691245218653464
    },
    "ideals": {
      "length": [
        0.00705745728723598,
        0.02124529700671817
      ],
      "cross": [
        0.40683909175871147,
        1.5829244070501125
      ],
      "volume": [
        3.881659767044531e-08,
        1.2218312298861184e-06
      ],
      "k_iter": 3
    }
  }
}