{
  "color_space": {
    "rgb": {
      "r": 136,
      "g": 111,
      "b": 50
    },
    "hsv": {
      "h_lower": 51,
      "h_upper": 126,
      "s": 116,
      "v": 68
    },
    "lab": {
      "l": [
        46,
        157
      ],
      "a": 162,
      "b": 4
    }
  },
  "sor": {
    "meanK": 61,
    "StddevMultThresh": 2.632655920887589
  },
  "counting": {
    "general": {
      "voxel_res": 0.005939553669688551,
      "seed_res": 0.012102290809407673
    },
    "lccp1": {
      "color": 0.3732708750282427,
      "space": 0.7401881758109539,
      "normal": 0.2739852926226965,
      "ct": 152.0383315044103,
      "st": 0.7579487471023755
    },
    "lccp2": {
      "color": 0.3337399821472696,
      "space": 0.7410309462981748,
      "normal": 0.39085461718516956,
      "ct": 76.3733972863544,
      "st": 0.7890037817098372
    },
    "global_weights": {
      "w_length": 0.2825116027794395,
      "w_cross": 0.497889681084159,
      "w_volume": 0.6761386176581637
    },
    "ideals": {
      "length": [
        0.006949424847857023,
        0.022626424351954038
      ],
      "cross": [
        0.71433702687833,
        1.2723719632782213
      ],
      "volume": [
        4.922315272119628e-08,
        1.344444279492528e-06
      ],
      "k_iter": 2
    }
  }
}