{
  "color_space": {
    "rgb": {
      "r": 123,
      "g": 143,
      "b": 199
    },
    "hsv": {
      "h_lower": 53,
      "h_upper": 104,
      "s": 122,
      "v": 111
    },
    "lab": {
      "l": [
        51,
        236
      ],
      "a": 16,
      "b": 161
    }
  },
  "sor": {
    "meanK": 97,
    "StddevMultThresh": 2.2073831539257904
  },
  "counting": {
    "general": {
      "voxel_res": 0.006924984090098559,
      "seed_res": 0.03813951417839509
    },
    "lccp1": {
      "color": 0.05610480903248885,
      "space": 0.512960410874238,
      "normal": 0.4479096585658465,
      "ct": 102.05924362343902,
      "st": 0.21561059362118484
    },
    "lccp2": {
      "color": 0.36544270540208745,
      "space": 0.7574659404830375,
      "normal": 0.20941850964347086,
      "ct": 81.22353857946788,
      "st": 0.5057933380012537
    },
    "global_weights": {
      "w_length": 0.8101424461858205,
      "w_cross": 0.5675159396370818,
      "w_volume": 0.7632956703102257
    },
    "ideals": {
      "length": [
        0.005169636764244774,
        0.024148515998099664
      ],
      "cross": [
        0.4718752425513579,
        1.578981017762366
      ],
      "volume": [
        1.0017029483532609e-07,
        7.628162232870259e-07
      ],
      "k_iter": 3
    }
  }
}