{
  "color_space": {
    "rgb": {
      "r": 88,
      "g": 100,
      "b": 108
    },
    "hsv": {
      "h_lower": 54,
      "h_upper": 108,
      "s": 76,
      "v": 97
    },
    "lab": {
      "l": [
        44,
        197
      ],
      "a": 141,
      "b": 118
    }
  },
  "sor": {
    "meanK": 51,
    "StddevMultThresh": 2.043417372844231
  },
  "counting": {
    "general": {
      "voxel_res": 0.006197224326868841,
      "seed_res": 0.026638547788683947
    },
    "lccp1": {
      "color": 0.19803677528273103,
      "space": 0.4180728700895139,
      "normal": 0.5802913785103968,
      "ct": 64.68508481840757,
      "st": 0.4239992401069415
    },
    "lccp2": {
      "color": 0.2078592249736524,
      "space": 0.48409036616608486,
      "normal": 0.5585475913398986,
      "ct": 64.73038664502484,
      "st": 0.46220945710903066
    },
    "global_weights": {
      "w_length": 0.5795371916025445,
      "w_cross": 0.5868037228145099,
      "w_volume": 0.559250455885722
    },
    "ideals": {
      "length": [
        0.021112247726429275,
        0.02943582070916021
      ],
      "cross": [
        0.5892554226705977,
        1.468469019181277
      ],
      "volume": [
        1.0720359235179441e-07,
        1.0332927217627666e-06
      ],
      "k_iter": 2
    }
  }
}