{
  "color_space": {
    "rgb": {
      "r": 120,
      "g": 166,
      "b": 140
    },
    "hsv": {
      "h_lower": 40,
      "h_upper": 107,
      "s": 129,
      "v": 150
    },
    "lab": {
      "l": [
        49,
        197
      ],
      "a": 100,
      "b": 120
    }
  },
  "sor": {
    "meanK": 57,
    "StddevMultThresh": 2.1202247648453687
  },
  "counting": {
    "general": {
      "voxel_res": 0.006049606363844429,
      "seed_res": 0.022903491884971764
    },
    "lccp1": {
      "color": 0.14784288438330304,
      "space": 0.47313483052489,
      "normal": 0.5709604475263913,
      "ct": 62.79800522503349,
      "st": 0.5655627605751065
    },
    "lccp2": {
      "color": 0.21866087424627934,
      "space": 0.4019645159168267,
      "normal": 0.5257362587445827,
      "ct": 53.32346103974524,
      "st": 0.3937950943742987
    },
    "global_weights": {
      "w_length": 0.4600832865845818,
      "w_cross": 0.6992192259495216,
      "w_volume": 0.5380821516772897
    },
    "ideals": {
      "length": [
        0.02381372583259304,
        0.061737088877003576
      ],
      "cross": [
        0.5862366866677793,
        1.4878494121018582
      ],
      "volume": [
        1.4492268175233793e-07,
        1.1680194159681062e-06
      ],
      "k_iter": 3
    }
  }
}