{
  "color_space": {
    "rgb": {
      "r": 153,
      "g": 98,
      "b": 94
    },
    "hsv": {
      "h_lower": 63,
      "h_upper": 133,
      "s": 53,
      "v": 80
    },
    "lab": {
      "l": [
        95,
        205
      ],
      "a": 75,
      "b": 120
    }
  },
  "sor": {
    "meanK": 46,
    "StddevMultThresh": 2.3136992530091542
  },
  "counting": {
    "general": {
      "voxel_res": 0.006645623368309735,
      "seed_res": 0.034224769792916034
    },
    "lccp1": {
      "color": 0.02444337468038138,
      "space": 0.395227370862747,
      "normal": 0.3029734049501705,
      "ct": 122.7809927018634,
      "st": 0.13881285879210292
    },
    "lccp2": {
      "color": 0.21946819341609447,
      "space": 0.7747215728988397,
      "normal": 0.4251732906812874,
      "ct": 138.59666387364948,
      "st": 0.31679769695086113
    },
    "global_weights": {
      "w_length": 0.4685770196925193,
      "w_cross": 0.7019810028213198,
      "w_volume": 0.7280356528597306
    },
    "ideals": {
      "length": [
        0.006071891671101283,
        0.022018059644578005
      ],
      "cross": [
        0.6057578997681642,
        1.51482497752075
      ],
      "volume": [
        2.157437462261147e-07,
        1.3755745363682713e-06
      ],
      "k_iter": 3
    }
  }
}