{
  "color_space": {
    "rgb": {
      "r": 169,
      "g": 130,
      "b": 89
    },
    "hsv": {
      "h_lower": 6,
      "h_upper": 151,
      "s": 76,
      "v": 83
    },
    "lab": {
      "l": [
        79,
        254
      ],
      "a": 70,
      "b": 13
    }
  },
  "sor": {
    "meanK": 65,
    "StddevMultThresh": 2.8255731363220242
  },
  "counting": {
    "general": {
      "voxel_res": 0.0067535101800804635,
      "seed_res": 0.032585855035864676
    },
    "lccp1": {
      "color": 0.1300778563068637,
      "space": 0.7321750429736524,
      "normal": 0.7080252634362048,
      "ct": 108.91897211020465,
      "st": 0.09846985151927912
    },
    "lccp2": {
      "color": 0.17838024952064876,
      "space": 0.6315590733673448,
      "normal": 0.7556499600642674,
      "ct": 98.30789057700972,
      "st": 0.13396743601130545
    },
    "global_weights": {
      "w_length": 0.9701477550792073,
      "w_cross": 0.585878282953942,
      "w_volume": 0.8647337867490772
    },
    "ideals": {
      "length": [
        0.005010667967288029,
        0.02343188284808163
      ],
      "cross": [
        0.5587358953320629,
        1.4509080447553453
      ],
      "volume": [
        2.4857591080129127e-07,
        9.38089577246678e-07
      ],
      "k_iter": 1
    }
  }
}