{
  "color_space": {
    "rgb": {
      "r": 88,
      "g": 75,
      "b": 112
    },
    "hsv": {
      "h_lower": 31,
      "h_upper": 118,
      "s": 94,
      "v": 63
    },
    "lab": {
      "l": [
        21,
        179
      ],
      "a": 137,
      "b": 147
    }
  },
  "sor": {
    "meanK": 46,
    "StddevMultThresh": 2.7295884792977168
  },
  "counting": {
    "general": {
      "voxel_res": 0.006205344410627004,
      "seed_res": 0.016014197919223285
    },
    "lccp1": {
      "color": 0.0032417599232007713,
      "space": 0.6221542750931566,
      "normal": 0.7985421484884296,
      "ct": 11.433879299844705,
      "st": 0.09789091985995457
    },
    "lccp2": {
      "color": 0.18806554346520077,
      "space": 0.6288197815860539,
      "normal": 0.20777897851134375,
      "ct": 51.21394480045295,
      "st": 0.44714554638527393
    },
    "global_weights": {
      "w_length": 0.2567519753011599,
      "w_cross": 0.1579702041186206,
      "w_volume": 0.5906498291346187
    },
    "ideals": {
      "length": [
        0.007157391165072132,
        0.02206726072248745
      ],
      "cross": [
        0.48408870324471104,
        1.3524927029795153
      ],
      "volume": [
        2.0759478992265422e-07,
        1.3274138813658473e-06
      ],
      "k_iter": 3
    }
  }
}