{
  "color_space": {
    "rgb": {
      "r": 129,
      "g": 150,
      "b": 80
    },
    "hsv": {
      "h_lower": 53,
      "h_upper": 138,
      "s": 92,
      "v": 124
    },
    "lab": {
      "l": [
        41,
        190
      ],
      "a": 101,
      "b": 106
    }
  },
  "sor": {
    "meanK": 52,
    "StddevMultThresh": 2.1849631506491103
  },
  "counting": {
    "general": {
      "voxel_res": 0.00645949001333206,
      "seed_res": 0.0232934790547028
    },
    "lccp1": {
      "color": 0.15556557797478301,
      "space": 0.45611163101754765,
      "normal": 0.5439814019258782,
      "ct": 72.2638820340129,
      "st": 0.5984463602851411
    },
    "lccp2": {
      "color": 0.28744454188314594,
      "space": 0.42743831585661196,
      "normal": 0.578682679582251,
      "ct": 53.32811049492574,
      "st": 0.48340496745473527
    },
    "global_weights": {
      "w_length": 0.4674213048829647,
      "w_cross": 0.6298404561550426,
      "w_volume": 0.5406843716641038
    },
    "ideals": {
      "length": [
        0.0075882446039760056,
        0.02246442346736742
      ],
      "cross": [
        0.5750774373086681,
        1.4173843990719879
      ],
      "volume": [
        1.2869937138686798e-07,
        9.848584035825876e-07
      ],
      "k_iter": 2
    }
  }
}