{
  "color_space": {
    "rgb": {
      "r": 125,
      "g": 82,
      "b": 60
    },
    "hsv": {
      "h_lower": 18,
      "h_upper": 100,
      "s": 95,
      "v": 71
    },
    "lab": {
      "l": [
        90,
        186
      ],
      "a": 132,
      "b": 62
    }
  },
  "sor": {
    "meanK": 33,
    "StddevMultThresh": 1.6028901061693976
  },
  "counting": {
    "general": {
      "voxel_res": 0.007465670376124034,
      "seed_res": 0.017620694124155865
    },
    "lccp1": {
      "color": 0.2981302900561877,
      "space": 0.5098252228554672,
      "normal": 0.5219964321470242,
      "ct": 49.69458576871757,
      "st": 0.1883711969836107
    },
    "lccp2": {
      "color": 0.2921852061145917,
      "space": 0.6754342415683448,
      "normal": 0.24155813276335808,
      "ct": 40.49620394951988,
      "st": 0.6117438406275686
    },
    "global_weights": {
      "w_length": 0.509665598937768,
      "w_cross": 0.5533311889066066,
      "w_volume": 0.9890374691672972
    },
    "ideals": {
      "length": [
        0.0052061035308271905,
        0.02322112269530039
      ],
      "cross": [
        0.4604372417269121,
        1.5637717681116265
      ],
      "volume": [
        7.694847121895559e-08,
        8.393352784820878e-07
      ],
      "k_iter": 3
    }
  }
}