{
  "color_space": {
    "rgb": {
      "r": 138,
      "g": 54,
      "b": 77
    },
    "hsv": {
      "h_lower": 10,
      "h_upper": 172,
      "s": 94,
      "v": 103
    },
    "lab": {
      "l": [
        53,
        190
      ],
      "a": 118,
      "b": 113
    }
  },
  "sor": {
    "meanK": 56,
    "StddevMultThresh": 2.449803704879603
  },
  "counting": {
    "general": {
      "voxel_res": 0.006454110068138294,
      "seed_res": 0.012856565620986657
    },
    "lccp1": {
      "color": 0.16025547931631576,
      "space": 0.6055148603873295,
      "normal": 0.5872836528761957,
      "ct": 102.48590016941249,
      "st": 0.5480267819767358
    },
    "lccp2": {
      "color": 0.20994071384938084,
      "space": 0.266159431431386,
      "normal": 0.3403294551741397,
      "ct": 42.80313811057751,
      "st": 0.8813569985690909
    },
    "global_weights": {
      "w_length": 0.23129991366173094,
      "w_cross": 0.4152873490993314,
      "w_volume": 0.6094018850152332
    },
    "ideals": {
      "length": [
        0.009019353613895715,
        0.023904658242277464
      ],
      "cross": [
        0.6357436204974358,
        1.5617016604504634
      ],
      "volume": [
        7.116268973930454e-08,
        9.156830434354643e-07
      ],
      "k_iter": 2
    }
  }
}