{
  "color_space": {
    "rgb": {
      "r": 182,
      "g": 116,
      "b": 143
    },
    "hsv": {
      "h_lower": 75,
      "h_upper": 167,
      "s": 56,
      "v": 60
    },
    "lab": {
      "l": [
        55,
        160
      ],
      "a": 76,
      "b": 15
    }
  },
  "sor": {
    "meanK": 66,
    "StddevMultThresh": 1.3314113749524557
  },
  "counting": {
    "general": {
      "voxel_res": 0.005153814470131703,
      "seed_res": 0.01498015747218166
    },
    "lccp1": {
      "color": 0.27600806845094017,
      "space": 0.6825890413178279,
      "normal": 0.4190134830427872,
      "ct": 154.83409030655935,
      "st": 0.08865796929130265
    },
    "lccp2": {
      "color": 0.373445349019035,
      "space": 0.2558069237678784,
      "normal": 0.48347453995337847,
      "ct": 167.02970698732688,
      "st": 0.6378133287181373
    },
    "global_weights": {
      "w_length": 0.37499026683017644,
      "w_cross": 0.6444715096588662,
      "w_volume": 0.10977669880780892
    },
    "ideals": {
      "length": [
        0.005574123750276744,
        0.02474380336758328
      ],
      "cross": [
        0.6686584742917563,
        1.5288373889991713
      ],
      "volume": [
        4.931954976796128e-08,
        1.030089929094663e-06
      ],
      "k_iter": 1
    }
  }
}