{
  "color_space": {
    "rgb": {
      "r": 128,
      "g": 193,
      "b": 89
    },
    "hsv": {
      "h_lower": 54,
      "h_upper": 157,
      "s": 65,
      "v": 71
    },
    "lab": {
      "l": [
        63,
        229
      ],
      "a": 144,
      "b": 77
    }
  },
  "sor": {
    "meanK": 48,
    "StddevMultThresh": 1.6313071825428005
  },
  "counting": {
    "general": {
      "voxel_res": 0.006789126621876409,
      "seed_res": 0.022148726553431024
    },
    "lccp1": {
      "color": 0.1981687626835396,
      "space": 0.5182303876748705,
      "normal": 0.3919218174022282,
      "ct": 46.71187228989531,
      "st": 0.39667593719169036
    },
    "lccp2": {
      "color": 0.2682273088183272,
      "space": 0.5583946306546913,
      "normal": 0.5236568481220553,
      "ct": 24.991755583573685,
      "st": 0.8701901346873404
    },
    "global_weights": {
      "w_length": 0.1365607178915948,
      "w_cross": 0.8256199892595786,
      "w_volume": 0.3451539350238977
    },
    "ideals": {
      "length": [
        0.008477759485129152,
        0.023569252678298604
      ],
      "cross": [
        0.4541486153916324,
        1.572526308103472
      ],
      "volume": [
        9.670446202622747e-08,
        1.3228870656230476e-06
      ],
      "k_iter": 4
    }
  }
}