{
  "color_space": {
    "rgb": {
      "r": 168,
      "g": 98,
      "b": 135
    },
    "hsv": {
      "h_lower": 11,
      "h_upper": 152,
      "s": 143,
      "v": 73
    },
    "lab": {
      "l": [
        18,
        252
      ],
      "a": 7,
      "b": 55
    }
  },
  "sor": {
    "meanK": 82,
    "StddevMultThresh": 1.0298686973562015
  },
  "counting": {
    "general": {
      "voxel_res": 0.00780570408407146,
      "seed_res": 0.011283388387618016
    },
    "lccp1": {
      "color": 0.2063562382660233,
      "space": 0.5838778497917254,
      "normal": 0.24679162155775908,
      "ct": 161.86378525310323,
      "st": 0.7442191463539278
    },
    "lccp2": {
      "color": 0.04426628672154127,
      "space": 0.23096939796900468,
      "normal": 0.35343657852195487,
      "ct": 97.88074507990419,
      "st": 0.6471249777055335
    },
    "global_weights": {
      "w_length": 0.48994512366234844,
      "w_cross": 0.2752104603994751,
      "w_volume": 0.8885212544780106
    },
    "ideals": {
      "length": [
        0.005478310346821872,
        0.020447740806432437
      ],
      "cross": [
        0.7942980401306201,
        1.2172012822620755
      ],
      "volume": [
        1.118277331561145e-07,
        8.831027862414262e-07
      ],
      "k_iter": 1
    }
  }
}