{
  "color_space": {
    "rgb": {
      "r": 187,
      "g": 51,
      "b": 157
    },
    "hsv": {
      "h_lower": 71,
      "h_upper": 142,
      "s": 70,
      "v": 83
    },
    "lab": {
      "l": [
        49,
        231
      ],
      "a": 85,
      "b": 88
    }
  },
  "sor": {
    "meanK": 57,
    "StddevMultThresh": 1.0613048566279388
  },
  "counting": {
    "general": {
      "voxel_res": 0.006255881026651367,
      "seed_res": 0.025091009437216122
    },
    "lccp1": {
      "color": 0.13895569874996685,
      "space": 0.7943240492899923,
      "normal": 0.33335035354306686,
      "ct": 18.437213382987263,
      "st": 0.10769251013314629
    },
    "lccp2": {
      "color": 0.3252995407626975,
      "space": 0.51711237259716,
      "normal": 0.5894520405816301,
      "ct": 159.44783863558033,
      "st": 0.8595844124889583
    },
    "global_weights": {
      "w_length": 0.3695783702987804,
      "w_cross": 0.37631283154771955,
      "w_volume": 0.994366559138064
    },
    "ideals": {
      "length": [
        0.007302447745885132,
        0.021383670707003574
      ],
      "cross": [
        0.7368213744594031,
        1.2901888077747143
      ],
      "volume": [
        2.177048201156494e-07,
        1.3902257096299204e-06
      ],
      "k_iter": 1
    }
  }
}