{
  "color_space": {
    "rgb": {
      "r": 100,
      "g": 86,
      "b": 138
    },
    "hsv": {
      "h_lower": 19,
      "h_upper": 109,
      "s": 125,
      "v": 137
    },
    "lab": {
      "l": [
        12,
        244
      ],
      "a": 34,
      "b": 45
    }
  },
  "sor": {
    "meanK": 62,
    "StddevMultThresh": 2.8433996455726955
  },
  "counting": {
    "general": {
      "voxel_res": 0.007457411283852615,
      "seed_res": 0.037893149242328665
    },
    "lccp1": {
      "color": 0.38238564654505447,
      "space": 0.6767091455823804,
      "normal": 0.48935763396629595,
      "ct": 46.448055018513074,
      "st": 0.36739320901407013
    },
    "lccp2": {
      "color": 0.033781317207973595,
      "space": 0.6205739940584927,
      "normal": 0.4421795146633221,
      "ct": 141.53545475975932,
      "st": 0.287490269755296
    },
    "global_weights": {
      "w_length": 0.594689625121339,
      "w_cross": 0.7541403370722918,
      "w_volume": 0.6782305980396716
    },
    "ideals": {
      "length": [
        0.005018168910048705,
        0.022674578734963327
      ],
      "cross": [
        0.7220665779743342,
        1.51546123133505
      ],
      "volume": [
        1.896201175811669e-07,
        1.3760704084188638e-06
      ],
      "k_iter": 2
    }
  }
}