{
  "color_space": {
    "rgb": {
      "r": 141,
      "g": 109,
      "b": 99
    },
    "hsv": {
      "h_lower": 20,
      "h_upper": 179,
      "s": 80,
      "v": 91
    },
    "lab": {
      "l": [
        48,
        190
      ],
      "a": 133,
      "b": 102
    }
  },
  "sor": {
    "meanK": 76,
    "StddevMultThresh": 2.547513052099989
  },
  "counting": {
    "general": {
      "voxel_res": 0.006286913810248109,
      "seed_res": 0.013449988802869295
    },
    "lccp1": {
      "color": 0.32300258446880736,
      "space": 0.6770838439811011,
      "normal": 0.20613725135852137,
      "ct": 121.73641463027309,
      "st": 0.7169928683944191
    },
    "lccp2": {
      "color": 0.36484475398987654,
      "space": 0.5191073721065691,
      "normal": 0.28351008267241073,
      "ct": 42.85557193643831,
      "st": 0.9423412608549615
    },
    "global_weights": {
      "w_length": 0.9443680739946217,
      "w_cross": 0.9200622679304068,
      "w_volume": 0.4401303589725173
    },
    "ideals": {
      "length": [
        0.009919635798221058,
        0.022291528232671005
      ],
      "cross": [
        0.4235508777531921,
        1.2309913472545662
      ],
      "volume": [
        1.9313532947812833e-07,
        1.2541779737958821e-06
      ],
      "k_iter": 4
    }
  }
}