{
  "color_space": {
    "rgb": {
      "r": 145,
      "g": 86,
      "b": 73
    },
    "hsv": {
      "h_lower": 11,
      "h_upper": 174,
      "s": 91,
      "v": 109
    },
    "lab": {
      "l": [
        48,
        197
      ],
      "a": 128,
      "b": 102
    }
  },
  "sor": {
    "meanK": 74,
    "StddevMultThresh": 2.033865208968322
  },
  "counting": {
    "general": {
      "voxel_res": 0.007573516877332527,
      "seed_res": 0.021421963314418112
    },
    "lccp1": {
      "color": 0.022607603045796454,
      "space": 0.5677246303613553,
      "normal": 0.3001747024577938,
      "ct": 27.714166900897492,
      "st": 0.29424112179901174
    },
    "lccp2": {
      "color": 0.11765409442091018,
      "space": 0.7878777711906313,
      "normal": 0.70551535326925,
      "ct": 80.24374981973345,
      "st": 0.01516824333051947
    },
    "global_weights": {
      "w_length": 0.6520631572449197,
      "w_cross": 0.6741747964607073,
      "w_volume": 0.16951423454766157
    },
    "ideals": {
      "length": [
        0.005767446798959459,
        0.022932433915036302
      ],
      "cross": [
        0.7466494071694638,
        1.2160546433470538
      ],
      "volume": [
        1.1101180753045116e-07,
        1.479542982148204e-06
      ],
      "k_iter": 4
    }
  }
}