{
  "color_space": {
    "rgb": {
      "r": 133,
      "g": 195,
      "b": 173
    },
    "hsv": {
      "h_lower": 71,
      "h_upper": 170,
      "s": 127,
      "v": 109
    },
    "lab": {
      "l": [
        46,
        210
      ],
      "a": 23,
      "b": 112
    }
  },
  "sor": {
    "meanK": 32,
    "StddevMultThresh": 2.3417802211541003
  },
  "counting": {
    "general": {
      "voxel_res": 0.00706292551691226,
      "seed_res": 0.0326099619684782
    },
    "lccp1": {
      "color": 0.33545714125478326,
      "space": 0.392983428057976,
      "normal": 0.5804611189474393,
      "ct": 16.73022010425335,
      "st": 0.831052060205568
    },
    "lccp2": {
      "color": 0.23232593793127854,
      "space": 0.24413919519050079,
      "normal": 0.41403892818311705,
      "ct": 158.70760435810067,
      "st": 0.6809147716470381
    },
    "global_weights": {
      "w_length": 0.5268786133325681,
      "w_cross": 0.5535644003569641,
      "w_volume": 0.1238073396867696
    },
    "ideals": {
      "length": [
        0.007022229148512084,
        0.024078751032528024
      ],
      "cross": [
        0.7484698910002,
        1.5094817632884563
      ],
      "volume": [
        3.0848549444610935e-08,
        8.760229032093297e-07
      ],
      "k_iter": 4
    }
  }
}