{
  "color_space": {
    "rgb": {
      "r": 80,
      "g": 91,
      "b": 113
    },
    "hsv": {
      "h_lower": 64,
      "h_upper": 114,
      "s": 68,
      "v": 93
    },
    "lab": {
      "l": [
        47,
        190
      ],
      "a": 124,
      "b": 117
    }
  },
  "sor": {
    "meanK": 59,
    "StddevMultThresh": 1.9002327792390847
  },
  "counting": {
    "general": {
      "voxel_res": 0.006058052892524409,
      "seed_res": 0.02044096715106868
    },
    "lccp1": {
      "color": 0.1378313828827742,
      "space": 0.4679670770352309,
      "normal": 0.5781544719835143,
      "ct": 74.89787634742623,
      "st": 0.4288324447574237
    },
    "lccp2": {
      "color": 0.2774285566106284,
      "space": 0.4969542580969589,
      "normal": 0.5777236984699098,
      "ct": 56.213716587169564,
      "st": 0.3856238600561231
    },
    "global_weights": {
      "w_length": 0.4629146882869227,
      "w_cross": 0.7203550884383398,
      "w_volume": 0.5309407967042381
    },
    "ideals": {
      "length": [
        0.020804786747314608,
        0.07067006424170649
      ],
      "cross": [
        0.6082886453133749,
        1.459961002486683
      ],
      "volume": [
        1.1910115920942996e-07,
        1.0148689825056231e-06
      ],
      "k_iter": 3
    }
  }
}