{
  "color_space": {
    "rgb": {
      "r": 192,
      "g": 172,
      "b": 111
    },
    "hsv": {
      "h_lower": 38,
      "h_upper": 168,
      "s": 113,
      "v": 100
    },
    "lab": {
      "l": [
        42,
        197
      ],
      "a": 141,
      "b": 106
    }
  },
  "sor": {
    "meanK": 60,
    "StddevMultThresh": 2.025039727424629
  },
  "counting": {
    "general": {
      "voxel_res": 0.006669892709625781,
      "seed_res": 0.024491329061268326
    },
    "lccp1": {
      "color": 0.19371314387927915,
      "space": 0.4019666233832698,
      "normal": 0.5881715349070236,
      "ct": 67.3158065465202,
      "st": 0.42622118220654415
    },
    "lccp2": {
      "color": 0.27903716735566586,
      "space": 0.4139929403017755,
      "normal": 0.5880679919534412,
      "ct": 64.94520570379757,
      "st": 0.4219277609588792
    },
    "global_weights": {
      "w_length": 0.5637003575621554,
      "w_cross": 0.651762840559067,
      "w_volume": 0.485010960165392
    },
    "ideals": {
      "length": [
        0.02345740498969662,
        0.0536541096824496
      ],
      "cross": [
        0.6006327228929226,
        1.3769906754503942
      ],
      "volume": [
        1.1912522613436717e-07,
        1.060057331568152e-06
      ],
      "k_iter": 3
    }
  }
}