{
  "color_space": {
    "rgb": {
      "r": 133,
      "g": 112,
      "b": 130
    },
    "hsv": {
      "h_lower": 8,
      "h_upper": 173,
      "s": 83,
      "v": 98
    },
    "lab": {
      "l": [
        41,
        198
      ],
      "a": 125,
      "b": 108
    }
  },
  "sor": {
    "meanK": 88,
    "StddevMultThresh": 1.595642648923545
  },
  "counting": {
    "general": {
      "voxel_res": 0.007115254565262244,
      "seed_res": 0.031267989462424775
    },
    "lccp1": {
      "color": 0.13772861198509653,
      "space": 0.5737105464881713,
      "normal": 0.7864427589864607,
      "ct": 43.68241403744116,
      "st": 0.25068730932984706
    },
    "lccp2": {
      "color": 0.3650406979337856,
      "space": 0.30336560892162756,
      "normal": 0.7454105932591923,
      "ct": 51.30827522288355,
      "st": 0.9461543996877985
    },
    "global_weights": {
      "w_length": 0.62886989952729,
      "w_cross": 0.2455056660879536,
      "w_volume": 0.10063624680711142
    },
    "ideals": {
      "length": [
        0.0067895562250119505,
        0.023601626009978345
      ],
      "cross": [
        0.6382006211695523,
        1.476791599988163
      ],
      "volume": [
        1.8038716906167818e-07,
        1.3917722396779346e-06
      ],
      "k_iter": 4
    }
  }
}