{
  "color_space": {
    "rgb": {
      "r": 154,
      "g": 147,
      "b": 136
    },
    "hsv": {
      "h_lower": 35,
      "h_upper": 101,
      "s": 56,
      "v": 136
    },
    "lab": {
      "l": [
        44,
        208
      ],
      "a": 144,
      "b": 111
    }
  },
  "sor": {
    "meanK": 59,
    "StddevMultThresh": 2.2552274416497777
  },
  "counting": {
    "general": {
      "voxel_res": 0.006651217184133835,
      "seed_res": 0.02844792486992595
    },
    "lccp1": {
      "color": 0.17587424793944037,
      "space": 0.48598628866094074,
      "normal": 0.5444657668737276,
      "ct": 74.26033485213888,
      "st": 0.47998542817911705
    },
    "lccp2": {
      "color": 0.2853477352091892,
      "space": 0.547576803591066,
      "normal": 0.5238165839856311,
      "ct": 59.822949774740195,
      "st": 0.3654297052577688
    },
    "global_weights": {
      "w_length": 0.5010179579460049,
      "w_cross": 0.6581728294025713,
      "w_volume": 0.47729466230752293
    },
    "ideals": {
      "length": [
        0.017267651618775824,
        0.021622652695547556
      ],
      "cross": [
        0.5931252000610426,
        1.3000944925932554
      ],
      "volume": [
        1.1260490139732201e-07,
        1.162644484935481e-06
      ],
      "k_iter": 3
    }
  }
}