{
  "color_space": {
    "rgb": {
      "r": 200,
      "g": 159,
      "b": 65
    },
    "hsv": {
      "h_lower": 33,
      "h_upper": 159,
      "s": 127,
      "v": 97
    },
    "lab": {
      "l": [
        87,
        242
      ],
      "a": 64,
      "b": 10
    }
  },
  "sor": {
    "meanK": 73,
    "StddevMultThresh": 2.6738636079205715
  },
  "counting": {
    "general": {
      "voxel_res": 0.007632750946345053,
      "seed_res": 0.01745070543255416
    },
    "lccp1": {
      "color": 0.3368864780636198,
      "space": 0.5089224867455782,
      "normal": 0.7086508629031008,
      "ct": 55.7370323480106,
      "st": 0.2697439700853338
    },
    "lccp2": {
      "color": 0.16941961424129215,
      "space": 0.41543983115801675,
      "normal": 0.28292607530972297,
      "ct": 136.8662448114357,
      "st": 0.026625160983506313
    },
    "global_weights": {
      "w_length": 0.23413523276475134,
      "w_cross": 0.8268138229630329,
      "w_volume": 0.7417101914159465
    },
    "ideals": {
      "length": [
        0.006086049121247643,
        0.020672203226910546
      ],
      "cross": [
        0.6970419580301095,
        1.5629690904929354
      ],
      "volume": [
        3.6556540456207194e-08,
        1.4014042910876588e-06
      ],
      "k_iter": 4
    }
  }
}