{
  "color_space": {
    "rgb": {
      "r": 91,
      "g": 124,
      "b": 83
    },
    "hsv": {
      "h_lower": 69,
      "h_upper": 106,
      "s": 105,
      "v": 59
    },
    "lab": {
      "l": [
        14,
        187
      ],
      "a": 107,
      "b": 44
    }
  },
  "sor": {
    "meanK": 90,
    "StddevMultThresh": 1.3613934802920997
  },
  "counting": {
    "general": {
      "voxel_res": 0.0055135838475883015,
      "seed_res": 0.02481088676759046
    },
    "lccp1": {
      "color": 0.2571721770916231,
      "space": 0.5552502120746959,
      "normal": 0.7778593250778447,
      "ct": 94.92052650290498,
      "st": 0.9767048980535781
    },
    "lccp2": {
      "color": 0.2546678723929905,
      "space": 0.7074732161385922,
      "normal": 0.6414932579154953,
      "ct": 87.33821322954307,
      "st": 0.1074875341980922
    },
    "global_weights": {
      "w_length": 0.11236794247349903,
      "w_cross": 0.4838225420475978,
      "w_volume": 0.446781199162107
    },
    "ideals": {
      "length": [
        0.00811282902535526,
        0.022744355175465913
      ],
      "cross": [
        0.49476885240846114,
        1.4158669038861735
      ],
      "volume": [
        9.403862171734933e-08,
        7.774236107786504e-07
      ],
      "k_iter": 2
    }
  }
}