{
  "color_space": {
    "rgb": {
      "r": 190,
      "g": 94,
      "b": 188
    },
    "hsv": {
      "h_lower": 60,
      "h_upper": 122,
      "s": 134,
      "v": 62
    },
    "lab": {
      "l": [
        58,
        227
      ],
      "a": 92,
      "b": 162
    }
  },
  "sor": {
    "meanK": 52,
    "StddevMultThresh": 1.9014697745519695
  },
  "counting": {
    "general": {
      "voxel_res": 0.0069273938942030705,
      "seed_res": 0.01194732573326494
    },
    "lccp1": {
      "color": 0.3076732886313434,
      "space": 0.5144558735487531,
      "normal": 0.5060012684796251,
      "ct": 123.18711869934064,
      "st": 0.8923296701965853
    },
    "lccp2": {
      "color": 0.18202344790126335,
      "space": 0.6389079344034203,
      "normal": 0.4107422465781211,
      "ct": 97.38094306033574,
      "st": 0.764931947421389
    },
    "global_weights": {
      "w_length": 0.7792144381613149,
      "w_cross": 0.4251960500310473,
      "w_volume": 0.3005923967087934
    },
    "ideals": {
      "length": [
        0.006181009526261725,
        0.02139091199219366
      ],
      "cross": [
        0.41734475998607606,
        1.280892866818518
      ],
      "volume": [
        1.688773428578356e-07,
        1.3541645800966284e-06
      ],
      "k_iter": 4
    }
  }
}