{
  "color_space": {
    "rgb": {
      "r": 117,
      "g": 83,
      "b": 196
    },
    "hsv": {
      "h_lower": 52,
      "h_upper": 164,
      "s": 116,
      "v": 143
    },
    "lab": {
      "l": [
        76,
        199
      ],
      "a": 117,
      "b": 25
    }
  },
  "sor": {
    "meanK": 50,
    "StddevMultThresh": 2.786056037280895
  },
  "counting": {
    "general": {
      "voxel_res": 0.007998110047040517,
      "seed_res": 0.02264676256390532
    },
    "lccp1": {
      "color": 0.16667087887419646,
      "space": 0.5345803454731515,
      "normal": 0.5391467253190567,
      "ct": 72.88914335108517,
      "st": 0.16487694438811884
    },
    "lccp2": {
      "color": 0.1651058706633362,
      "space": 0.27748166170255417,
      "normal": 0.7883035987171467,
      "ct": 137.40878130796554,
      "st": 0.45062026379065867
    },
    "global_weights": {
      "w_length": 0.21527278402347902,
      "w_cross": 0.22932879822540603,
      "w_volume": 0.146218836610014
    },
    "ideals": {
      "length": [
        0.007737391364050213,
        0.02236242336214367
      ],
      "cross": [
        0.6943448368307121,
        1.5505563209148265
      ],
      "volume": [
        7.334378208541594e-08,
        8.043831264589574e-07
      ],
      "k_iter": 1
    }
  }
}