{
  "color_space": {
    "rgb": {
      "r": 88,
      "g": 136,
      "b": 133
    },
    "hsv": {
      "h_lower": 33,
      "h_upper": 152,
      "s": 85,
      "v": 131
    },
    "lab": {
      "l": [
        23,
        250
      ],
      "a": 140,
      "b": 84
    }
  },
  "sor": {
    "meanK": 36,
    "StddevMultThresh": 1.7613882329267192
  },
  "counting": {
    "general": {
      "voxel_res": 0.00560533177094625,
      "seed_res": 0.021554881702638348
    },
    "lccp1": {
      "color": 0.15804481020077332,
      "space": 0.7947927347534407,
      "normal": 0.22712947730167912,
      "ct": 13.12385317650012,
      "st": 0.6257721204738556
    },
    "lccp2": {
      "color": 0.18369131873444156,
      "space": 0.4627592424864343,
      "normal": 0.5305052220688116,
      "ct": 33.70952707234322,
      "st": 0.36133565248999433
    },
    "global_weights": {
      "w_length": 0.9183631706185958,
      "w_cross": 0.8459305087420038,
      "w_volume": 0.1281445585212085
    },
    "ideals": {
      "length": [
        0.0071570128714744195,
        0.02371776950130476
      ],
      "cross": [
        0.5802820721876565,
        1.216778142293159
      ],
      "volume": [
        1.446985474903562e-07,
        1.489349091287223e-06
      ],
      "k_iter": 4
    }
  }
}