{
  "color_space": {
    "rgb": {
      "r": 56,
      "g": 142,
      "b": 186
    },
    "hsv": {
      "h_lower": 23,
      "h_upper": 166,
      "s": 80,
      "v": 107
    },
    "lab": {
      "l": [
        44,
        206
      ],
      "a": 139,
      "b": 109
    }
  },
  "sor": {
    "meanK": 75,
    "StddevMultThresh": 2.5408751723732257
  },
  "counting": {
    "general": {
      "voxel_res": 0.007164131834642498,
      "seed_res": 0.019120691060303455
    },
    "lccp1": {
      "color": 0.11918270536004312,
      "space": 0.3254149715517982,
      "normal": 0.6026737112870034,
      "ct": 29.032230525503806,
      "st": 0.30694627949378295
    },
    "lccp2": {
      "color": 0.06056298524978696,
      "space": 0.5204059349663885,
      "normal": 0.571067734597509,
      "ct": 157.60031451484534,
      "st": 0.3883567554620241
    },
    "global_weights": {
      "w_length": 0.5124773569654393,
      "w_cross": 0.4786789550013044,
      "w_volume": 0.7531871763551236
    },
    "ideals": {
      "length": [
        0.006759252788192623,
        0.023551705328510746
      ],
      "cross": [
        0.6831034458157668,
        1.3758559164497068
      ],
      "volume": [
        2.1861759672666525e-07,
        1.2570988604638546e-06
      ],
      "k_iter": 4
    }
  }
}