{
  "color_space": {
    "rgb": {
      "r": 65,
      "g": 125,
      "b": 158
    },
    "hsv": {
      "h_lower": 18,
      "h_upper": 175,
      "s": 95,
      "v": 91
    },
    "lab": {
      "l": [
        49,
        197
      ],
      "a": 117,
      "b": 116
    }
  },
  "sor": {
    "meanK": 40,
    "StddevMultThresh": 1.9762406077259407
  },
  "counting": {
    "general": {
      "voxel_res": 0.0070812585194613125,
      "seed_res": 0.029786565772895998
    },
    "lccp1": {
      "color": 0.055578713687353835,
      "space": 0.7222218899805939,
      "normal": 0.5533042360818249,
      "ct": 104.87359199669552,
      "st": 0.2143976063362083
    },
    "lccp2": {
      "color": 0.2196882946511959,
      "space": 0.609951631346255,
      "normal": 0.5719834882006911,
      "ct": 48.55978594918996,
      "st": 0.561488269055445
    },
    "global_weights": {
      "w_length": 0.9217906986072043,
      "w_cross": 0.2675081133770812,
      "w_volume": 0.49910358041380054
    },
    "ideals": {
      "length": [
        0.00934728553008406,
        0.020284097763443296
      ],
      "cross": [
        0.5158718508282092,
        1.52047781075224
      ],
      "volume": [
        8.70706444842353e-08,
        1.1967285636486871e-06
      ],
      "k_iter": 2
    }
  }
}