{
  "color_space": {
    "rgb": {
      "r": 101,
      "g": 110,
      "b": 121
    },
    "hsv": {
      "h_lower": 2,
      "h_upper": 165,
      "s": 95,
      "v": 109
    },
    "lab": {
      "l": [
        44,
        196
      ],
      "a": 125,
      "b": 111
    }
  },
  "sor": {
    "meanK": 89,
    "StddevMultThresh": 2.3121412891810165
  },
  "counting": {
    "general": {
      "voxel_res": 0.005015850115359917,
      "seed_res": 0.01218832357515934
    },
    "lccp1": {
      "color": 0.048927662354260895,
      "space": 0.4525207084484455,
      "normal": 0.42604302336237027,
      "ct": 167.18100565894295,
      "st": 0.022167074720564672
    },
    "lccp2": {
      "color": 0.1545275128848232,
      "space": 0.6846466243286159,
      "normal": 0.6285319454619283,
      "ct": 122.16844792101688,
      "st": 0.4150689886949558
    },
    "global_weights": {
      "w_length": 0.47155437928791544,
      "w_cross": 0.25622688798281346,
      "w_volume": 0.7925267170380902
    },
    "ideals": {
      "length": [
        0.008701165676849722,
        0.021847702982976506
      ],
      "cross": [
        0.5831293934604734,
        1.474234844068333
      ],
      "volume": [
        1.388628343938902e-07,
        1.2251349146380868e-06
      ],
      "k_iter": 2
    }
  }
}