{
  "color_space": {
    "rgb": {
      "r": 134,
      "g": 150,
      "b": 188
    },
    "hsv": {
      "h_lower": 80,
      "h_upper": 101,
      "s": 124,
      "v": 73
    },
    "lab": {
      "l": [
        85,
        223
      ],
      "a": 35,
      "b": 97
    }
  },
  "sor": {
    "meanK": 81,
    "StddevMultThresh": 1.9587033803155762
  },
  "counting": {
    "general": {
      "voxel_res": 0.005900101667734209,
      "seed_res": 0.03260627887134226
    },
    "lccp1": {
      "color": 0.13940616701990924,
      "space": 0.38419051543597726,
      "normal": 0.5599292749210141,
      "ct": 76.85811251148999,
      "st": 0.3881640716646737
    },
    "lccp2": {
      "color": 0.33455480398089965,
      "space": 0.5486739409256112,
      "normal": 0.3114921584897211,
      "ct": 115.4902926967203,
      "st": 0.5493424243072993
    },
    "global_weights": {
      "w_length": 0.7189102287513035,
      "w_cross": 0.19324727973775835,
      "w_volume": 0.18428159501962926
    },
    "ideals": {
      "length": [
        0.007218539712135288,
        0.020023506424157397
      ],
      "cross": [
        0.6991652415330272,
        1.535510578149809
      ],
      "volume": [
        1.8606556121513977e-07,
        1.1593768565804719e-06
      ],
      "k_iter": 3
    }
  }
}